index,carrier_id,mdv_D,mdv_D_start_id,mdv_G,mdv_G_start_id,mdv_BE,mdv_BE_start_id,mdv_H2,mdv_H2_start_id,mdv_PD,mdv_PD_start_id,mdv_PG,mdv_PG_start_id,hdt_D,hdt_D_start_id,hdt_G,hdt_G_start_id,hdt_BE,hdt_BE_start_id,hdt_H2,hdt_H2_start_id,hdt_PD,hdt_PD_start_id,hdt_PG,hdt_PG_start_id,hdv_D,hdv_D_start_id,hdv_G,hdv_G_start_id,hdv_BE,hdv_BE_start_id,hdv_H2,hdv_H2_start_id,hdv_PD,hdv_PD_start_id,hdv_PG,hdv_PG_start_id,ld1_D,ld1_D_start_id,ld1_G,ld1_G_start_id,ld1_BE,ld1_BE_start_id,ld1_H2,ld1_H2_start_id,ld1_PD,ld1_PD_start_id,ld1_PG,ld1_PG_start_id,ld3_D,ld3_D_start_id,ld3_G,ld3_G_start_id,ld3_BE,ld3_BE_start_id,ld3_H2,ld3_H2_start_id,ld3_PD,ld3_PD_start_id,ld3_PG,ld3_PG_start_id
0,6383756_1_mdv,2,0.0,2,2.0,2,4.0,0,6.0,0,6.0,0,6.0,2,6.0,0,8.0,2,8.0,0,10.0,0,10.0,0,10.0,2,10.0,0,12.0,2,12.0,0,14.0,0,14.0,0,14.0,2,14.0,2,16.0,2,18.0,0,20.0,0,20.0,0,20.0,2,20.0,2,22.0,2,24.0,0,26.0,0,26.0,0,26.0
1,6381912_1_mdv,3,26.0,3,29.0,3,32.0,0,35.0,0,35.0,0,35.0,3,35.0,0,38.0,3,38.0,0,41.0,0,41.0,0,41.0,3,41.0,0,44.0,3,44.0,0,47.0,0,47.0,0,47.0,3,47.0,3,50.0,3,53.0,0,56.0,0,56.0,0,56.0,3,56.0,3,59.0,3,62.0,0,65.0,0,65.0,0,65.0
2,6378083_1_mdv,50,65.0,50,115.0,50,165.0,0,215.0,0,215.0,0,215.0,50,215.0,0,265.0,50,265.0,0,315.0,0,315.0,0,315.0,50,315.0,0,365.0,50,365.0,0,415.0,0,415.0,0,415.0,50,415.0,50,465.0,50,515.0,0,565.0,0,565.0,0,565.0,50,565.0,50,615.0,50,665.0,0,715.0,0,715.0,0,715.0
3,6304013_1_mdv,1,715.0,1,716.0,1,717.0,0,718.0,0,718.0,0,718.0,1,718.0,0,719.0,1,719.0,0,720.0,0,720.0,0,720.0,1,720.0,0,721.0,1,721.0,0,722.0,0,722.0,0,722.0,1,722.0,1,723.0,1,724.0,0,725.0,0,725.0,0,725.0,1,725.0,1,726.0,1,727.0,0,728.0,0,728.0,0,728.0
4,6426945_1_mdv,1,728.0,1,729.0,1,730.0,0,731.0,0,731.0,0,731.0,1,731.0,0,732.0,1,732.0,0,733.0,0,733.0,0,733.0,1,733.0,0,734.0,1,734.0,0,735.0,0,735.0,0,735.0,1,735.0,1,736.0,1,737.0,0,738.0,0,738.0,0,738.0,1,738.0,1,739.0,1,740.0,0,741.0,0,741.0,0,741.0
5,6432534_1_mdv,3,741.0,3,744.0,3,747.0,0,750.0,0,750.0,0,750.0,3,750.0,0,753.0,3,753.0,0,756.0,0,756.0,0,756.0,3,756.0,0,759.0,3,759.0,0,762.0,0,762.0,0,762.0,3,762.0,3,765.0,3,768.0,0,771.0,0,771.0,0,771.0,3,771.0,3,774.0,3,777.0,0,780.0,0,780.0,0,780.0
6,6378188_1_hdt,2,780.0,2,782.0,2,784.0,0,786.0,0,786.0,0,786.0,2,786.0,0,788.0,2,788.0,0,790.0,0,790.0,0,790.0,2,790.0,0,792.0,2,792.0,0,794.0,0,794.0,0,794.0,2,794.0,2,796.0,2,798.0,0,800.0,0,800.0,0,800.0,2,800.0,2,802.0,2,804.0,0,806.0,0,806.0,0,806.0
7,6376007_1_hdt,86,806.0,86,892.0,86,978.0,0,1064.0,0,1064.0,0,1064.0,86,1064.0,0,1150.0,86,1150.0,0,1236.0,0,1236.0,0,1236.0,86,1236.0,0,1322.0,86,1322.0,0,1408.0,0,1408.0,0,1408.0,86,1408.0,86,1494.0,86,1580.0,0,1666.0,0,1666.0,0,1666.0,86,1666.0,86,1752.0,86,1838.0,0,1924.0,0,1924.0,0,1924.0
8,6376007_2_hdv,34,1924.0,34,1958.0,34,1992.0,0,2026.0,0,2026.0,0,2026.0,34,2026.0,0,2060.0,34,2060.0,0,2094.0,0,2094.0,0,2094.0,34,2094.0,0,2128.0,34,2128.0,0,2162.0,0,2162.0,0,2162.0,34,2162.0,34,2196.0,34,2230.0,0,2264.0,0,2264.0,0,2264.0,34,2264.0,34,2298.0,34,2332.0,0,2366.0,0,2366.0,0,2366.0
9,5021482_1_mdv,2,2366.0,2,2368.0,2,2370.0,0,2372.0,0,2372.0,0,2372.0,2,2372.0,0,2374.0,2,2374.0,0,2376.0,0,2376.0,0,2376.0,2,2376.0,0,2378.0,2,2378.0,0,2380.0,0,2380.0,0,2380.0,2,2380.0,2,2382.0,2,2384.0,0,2386.0,0,2386.0,0,2386.0,2,2386.0,2,2388.0,2,2390.0,0,2392.0,0,2392.0,0,2392.0
10,7455586_1_mdv,1,2392.0,1,2393.0,1,2394.0,0,2395.0,0,2395.0,0,2395.0,1,2395.0,0,2396.0,1,2396.0,0,2397.0,0,2397.0,0,2397.0,1,2397.0,0,2398.0,1,2398.0,0,2399.0,0,2399.0,0,2399.0,1,2399.0,1,2400.0,1,2401.0,0,2402.0,0,2402.0,0,2402.0,1,2402.0,1,2403.0,1,2404.0,0,2405.0,0,2405.0,0,2405.0
11,6433720_1_mdv,6,2405.0,6,2411.0,6,2417.0,0,2423.0,0,2423.0,0,2423.0,6,2423.0,0,2429.0,6,2429.0,0,2435.0,0,2435.0,0,2435.0,6,2435.0,0,2441.0,6,2441.0,0,2447.0,0,2447.0,0,2447.0,6,2447.0,6,2453.0,6,2459.0,0,2465.0,0,2465.0,0,2465.0,6,2465.0,6,2471.0,6,2477.0,0,2483.0,0,2483.0,0,2483.0
12,6375228_1_mdv,20,2483.0,20,2503.0,20,2523.0,0,2543.0,0,2543.0,0,2543.0,20,2543.0,0,2563.0,20,2563.0,0,2583.0,0,2583.0,0,2583.0,20,2583.0,0,2603.0,20,2603.0,0,2623.0,0,2623.0,0,2623.0,20,2623.0,20,2643.0,20,2663.0,0,2683.0,0,2683.0,0,2683.0,20,2683.0,20,2703.0,20,2723.0,0,2743.0,0,2743.0,0,2743.0
13,6378283_1_mdv,3,2743.0,3,2746.0,3,2749.0,0,2752.0,0,2752.0,0,2752.0,3,2752.0,0,2755.0,3,2755.0,0,2758.0,0,2758.0,0,2758.0,3,2758.0,0,2761.0,3,2761.0,0,2764.0,0,2764.0,0,2764.0,3,2764.0,3,2767.0,3,2770.0,0,2773.0,0,2773.0,0,2773.0,3,2773.0,3,2776.0,3,2779.0,0,2782.0,0,2782.0,0,2782.0
14,6434310_1_mdv,2,2782.0,2,2784.0,2,2786.0,0,2788.0,0,2788.0,0,2788.0,2,2788.0,0,2790.0,2,2790.0,0,2792.0,0,2792.0,0,2792.0,2,2792.0,0,2794.0,2,2794.0,0,2796.0,0,2796.0,0,2796.0,2,2796.0,2,2798.0,2,2800.0,0,2802.0,0,2802.0,0,2802.0,2,2802.0,2,2804.0,2,2806.0,0,2808.0,0,2808.0,0,2808.0
15,6377853_2_hdt,1,2808.0,1,2809.0,1,2810.0,0,2811.0,0,2811.0,0,2811.0,1,2811.0,0,2812.0,1,2812.0,0,2813.0,0,2813.0,0,2813.0,1,2813.0,0,2814.0,1,2814.0,0,2815.0,0,2815.0,0,2815.0,1,2815.0,1,2816.0,1,2817.0,0,2818.0,0,2818.0,0,2818.0,1,2818.0,1,2819.0,1,2820.0,0,2821.0,0,2821.0,0,2821.0
16,6376593_1_hdt,9,2821.0,9,2830.0,9,2839.0,0,2848.0,0,2848.0,0,2848.0,9,2848.0,0,2857.0,9,2857.0,0,2866.0,0,2866.0,0,2866.0,9,2866.0,0,2875.0,9,2875.0,0,2884.0,0,2884.0,0,2884.0,9,2884.0,9,2893.0,9,2902.0,0,2911.0,0,2911.0,0,2911.0,9,2911.0,9,2920.0,9,2929.0,0,2938.0,0,2938.0,0,2938.0
17,5040251_1_mdv,2,2938.0,2,2940.0,2,2942.0,0,2944.0,0,2944.0,0,2944.0,2,2944.0,0,2946.0,2,2946.0,0,2948.0,0,2948.0,0,2948.0,2,2948.0,0,2950.0,2,2950.0,0,2952.0,0,2952.0,0,2952.0,2,2952.0,2,2954.0,2,2956.0,0,2958.0,0,2958.0,0,2958.0,2,2958.0,2,2960.0,2,2962.0,0,2964.0,0,2964.0,0,2964.0
18,5001339_1_mdv,1,2964.0,1,2965.0,1,2966.0,0,2967.0,0,2967.0,0,2967.0,1,2967.0,0,2968.0,1,2968.0,0,2969.0,0,2969.0,0,2969.0,1,2969.0,0,2970.0,1,2970.0,0,2971.0,0,2971.0,0,2971.0,1,2971.0,1,2972.0,1,2973.0,0,2974.0,0,2974.0,0,2974.0,1,2974.0,1,2975.0,1,2976.0,0,2977.0,0,2977.0,0,2977.0
19,6404074_1_mdv,3,2977.0,3,2980.0,3,2983.0,0,2986.0,0,2986.0,0,2986.0,3,2986.0,0,2989.0,3,2989.0,0,2992.0,0,2992.0,0,2992.0,3,2992.0,0,2995.0,3,2995.0,0,2998.0,0,2998.0,0,2998.0,3,2998.0,3,3001.0,3,3004.0,0,3007.0,0,3007.0,0,3007.0,3,3007.0,3,3010.0,3,3013.0,0,3016.0,0,3016.0,0,3016.0
20,6378045_2_mdv,53,3016.0,53,3069.0,53,3122.0,0,3175.0,0,3175.0,0,3175.0,53,3175.0,0,3228.0,53,3228.0,0,3281.0,0,3281.0,0,3281.0,53,3281.0,0,3334.0,53,3334.0,0,3387.0,0,3387.0,0,3387.0,53,3387.0,53,3440.0,53,3493.0,0,3546.0,0,3546.0,0,3546.0,53,3546.0,53,3599.0,53,3652.0,0,3705.0,0,3705.0,0,3705.0
21,6378045_1_ld1,7,3705.0,7,3712.0,7,3719.0,0,3726.0,0,3726.0,0,3726.0,7,3726.0,0,3733.0,7,3733.0,0,3740.0,0,3740.0,0,3740.0,7,3740.0,0,3747.0,7,3747.0,0,3754.0,0,3754.0,0,3754.0,7,3754.0,7,3761.0,7,3768.0,0,3775.0,0,3775.0,0,3775.0,7,3775.0,7,3782.0,7,3789.0,0,3796.0,0,3796.0,0,3796.0
22,6378045_1_hdt,7,3796.0,7,3803.0,7,3810.0,0,3817.0,0,3817.0,0,3817.0,7,3817.0,0,3824.0,7,3824.0,0,3831.0,0,3831.0,0,3831.0,7,3831.0,0,3838.0,7,3838.0,0,3845.0,0,3845.0,0,3845.0,7,3845.0,7,3852.0,7,3859.0,0,3866.0,0,3866.0,0,3866.0,7,3866.0,7,3873.0,7,3880.0,0,3887.0,0,3887.0,0,3887.0
23,6378797_1_mdv,2,3887.0,2,3889.0,2,3891.0,0,3893.0,0,3893.0,0,3893.0,2,3893.0,0,3895.0,2,3895.0,0,3897.0,0,3897.0,0,3897.0,2,3897.0,0,3899.0,2,3899.0,0,3901.0,0,3901.0,0,3901.0,2,3901.0,2,3903.0,2,3905.0,0,3907.0,0,3907.0,0,3907.0,2,3907.0,2,3909.0,2,3911.0,0,3913.0,0,3913.0,0,3913.0
24,6437410_1_mdv,1,3913.0,1,3914.0,1,3915.0,0,3916.0,0,3916.0,0,3916.0,1,3916.0,0,3917.0,1,3917.0,0,3918.0,0,3918.0,0,3918.0,1,3918.0,0,3919.0,1,3919.0,0,3920.0,0,3920.0,0,3920.0,1,3920.0,1,3921.0,1,3922.0,0,3923.0,0,3923.0,0,3923.0,1,3923.0,1,3924.0,1,3925.0,0,3926.0,0,3926.0,0,3926.0
25,6378297_1_mdv,26,3926.0,26,3952.0,26,3978.0,0,4004.0,0,4004.0,0,4004.0,26,4004.0,0,4030.0,26,4030.0,0,4056.0,0,4056.0,0,4056.0,26,4056.0,0,4082.0,26,4082.0,0,4108.0,0,4108.0,0,4108.0,26,4108.0,26,4134.0,26,4160.0,0,4186.0,0,4186.0,0,4186.0,26,4186.0,26,4212.0,26,4238.0,0,4264.0,0,4264.0,0,4264.0
26,6382734_1_mdv,3,4264.0,3,4267.0,3,4270.0,0,4273.0,0,4273.0,0,4273.0,3,4273.0,0,4276.0,3,4276.0,0,4279.0,0,4279.0,0,4279.0,3,4279.0,0,4282.0,3,4282.0,0,4285.0,0,4285.0,0,4285.0,3,4285.0,3,4288.0,3,4291.0,0,4294.0,0,4294.0,0,4294.0,3,4294.0,3,4297.0,3,4300.0,0,4303.0,0,4303.0,0,4303.0
27,6375926_1_mdv,4,4303.0,4,4307.0,4,4311.0,0,4315.0,0,4315.0,0,4315.0,4,4315.0,0,4319.0,4,4319.0,0,4323.0,0,4323.0,0,4323.0,4,4323.0,0,4327.0,4,4327.0,0,4331.0,0,4331.0,0,4331.0,4,4331.0,4,4335.0,4,4339.0,0,4343.0,0,4343.0,0,4343.0,4,4343.0,4,4347.0,4,4351.0,0,4355.0,0,4355.0,0,4355.0
28,6375634_1_mdv,13,4355.0,13,4368.0,13,4381.0,0,4394.0,0,4394.0,0,4394.0,13,4394.0,0,4407.0,13,4407.0,0,4420.0,0,4420.0,0,4420.0,13,4420.0,0,4433.0,13,4433.0,0,4446.0,0,4446.0,0,4446.0,13,4446.0,13,4459.0,13,4472.0,0,4485.0,0,4485.0,0,4485.0,13,4485.0,13,4498.0,13,4511.0,0,4524.0,0,4524.0,0,4524.0
29,6375341_1_mdv,16,4524.0,16,4540.0,16,4556.0,0,4572.0,0,4572.0,0,4572.0,16,4572.0,0,4588.0,16,4588.0,0,4604.0,0,4604.0,0,4604.0,16,4604.0,0,4620.0,16,4620.0,0,4636.0,0,4636.0,0,4636.0,16,4636.0,16,4652.0,16,4668.0,0,4684.0,0,4684.0,0,4684.0,16,4684.0,16,4700.0,16,4716.0,0,4732.0,0,4732.0,0,4732.0
30,6378178_1_mdv,26,4732.0,26,4758.0,26,4784.0,0,4810.0,0,4810.0,0,4810.0,26,4810.0,0,4836.0,26,4836.0,0,4862.0,0,4862.0,0,4862.0,26,4862.0,0,4888.0,26,4888.0,0,4914.0,0,4914.0,0,4914.0,26,4914.0,26,4940.0,26,4966.0,0,4992.0,0,4992.0,0,4992.0,26,4992.0,26,5018.0,26,5044.0,0,5070.0,0,5070.0,0,5070.0
31,6383854_1_mdv,3,5070.0,3,5073.0,3,5076.0,0,5079.0,0,5079.0,0,5079.0,3,5079.0,0,5082.0,3,5082.0,0,5085.0,0,5085.0,0,5085.0,3,5085.0,0,5088.0,3,5088.0,0,5091.0,0,5091.0,0,5091.0,3,5091.0,3,5094.0,3,5097.0,0,5100.0,0,5100.0,0,5100.0,3,5100.0,3,5103.0,3,5106.0,0,5109.0,0,5109.0,0,5109.0
32,6435004_1_mdv,6,5109.0,6,5115.0,6,5121.0,0,5127.0,0,5127.0,0,5127.0,6,5127.0,0,5133.0,6,5133.0,0,5139.0,0,5139.0,0,5139.0,6,5139.0,0,5145.0,6,5145.0,0,5151.0,0,5151.0,0,5151.0,6,5151.0,6,5157.0,6,5163.0,0,5169.0,0,5169.0,0,5169.0,6,5169.0,6,5175.0,6,5181.0,0,5187.0,0,5187.0,0,5187.0
33,6402824_1_mdv,3,5187.0,3,5190.0,3,5193.0,0,5196.0,0,5196.0,0,5196.0,3,5196.0,0,5199.0,3,5199.0,0,5202.0,0,5202.0,0,5202.0,3,5202.0,0,5205.0,3,5205.0,0,5208.0,0,5208.0,0,5208.0,3,5208.0,3,5211.0,3,5214.0,0,5217.0,0,5217.0,0,5217.0,3,5217.0,3,5220.0,3,5223.0,0,5226.0,0,5226.0,0,5226.0
34,6315061_1_mdv,4,5226.0,4,5230.0,4,5234.0,0,5238.0,0,5238.0,0,5238.0,4,5238.0,0,5242.0,4,5242.0,0,5246.0,0,5246.0,0,5246.0,4,5246.0,0,5250.0,4,5250.0,0,5254.0,0,5254.0,0,5254.0,4,5254.0,4,5258.0,4,5262.0,0,5266.0,0,5266.0,0,5266.0,4,5266.0,4,5270.0,4,5274.0,0,5278.0,0,5278.0,0,5278.0
35,6436127_1_mdv,3,5278.0,3,5281.0,3,5284.0,0,5287.0,0,5287.0,0,5287.0,3,5287.0,0,5290.0,3,5290.0,0,5293.0,0,5293.0,0,5293.0,3,5293.0,0,5296.0,3,5296.0,0,5299.0,0,5299.0,0,5299.0,3,5299.0,3,5302.0,3,5305.0,0,5308.0,0,5308.0,0,5308.0,3,5308.0,3,5311.0,3,5314.0,0,5317.0,0,5317.0,0,5317.0
36,7189741_3_mdv,2,5317.0,2,5319.0,2,5321.0,0,5323.0,0,5323.0,0,5323.0,2,5323.0,0,5325.0,2,5325.0,0,5327.0,0,5327.0,0,5327.0,2,5327.0,0,5329.0,2,5329.0,0,5331.0,0,5331.0,0,5331.0,2,5331.0,2,5333.0,2,5335.0,0,5337.0,0,5337.0,0,5337.0,2,5337.0,2,5339.0,2,5341.0,0,5343.0,0,5343.0,0,5343.0
37,6298425_1_mdv,5,5343.0,5,5348.0,5,5353.0,0,5358.0,0,5358.0,0,5358.0,5,5358.0,0,5363.0,5,5363.0,0,5368.0,0,5368.0,0,5368.0,5,5368.0,0,5373.0,5,5373.0,0,5378.0,0,5378.0,0,5378.0,5,5378.0,5,5383.0,5,5388.0,0,5393.0,0,5393.0,0,5393.0,5,5393.0,5,5398.0,5,5403.0,0,5408.0,0,5408.0,0,5408.0
38,4954481_1_mdv,3,5408.0,3,5411.0,3,5414.0,0,5417.0,0,5417.0,0,5417.0,3,5417.0,0,5420.0,3,5420.0,0,5423.0,0,5423.0,0,5423.0,3,5423.0,0,5426.0,3,5426.0,0,5429.0,0,5429.0,0,5429.0,3,5429.0,3,5432.0,3,5435.0,0,5438.0,0,5438.0,0,5438.0,3,5438.0,3,5441.0,3,5444.0,0,5447.0,0,5447.0,0,5447.0
39,6378597_1_hdt,2,5447.0,2,5449.0,2,5451.0,0,5453.0,0,5453.0,0,5453.0,2,5453.0,0,5455.0,2,5455.0,0,5457.0,0,5457.0,0,5457.0,2,5457.0,0,5459.0,2,5459.0,0,5461.0,0,5461.0,0,5461.0,2,5461.0,2,5463.0,2,5465.0,0,5467.0,0,5467.0,0,5467.0,2,5467.0,2,5469.0,2,5471.0,0,5473.0,0,5473.0,0,5473.0
40,6382309_1_mdv,5,5473.0,5,5478.0,5,5483.0,0,5488.0,0,5488.0,0,5488.0,5,5488.0,0,5493.0,5,5493.0,0,5498.0,0,5498.0,0,5498.0,5,5498.0,0,5503.0,5,5503.0,0,5508.0,0,5508.0,0,5508.0,5,5508.0,5,5513.0,5,5518.0,0,5523.0,0,5523.0,0,5523.0,5,5523.0,5,5528.0,5,5533.0,0,5538.0,0,5538.0,0,5538.0
41,5012067_2_mdv,2,5538.0,2,5540.0,2,5542.0,0,5544.0,0,5544.0,0,5544.0,2,5544.0,0,5546.0,2,5546.0,0,5548.0,0,5548.0,0,5548.0,2,5548.0,0,5550.0,2,5550.0,0,5552.0,0,5552.0,0,5552.0,2,5552.0,2,5554.0,2,5556.0,0,5558.0,0,5558.0,0,5558.0,2,5558.0,2,5560.0,2,5562.0,0,5564.0,0,5564.0,0,5564.0
42,6376536_1_mdv,7,5564.0,7,5571.0,7,5578.0,0,5585.0,0,5585.0,0,5585.0,7,5585.0,0,5592.0,7,5592.0,0,5599.0,0,5599.0,0,5599.0,7,5599.0,0,5606.0,7,5606.0,0,5613.0,0,5613.0,0,5613.0,7,5613.0,7,5620.0,7,5627.0,0,5634.0,0,5634.0,0,5634.0,7,5634.0,7,5641.0,7,5648.0,0,5655.0,0,5655.0,0,5655.0
43,6382746_1_mdv,3,5655.0,3,5658.0,3,5661.0,0,5664.0,0,5664.0,0,5664.0,3,5664.0,0,5667.0,3,5667.0,0,5670.0,0,5670.0,0,5670.0,3,5670.0,0,5673.0,3,5673.0,0,5676.0,0,5676.0,0,5676.0,3,5676.0,3,5679.0,3,5682.0,0,5685.0,0,5685.0,0,5685.0,3,5685.0,3,5688.0,3,5691.0,0,5694.0,0,5694.0,0,5694.0
44,6379438_1_mdv,1,5694.0,1,5695.0,1,5696.0,0,5697.0,0,5697.0,0,5697.0,1,5697.0,0,5698.0,1,5698.0,0,5699.0,0,5699.0,0,5699.0,1,5699.0,0,5700.0,1,5700.0,0,5701.0,0,5701.0,0,5701.0,1,5701.0,1,5702.0,1,5703.0,0,5704.0,0,5704.0,0,5704.0,1,5704.0,1,5705.0,1,5706.0,0,5707.0,0,5707.0,0,5707.0
45,7367166_1_mdv,2,5707.0,2,5709.0,2,5711.0,0,5713.0,0,5713.0,0,5713.0,2,5713.0,0,5715.0,2,5715.0,0,5717.0,0,5717.0,0,5717.0,2,5717.0,0,5719.0,2,5719.0,0,5721.0,0,5721.0,0,5721.0,2,5721.0,2,5723.0,2,5725.0,0,5727.0,0,5727.0,0,5727.0,2,5727.0,2,5729.0,2,5731.0,0,5733.0,0,5733.0,0,5733.0
46,7371622_1_mdv,3,5733.0,3,5736.0,3,5739.0,0,5742.0,0,5742.0,0,5742.0,3,5742.0,0,5745.0,3,5745.0,0,5748.0,0,5748.0,0,5748.0,3,5748.0,0,5751.0,3,5751.0,0,5754.0,0,5754.0,0,5754.0,3,5754.0,3,5757.0,3,5760.0,0,5763.0,0,5763.0,0,5763.0,3,5763.0,3,5766.0,3,5769.0,0,5772.0,0,5772.0,0,5772.0
47,6402811_2_hdv,1,5772.0,1,5773.0,1,5774.0,0,5775.0,0,5775.0,0,5775.0,1,5775.0,0,5776.0,1,5776.0,0,5777.0,0,5777.0,0,5777.0,1,5777.0,0,5778.0,1,5778.0,0,5779.0,0,5779.0,0,5779.0,1,5779.0,1,5780.0,1,5781.0,0,5782.0,0,5782.0,0,5782.0,1,5782.0,1,5783.0,1,5784.0,0,5785.0,0,5785.0,0,5785.0
48,7367680_1_mdv,2,5785.0,2,5787.0,2,5789.0,0,5791.0,0,5791.0,0,5791.0,2,5791.0,0,5793.0,2,5793.0,0,5795.0,0,5795.0,0,5795.0,2,5795.0,0,5797.0,2,5797.0,0,5799.0,0,5799.0,0,5799.0,2,5799.0,2,5801.0,2,5803.0,0,5805.0,0,5805.0,0,5805.0,2,5805.0,2,5807.0,2,5809.0,0,5811.0,0,5811.0,0,5811.0
49,4966979_1_mdv,4,5811.0,4,5815.0,4,5819.0,0,5823.0,0,5823.0,0,5823.0,4,5823.0,0,5827.0,4,5827.0,0,5831.0,0,5831.0,0,5831.0,4,5831.0,0,5835.0,4,5835.0,0,5839.0,0,5839.0,0,5839.0,4,5839.0,4,5843.0,4,5847.0,0,5851.0,0,5851.0,0,5851.0,4,5851.0,4,5855.0,4,5859.0,0,5863.0,0,5863.0,0,5863.0
50,6382523_1_mdv,1,5863.0,1,5864.0,1,5865.0,0,5866.0,0,5866.0,0,5866.0,1,5866.0,0,5867.0,1,5867.0,0,5868.0,0,5868.0,0,5868.0,1,5868.0,0,5869.0,1,5869.0,0,5870.0,0,5870.0,0,5870.0,1,5870.0,1,5871.0,1,5872.0,0,5873.0,0,5873.0,0,5873.0,1,5873.0,1,5874.0,1,5875.0,0,5876.0,0,5876.0,0,5876.0
51,6403598_1_mdv,2,5876.0,2,5878.0,2,5880.0,0,5882.0,0,5882.0,0,5882.0,2,5882.0,0,5884.0,2,5884.0,0,5886.0,0,5886.0,0,5886.0,2,5886.0,0,5888.0,2,5888.0,0,5890.0,0,5890.0,0,5890.0,2,5890.0,2,5892.0,2,5894.0,0,5896.0,0,5896.0,0,5896.0,2,5896.0,2,5898.0,2,5900.0,0,5902.0,0,5902.0,0,5902.0
52,6377137_1_mdv,12,5902.0,12,5914.0,12,5926.0,0,5938.0,0,5938.0,0,5938.0,12,5938.0,0,5950.0,12,5950.0,0,5962.0,0,5962.0,0,5962.0,12,5962.0,0,5974.0,12,5974.0,0,5986.0,0,5986.0,0,5986.0,12,5986.0,12,5998.0,12,6010.0,0,6022.0,0,6022.0,0,6022.0,12,6022.0,12,6034.0,12,6046.0,0,6058.0,0,6058.0,0,6058.0
53,6425090_1_hdt,1,6058.0,1,6059.0,1,6060.0,0,6061.0,0,6061.0,0,6061.0,1,6061.0,0,6062.0,1,6062.0,0,6063.0,0,6063.0,0,6063.0,1,6063.0,0,6064.0,1,6064.0,0,6065.0,0,6065.0,0,6065.0,1,6065.0,1,6066.0,1,6067.0,0,6068.0,0,6068.0,0,6068.0,1,6068.0,1,6069.0,1,6070.0,0,6071.0,0,6071.0,0,6071.0
54,6438989_1_hdt,1,6071.0,1,6072.0,1,6073.0,0,6074.0,0,6074.0,0,6074.0,1,6074.0,0,6075.0,1,6075.0,0,6076.0,0,6076.0,0,6076.0,1,6076.0,0,6077.0,1,6077.0,0,6078.0,0,6078.0,0,6078.0,1,6078.0,1,6079.0,1,6080.0,0,6081.0,0,6081.0,0,6081.0,1,6081.0,1,6082.0,1,6083.0,0,6084.0,0,6084.0,0,6084.0
55,6438989_4_ld3,1,6084.0,1,6085.0,1,6086.0,0,6087.0,0,6087.0,0,6087.0,1,6087.0,0,6088.0,1,6088.0,0,6089.0,0,6089.0,0,6089.0,1,6089.0,0,6090.0,1,6090.0,0,6091.0,0,6091.0,0,6091.0,1,6091.0,1,6092.0,1,6093.0,0,6094.0,0,6094.0,0,6094.0,1,6094.0,1,6095.0,1,6096.0,0,6097.0,0,6097.0,0,6097.0
56,7369806_1_mdv,4,6097.0,4,6101.0,4,6105.0,0,6109.0,0,6109.0,0,6109.0,4,6109.0,0,6113.0,4,6113.0,0,6117.0,0,6117.0,0,6117.0,4,6117.0,0,6121.0,4,6121.0,0,6125.0,0,6125.0,0,6125.0,4,6125.0,4,6129.0,4,6133.0,0,6137.0,0,6137.0,0,6137.0,4,6137.0,4,6141.0,4,6145.0,0,6149.0,0,6149.0,0,6149.0
57,6427392_1_hdt,1,6149.0,1,6150.0,1,6151.0,0,6152.0,0,6152.0,0,6152.0,1,6152.0,0,6153.0,1,6153.0,0,6154.0,0,6154.0,0,6154.0,1,6154.0,0,6155.0,1,6155.0,0,6156.0,0,6156.0,0,6156.0,1,6156.0,1,6157.0,1,6158.0,0,6159.0,0,6159.0,0,6159.0,1,6159.0,1,6160.0,1,6161.0,0,6162.0,0,6162.0,0,6162.0
58,5019957_1_hdt,1,6162.0,1,6163.0,1,6164.0,0,6165.0,0,6165.0,0,6165.0,1,6165.0,0,6166.0,1,6166.0,0,6167.0,0,6167.0,0,6167.0,1,6167.0,0,6168.0,1,6168.0,0,6169.0,0,6169.0,0,6169.0,1,6169.0,1,6170.0,1,6171.0,0,6172.0,0,6172.0,0,6172.0,1,6172.0,1,6173.0,1,6174.0,0,6175.0,0,6175.0,0,6175.0
59,5019957_4_hdt,2,6175.0,2,6177.0,2,6179.0,0,6181.0,0,6181.0,0,6181.0,2,6181.0,0,6183.0,2,6183.0,0,6185.0,0,6185.0,0,6185.0,2,6185.0,0,6187.0,2,6187.0,0,6189.0,0,6189.0,0,6189.0,2,6189.0,2,6191.0,2,6193.0,0,6195.0,0,6195.0,0,6195.0,2,6195.0,2,6197.0,2,6199.0,0,6201.0,0,6201.0,0,6201.0
60,5017346_1_hdt,6,6201.0,6,6207.0,6,6213.0,0,6219.0,0,6219.0,0,6219.0,6,6219.0,0,6225.0,6,6225.0,0,6231.0,0,6231.0,0,6231.0,6,6231.0,0,6237.0,6,6237.0,0,6243.0,0,6243.0,0,6243.0,6,6243.0,6,6249.0,6,6255.0,0,6261.0,0,6261.0,0,6261.0,6,6261.0,6,6267.0,6,6273.0,0,6279.0,0,6279.0,0,6279.0
61,7371688_2_hdv,1,6279.0,1,6280.0,1,6281.0,0,6282.0,0,6282.0,0,6282.0,1,6282.0,0,6283.0,1,6283.0,0,6284.0,0,6284.0,0,6284.0,1,6284.0,0,6285.0,1,6285.0,0,6286.0,0,6286.0,0,6286.0,1,6286.0,1,6287.0,1,6288.0,0,6289.0,0,6289.0,0,6289.0,1,6289.0,1,6290.0,1,6291.0,0,6292.0,0,6292.0,0,6292.0
62,5045061_1_mdv,2,6292.0,2,6294.0,2,6296.0,0,6298.0,0,6298.0,0,6298.0,2,6298.0,0,6300.0,2,6300.0,0,6302.0,0,6302.0,0,6302.0,2,6302.0,0,6304.0,2,6304.0,0,6306.0,0,6306.0,0,6306.0,2,6306.0,2,6308.0,2,6310.0,0,6312.0,0,6312.0,0,6312.0,2,6312.0,2,6314.0,2,6316.0,0,6318.0,0,6318.0,0,6318.0
63,6435928_1_mdv,2,6318.0,2,6320.0,2,6322.0,0,6324.0,0,6324.0,0,6324.0,2,6324.0,0,6326.0,2,6326.0,0,6328.0,0,6328.0,0,6328.0,2,6328.0,0,6330.0,2,6330.0,0,6332.0,0,6332.0,0,6332.0,2,6332.0,2,6334.0,2,6336.0,0,6338.0,0,6338.0,0,6338.0,2,6338.0,2,6340.0,2,6342.0,0,6344.0,0,6344.0,0,6344.0
64,5032291_1_mdv,2,6344.0,2,6346.0,2,6348.0,0,6350.0,0,6350.0,0,6350.0,2,6350.0,0,6352.0,2,6352.0,0,6354.0,0,6354.0,0,6354.0,2,6354.0,0,6356.0,2,6356.0,0,6358.0,0,6358.0,0,6358.0,2,6358.0,2,6360.0,2,6362.0,0,6364.0,0,6364.0,0,6364.0,2,6364.0,2,6366.0,2,6368.0,0,6370.0,0,6370.0,0,6370.0
65,6436255_3_mdv,3,6370.0,3,6373.0,3,6376.0,0,6379.0,0,6379.0,0,6379.0,3,6379.0,0,6382.0,3,6382.0,0,6385.0,0,6385.0,0,6385.0,3,6385.0,0,6388.0,3,6388.0,0,6391.0,0,6391.0,0,6391.0,3,6391.0,3,6394.0,3,6397.0,0,6400.0,0,6400.0,0,6400.0,3,6400.0,3,6403.0,3,6406.0,0,6409.0,0,6409.0,0,6409.0
66,6436255_2_ld3,3,6409.0,3,6412.0,3,6415.0,0,6418.0,0,6418.0,0,6418.0,3,6418.0,0,6421.0,3,6421.0,0,6424.0,0,6424.0,0,6424.0,3,6424.0,0,6427.0,3,6427.0,0,6430.0,0,6430.0,0,6430.0,3,6430.0,3,6433.0,3,6436.0,0,6439.0,0,6439.0,0,6439.0,3,6439.0,3,6442.0,3,6445.0,0,6448.0,0,6448.0,0,6448.0
67,6314660_1_mdv,2,6448.0,2,6450.0,2,6452.0,0,6454.0,0,6454.0,0,6454.0,2,6454.0,0,6456.0,2,6456.0,0,6458.0,0,6458.0,0,6458.0,2,6458.0,0,6460.0,2,6460.0,0,6462.0,0,6462.0,0,6462.0,2,6462.0,2,6464.0,2,6466.0,0,6468.0,0,6468.0,0,6468.0,2,6468.0,2,6470.0,2,6472.0,0,6474.0,0,6474.0,0,6474.0
68,7359274_1_mdv,1,6474.0,1,6475.0,1,6476.0,0,6477.0,0,6477.0,0,6477.0,1,6477.0,0,6478.0,1,6478.0,0,6479.0,0,6479.0,0,6479.0,1,6479.0,0,6480.0,1,6480.0,0,6481.0,0,6481.0,0,6481.0,1,6481.0,1,6482.0,1,6483.0,0,6484.0,0,6484.0,0,6484.0,1,6484.0,1,6485.0,1,6486.0,0,6487.0,0,6487.0,0,6487.0
69,7442505_1_mdv,6,6487.0,6,6493.0,6,6499.0,0,6505.0,0,6505.0,0,6505.0,6,6505.0,0,6511.0,6,6511.0,0,6517.0,0,6517.0,0,6517.0,6,6517.0,0,6523.0,6,6523.0,0,6529.0,0,6529.0,0,6529.0,6,6529.0,6,6535.0,6,6541.0,0,6547.0,0,6547.0,0,6547.0,6,6547.0,6,6553.0,6,6559.0,0,6565.0,0,6565.0,0,6565.0
70,7195931_1_mdv,5,6565.0,5,6570.0,5,6575.0,0,6580.0,0,6580.0,0,6580.0,5,6580.0,0,6585.0,5,6585.0,0,6590.0,0,6590.0,0,6590.0,5,6590.0,0,6595.0,5,6595.0,0,6600.0,0,6600.0,0,6600.0,5,6600.0,5,6605.0,5,6610.0,0,6615.0,0,6615.0,0,6615.0,5,6615.0,5,6620.0,5,6625.0,0,6630.0,0,6630.0,0,6630.0
71,4954771_2_mdv,2,6630.0,2,6632.0,2,6634.0,0,6636.0,0,6636.0,0,6636.0,2,6636.0,0,6638.0,2,6638.0,0,6640.0,0,6640.0,0,6640.0,2,6640.0,0,6642.0,2,6642.0,0,6644.0,0,6644.0,0,6644.0,2,6644.0,2,6646.0,2,6648.0,0,6650.0,0,6650.0,0,6650.0,2,6650.0,2,6652.0,2,6654.0,0,6656.0,0,6656.0,0,6656.0
72,4991105_1_mdv,1,6656.0,1,6657.0,1,6658.0,0,6659.0,0,6659.0,0,6659.0,1,6659.0,0,6660.0,1,6660.0,0,6661.0,0,6661.0,0,6661.0,1,6661.0,0,6662.0,1,6662.0,0,6663.0,0,6663.0,0,6663.0,1,6663.0,1,6664.0,1,6665.0,0,6666.0,0,6666.0,0,6666.0,1,6666.0,1,6667.0,1,6668.0,0,6669.0,0,6669.0,0,6669.0
73,4971637_1_mdv,1,6669.0,1,6670.0,1,6671.0,0,6672.0,0,6672.0,0,6672.0,1,6672.0,0,6673.0,1,6673.0,0,6674.0,0,6674.0,0,6674.0,1,6674.0,0,6675.0,1,6675.0,0,6676.0,0,6676.0,0,6676.0,1,6676.0,1,6677.0,1,6678.0,0,6679.0,0,6679.0,0,6679.0,1,6679.0,1,6680.0,1,6681.0,0,6682.0,0,6682.0,0,6682.0
74,6433585_1_mdv,1,6682.0,1,6683.0,1,6684.0,0,6685.0,0,6685.0,0,6685.0,1,6685.0,0,6686.0,1,6686.0,0,6687.0,0,6687.0,0,6687.0,1,6687.0,0,6688.0,1,6688.0,0,6689.0,0,6689.0,0,6689.0,1,6689.0,1,6690.0,1,6691.0,0,6692.0,0,6692.0,0,6692.0,1,6692.0,1,6693.0,1,6694.0,0,6695.0,0,6695.0,0,6695.0
75,6377184_1_mdv,8,6695.0,8,6703.0,8,6711.0,0,6719.0,0,6719.0,0,6719.0,8,6719.0,0,6727.0,8,6727.0,0,6735.0,0,6735.0,0,6735.0,8,6735.0,0,6743.0,8,6743.0,0,6751.0,0,6751.0,0,6751.0,8,6751.0,8,6759.0,8,6767.0,0,6775.0,0,6775.0,0,6775.0,8,6775.0,8,6783.0,8,6791.0,0,6799.0,0,6799.0,0,6799.0
76,6374497_1_mdv,2,6799.0,2,6801.0,2,6803.0,0,6805.0,0,6805.0,0,6805.0,2,6805.0,0,6807.0,2,6807.0,0,6809.0,0,6809.0,0,6809.0,2,6809.0,0,6811.0,2,6811.0,0,6813.0,0,6813.0,0,6813.0,2,6813.0,2,6815.0,2,6817.0,0,6819.0,0,6819.0,0,6819.0,2,6819.0,2,6821.0,2,6823.0,0,6825.0,0,6825.0,0,6825.0
77,6376441_1_mdv,2,6825.0,2,6827.0,2,6829.0,0,6831.0,0,6831.0,0,6831.0,2,6831.0,0,6833.0,2,6833.0,0,6835.0,0,6835.0,0,6835.0,2,6835.0,0,6837.0,2,6837.0,0,6839.0,0,6839.0,0,6839.0,2,6839.0,2,6841.0,2,6843.0,0,6845.0,0,6845.0,0,6845.0,2,6845.0,2,6847.0,2,6849.0,0,6851.0,0,6851.0,0,6851.0
78,6378599_1_mdv,2,6851.0,2,6853.0,2,6855.0,0,6857.0,0,6857.0,0,6857.0,2,6857.0,0,6859.0,2,6859.0,0,6861.0,0,6861.0,0,6861.0,2,6861.0,0,6863.0,2,6863.0,0,6865.0,0,6865.0,0,6865.0,2,6865.0,2,6867.0,2,6869.0,0,6871.0,0,6871.0,0,6871.0,2,6871.0,2,6873.0,2,6875.0,0,6877.0,0,6877.0,0,6877.0
79,6433106_1_mdv,4,6877.0,4,6881.0,4,6885.0,0,6889.0,0,6889.0,0,6889.0,4,6889.0,0,6893.0,4,6893.0,0,6897.0,0,6897.0,0,6897.0,4,6897.0,0,6901.0,4,6901.0,0,6905.0,0,6905.0,0,6905.0,4,6905.0,4,6909.0,4,6913.0,0,6917.0,0,6917.0,0,6917.0,4,6917.0,4,6921.0,4,6925.0,0,6929.0,0,6929.0,0,6929.0
80,7367424_1_mdv,1,6929.0,1,6930.0,1,6931.0,0,6932.0,0,6932.0,0,6932.0,1,6932.0,0,6933.0,1,6933.0,0,6934.0,0,6934.0,0,6934.0,1,6934.0,0,6935.0,1,6935.0,0,6936.0,0,6936.0,0,6936.0,1,6936.0,1,6937.0,1,6938.0,0,6939.0,0,6939.0,0,6939.0,1,6939.0,1,6940.0,1,6941.0,0,6942.0,0,6942.0,0,6942.0
81,7369878_1_mdv,1,6942.0,1,6943.0,1,6944.0,0,6945.0,0,6945.0,0,6945.0,1,6945.0,0,6946.0,1,6946.0,0,6947.0,0,6947.0,0,6947.0,1,6947.0,0,6948.0,1,6948.0,0,6949.0,0,6949.0,0,6949.0,1,6949.0,1,6950.0,1,6951.0,0,6952.0,0,6952.0,0,6952.0,1,6952.0,1,6953.0,1,6954.0,0,6955.0,0,6955.0,0,6955.0
82,6378484_1_mdv,3,6955.0,3,6958.0,3,6961.0,0,6964.0,0,6964.0,0,6964.0,3,6964.0,0,6967.0,3,6967.0,0,6970.0,0,6970.0,0,6970.0,3,6970.0,0,6973.0,3,6973.0,0,6976.0,0,6976.0,0,6976.0,3,6976.0,3,6979.0,3,6982.0,0,6985.0,0,6985.0,0,6985.0,3,6985.0,3,6988.0,3,6991.0,0,6994.0,0,6994.0,0,6994.0
83,6378481_1_mdv,3,6994.0,3,6997.0,3,7000.0,0,7003.0,0,7003.0,0,7003.0,3,7003.0,0,7006.0,3,7006.0,0,7009.0,0,7009.0,0,7009.0,3,7009.0,0,7012.0,3,7012.0,0,7015.0,0,7015.0,0,7015.0,3,7015.0,3,7018.0,3,7021.0,0,7024.0,0,7024.0,0,7024.0,3,7024.0,3,7027.0,3,7030.0,0,7033.0,0,7033.0,0,7033.0
84,6378485_1_mdv,3,7033.0,3,7036.0,3,7039.0,0,7042.0,0,7042.0,0,7042.0,3,7042.0,0,7045.0,3,7045.0,0,7048.0,0,7048.0,0,7048.0,3,7048.0,0,7051.0,3,7051.0,0,7054.0,0,7054.0,0,7054.0,3,7054.0,3,7057.0,3,7060.0,0,7063.0,0,7063.0,0,7063.0,3,7063.0,3,7066.0,3,7069.0,0,7072.0,0,7072.0,0,7072.0
85,6378483_1_mdv,3,7072.0,3,7075.0,3,7078.0,0,7081.0,0,7081.0,0,7081.0,3,7081.0,0,7084.0,3,7084.0,0,7087.0,0,7087.0,0,7087.0,3,7087.0,0,7090.0,3,7090.0,0,7093.0,0,7093.0,0,7093.0,3,7093.0,3,7096.0,3,7099.0,0,7102.0,0,7102.0,0,7102.0,3,7102.0,3,7105.0,3,7108.0,0,7111.0,0,7111.0,0,7111.0
86,6374926_1_mdv,3,7111.0,3,7114.0,3,7117.0,0,7120.0,0,7120.0,0,7120.0,3,7120.0,0,7123.0,3,7123.0,0,7126.0,0,7126.0,0,7126.0,3,7126.0,0,7129.0,3,7129.0,0,7132.0,0,7132.0,0,7132.0,3,7132.0,3,7135.0,3,7138.0,0,7141.0,0,7141.0,0,7141.0,3,7141.0,3,7144.0,3,7147.0,0,7150.0,0,7150.0,0,7150.0
87,6383960_1_hdt,2,7150.0,2,7152.0,2,7154.0,0,7156.0,0,7156.0,0,7156.0,2,7156.0,0,7158.0,2,7158.0,0,7160.0,0,7160.0,0,7160.0,2,7160.0,0,7162.0,2,7162.0,0,7164.0,0,7164.0,0,7164.0,2,7164.0,2,7166.0,2,7168.0,0,7170.0,0,7170.0,0,7170.0,2,7170.0,2,7172.0,2,7174.0,0,7176.0,0,7176.0,0,7176.0
88,6378482_5_mdv,10,7176.0,10,7186.0,10,7196.0,0,7206.0,0,7206.0,0,7206.0,10,7206.0,0,7216.0,10,7216.0,0,7226.0,0,7226.0,0,7226.0,10,7226.0,0,7236.0,10,7236.0,0,7246.0,0,7246.0,0,7246.0,10,7246.0,10,7256.0,10,7266.0,0,7276.0,0,7276.0,0,7276.0,10,7276.0,10,7286.0,10,7296.0,0,7306.0,0,7306.0,0,7306.0
89,6378482_5_ld1,10,7306.0,10,7316.0,10,7326.0,0,7336.0,0,7336.0,0,7336.0,10,7336.0,0,7346.0,10,7346.0,0,7356.0,0,7356.0,0,7356.0,10,7356.0,0,7366.0,10,7366.0,0,7376.0,0,7376.0,0,7376.0,10,7376.0,10,7386.0,10,7396.0,0,7406.0,0,7406.0,0,7406.0,10,7406.0,10,7416.0,10,7426.0,0,7436.0,0,7436.0,0,7436.0
90,6378482_5_ld3,10,7436.0,10,7446.0,10,7456.0,0,7466.0,0,7466.0,0,7466.0,10,7466.0,0,7476.0,10,7476.0,0,7486.0,0,7486.0,0,7486.0,10,7486.0,0,7496.0,10,7496.0,0,7506.0,0,7506.0,0,7506.0,10,7506.0,10,7516.0,10,7526.0,0,7536.0,0,7536.0,0,7536.0,10,7536.0,10,7546.0,10,7556.0,0,7566.0,0,7566.0,0,7566.0
91,6378482_3_ld1,2,7566.0,2,7568.0,2,7570.0,0,7572.0,0,7572.0,0,7572.0,2,7572.0,0,7574.0,2,7574.0,0,7576.0,0,7576.0,0,7576.0,2,7576.0,0,7578.0,2,7578.0,0,7580.0,0,7580.0,0,7580.0,2,7580.0,2,7582.0,2,7584.0,0,7586.0,0,7586.0,0,7586.0,2,7586.0,2,7588.0,2,7590.0,0,7592.0,0,7592.0,0,7592.0
92,6378482_3_ld3,2,7592.0,2,7594.0,2,7596.0,0,7598.0,0,7598.0,0,7598.0,2,7598.0,0,7600.0,2,7600.0,0,7602.0,0,7602.0,0,7602.0,2,7602.0,0,7604.0,2,7604.0,0,7606.0,0,7606.0,0,7606.0,2,7606.0,2,7608.0,2,7610.0,0,7612.0,0,7612.0,0,7612.0,2,7612.0,2,7614.0,2,7616.0,0,7618.0,0,7618.0,0,7618.0
93,6378482_2_hdv,8,7618.0,8,7626.0,8,7634.0,0,7642.0,0,7642.0,0,7642.0,8,7642.0,0,7650.0,8,7650.0,0,7658.0,0,7658.0,0,7658.0,8,7658.0,0,7666.0,8,7666.0,0,7674.0,0,7674.0,0,7674.0,8,7674.0,8,7682.0,8,7690.0,0,7698.0,0,7698.0,0,7698.0,8,7698.0,8,7706.0,8,7714.0,0,7722.0,0,7722.0,0,7722.0
94,6378482_2_ld1,8,7722.0,8,7730.0,8,7738.0,0,7746.0,0,7746.0,0,7746.0,8,7746.0,0,7754.0,8,7754.0,0,7762.0,0,7762.0,0,7762.0,8,7762.0,0,7770.0,8,7770.0,0,7778.0,0,7778.0,0,7778.0,8,7778.0,8,7786.0,8,7794.0,0,7802.0,0,7802.0,0,7802.0,8,7802.0,8,7810.0,8,7818.0,0,7826.0,0,7826.0,0,7826.0
95,6378482_2_ld3,8,7826.0,8,7834.0,8,7842.0,0,7850.0,0,7850.0,0,7850.0,8,7850.0,0,7858.0,8,7858.0,0,7866.0,0,7866.0,0,7866.0,8,7866.0,0,7874.0,8,7874.0,0,7882.0,0,7882.0,0,7882.0,8,7882.0,8,7890.0,8,7898.0,0,7906.0,0,7906.0,0,7906.0,8,7906.0,8,7914.0,8,7922.0,0,7930.0,0,7930.0,0,7930.0
96,6378482_1_hdt,7,7930.0,7,7937.0,7,7944.0,0,7951.0,0,7951.0,0,7951.0,7,7951.0,0,7958.0,7,7958.0,0,7965.0,0,7965.0,0,7965.0,7,7965.0,0,7972.0,7,7972.0,0,7979.0,0,7979.0,0,7979.0,7,7979.0,7,7986.0,7,7993.0,0,8000.0,0,8000.0,0,8000.0,7,8000.0,7,8007.0,7,8014.0,0,8021.0,0,8021.0,0,8021.0
97,6378482_4_ld3,5,8021.0,5,8026.0,5,8031.0,0,8036.0,0,8036.0,0,8036.0,5,8036.0,0,8041.0,5,8041.0,0,8046.0,0,8046.0,0,8046.0,5,8046.0,0,8051.0,5,8051.0,0,8056.0,0,8056.0,0,8056.0,5,8056.0,5,8061.0,5,8066.0,0,8071.0,0,8071.0,0,8071.0,5,8071.0,5,8076.0,5,8081.0,0,8086.0,0,8086.0,0,8086.0
98,6378482_4_ld1,5,8086.0,5,8091.0,5,8096.0,0,8101.0,0,8101.0,0,8101.0,5,8101.0,0,8106.0,5,8106.0,0,8111.0,0,8111.0,0,8111.0,5,8111.0,0,8116.0,5,8116.0,0,8121.0,0,8121.0,0,8121.0,5,8121.0,5,8126.0,5,8131.0,0,8136.0,0,8136.0,0,8136.0,5,8136.0,5,8141.0,5,8146.0,0,8151.0,0,8151.0,0,8151.0
99,6375742_1_mdv,6,8151.0,6,8157.0,6,8163.0,0,8169.0,0,8169.0,0,8169.0,6,8169.0,0,8175.0,6,8175.0,0,8181.0,0,8181.0,0,8181.0,6,8181.0,0,8187.0,6,8187.0,0,8193.0,0,8193.0,0,8193.0,6,8193.0,6,8199.0,6,8205.0,0,8211.0,0,8211.0,0,8211.0,6,8211.0,6,8217.0,6,8223.0,0,8229.0,0,8229.0,0,8229.0
100,6374548_1_mdv,14,8229.0,14,8243.0,14,8257.0,0,8271.0,0,8271.0,0,8271.0,14,8271.0,0,8285.0,14,8285.0,0,8299.0,0,8299.0,0,8299.0,14,8299.0,0,8313.0,14,8313.0,0,8327.0,0,8327.0,0,8327.0,14,8327.0,14,8341.0,14,8355.0,0,8369.0,0,8369.0,0,8369.0,14,8369.0,14,8383.0,14,8397.0,0,8411.0,0,8411.0,0,8411.0
101,6374549_1_mdv,15,8411.0,15,8426.0,15,8441.0,0,8456.0,0,8456.0,0,8456.0,15,8456.0,0,8471.0,15,8471.0,0,8486.0,0,8486.0,0,8486.0,15,8486.0,0,8501.0,15,8501.0,0,8516.0,0,8516.0,0,8516.0,15,8516.0,15,8531.0,15,8546.0,0,8561.0,0,8561.0,0,8561.0,15,8561.0,15,8576.0,15,8591.0,0,8606.0,0,8606.0,0,8606.0
102,6374547_1_mdv,22,8606.0,22,8628.0,22,8650.0,0,8672.0,0,8672.0,0,8672.0,22,8672.0,0,8694.0,22,8694.0,0,8716.0,0,8716.0,0,8716.0,22,8716.0,0,8738.0,22,8738.0,0,8760.0,0,8760.0,0,8760.0,22,8760.0,22,8782.0,22,8804.0,0,8826.0,0,8826.0,0,8826.0,22,8826.0,22,8848.0,22,8870.0,0,8892.0,0,8892.0,0,8892.0
103,6435647_1_mdv,1,8892.0,1,8893.0,1,8894.0,0,8895.0,0,8895.0,0,8895.0,1,8895.0,0,8896.0,1,8896.0,0,8897.0,0,8897.0,0,8897.0,1,8897.0,0,8898.0,1,8898.0,0,8899.0,0,8899.0,0,8899.0,1,8899.0,1,8900.0,1,8901.0,0,8902.0,0,8902.0,0,8902.0,1,8902.0,1,8903.0,1,8904.0,0,8905.0,0,8905.0,0,8905.0
104,7456139_1_mdv,124,8905.0,124,9029.0,124,9153.0,0,9277.0,0,9277.0,0,9277.0,124,9277.0,0,9401.0,124,9401.0,0,9525.0,0,9525.0,0,9525.0,124,9525.0,0,9649.0,124,9649.0,0,9773.0,0,9773.0,0,9773.0,124,9773.0,124,9897.0,124,10021.0,0,10145.0,0,10145.0,0,10145.0,124,10145.0,124,10269.0,124,10393.0,0,10517.0,0,10517.0,0,10517.0
105,7367563_1_mdv,63,10517.0,63,10580.0,63,10643.0,0,10706.0,0,10706.0,0,10706.0,63,10706.0,0,10769.0,63,10769.0,0,10832.0,0,10832.0,0,10832.0,63,10832.0,0,10895.0,63,10895.0,0,10958.0,0,10958.0,0,10958.0,63,10958.0,63,11021.0,63,11084.0,0,11147.0,0,11147.0,0,11147.0,63,11147.0,63,11210.0,63,11273.0,0,11336.0,0,11336.0,0,11336.0
106,6314595_1_mdv,7,11336.0,7,11343.0,7,11350.0,0,11357.0,0,11357.0,0,11357.0,7,11357.0,0,11364.0,7,11364.0,0,11371.0,0,11371.0,0,11371.0,7,11371.0,0,11378.0,7,11378.0,0,11385.0,0,11385.0,0,11385.0,7,11385.0,7,11392.0,7,11399.0,0,11406.0,0,11406.0,0,11406.0,7,11406.0,7,11413.0,7,11420.0,0,11427.0,0,11427.0,0,11427.0
107,6378145_1_mdv,6,11427.0,6,11433.0,6,11439.0,0,11445.0,0,11445.0,0,11445.0,6,11445.0,0,11451.0,6,11451.0,0,11457.0,0,11457.0,0,11457.0,6,11457.0,0,11463.0,6,11463.0,0,11469.0,0,11469.0,0,11469.0,6,11469.0,6,11475.0,6,11481.0,0,11487.0,0,11487.0,0,11487.0,6,11487.0,6,11493.0,6,11499.0,0,11505.0,0,11505.0,0,11505.0
108,6378144_1_mdv,13,11505.0,13,11518.0,13,11531.0,0,11544.0,0,11544.0,0,11544.0,13,11544.0,0,11557.0,13,11557.0,0,11570.0,0,11570.0,0,11570.0,13,11570.0,0,11583.0,13,11583.0,0,11596.0,0,11596.0,0,11596.0,13,11596.0,13,11609.0,13,11622.0,0,11635.0,0,11635.0,0,11635.0,13,11635.0,13,11648.0,13,11661.0,0,11674.0,0,11674.0,0,11674.0
109,6378369_1_mdv,7,11674.0,7,11681.0,7,11688.0,0,11695.0,0,11695.0,0,11695.0,7,11695.0,0,11702.0,7,11702.0,0,11709.0,0,11709.0,0,11709.0,7,11709.0,0,11716.0,7,11716.0,0,11723.0,0,11723.0,0,11723.0,7,11723.0,7,11730.0,7,11737.0,0,11744.0,0,11744.0,0,11744.0,7,11744.0,7,11751.0,7,11758.0,0,11765.0,0,11765.0,0,11765.0
110,6442836_1_mdv,3,11765.0,3,11768.0,3,11771.0,0,11774.0,0,11774.0,0,11774.0,3,11774.0,0,11777.0,3,11777.0,0,11780.0,0,11780.0,0,11780.0,3,11780.0,0,11783.0,3,11783.0,0,11786.0,0,11786.0,0,11786.0,3,11786.0,3,11789.0,3,11792.0,0,11795.0,0,11795.0,0,11795.0,3,11795.0,3,11798.0,3,11801.0,0,11804.0,0,11804.0,0,11804.0
111,5040589_1_hdt,1,11804.0,1,11805.0,1,11806.0,0,11807.0,0,11807.0,0,11807.0,1,11807.0,0,11808.0,1,11808.0,0,11809.0,0,11809.0,0,11809.0,1,11809.0,0,11810.0,1,11810.0,0,11811.0,0,11811.0,0,11811.0,1,11811.0,1,11812.0,1,11813.0,0,11814.0,0,11814.0,0,11814.0,1,11814.0,1,11815.0,1,11816.0,0,11817.0,0,11817.0,0,11817.0
112,6433709_5_mdv,2,11817.0,2,11819.0,2,11821.0,0,11823.0,0,11823.0,0,11823.0,2,11823.0,0,11825.0,2,11825.0,0,11827.0,0,11827.0,0,11827.0,2,11827.0,0,11829.0,2,11829.0,0,11831.0,0,11831.0,0,11831.0,2,11831.0,2,11833.0,2,11835.0,0,11837.0,0,11837.0,0,11837.0,2,11837.0,2,11839.0,2,11841.0,0,11843.0,0,11843.0,0,11843.0
113,5028037_1_mdv,2,11843.0,2,11845.0,2,11847.0,0,11849.0,0,11849.0,0,11849.0,2,11849.0,0,11851.0,2,11851.0,0,11853.0,0,11853.0,0,11853.0,2,11853.0,0,11855.0,2,11855.0,0,11857.0,0,11857.0,0,11857.0,2,11857.0,2,11859.0,2,11861.0,0,11863.0,0,11863.0,0,11863.0,2,11863.0,2,11865.0,2,11867.0,0,11869.0,0,11869.0,0,11869.0
114,5012975_2_ld3,2,11869.0,2,11871.0,2,11873.0,0,11875.0,0,11875.0,0,11875.0,2,11875.0,0,11877.0,2,11877.0,0,11879.0,0,11879.0,0,11879.0,2,11879.0,0,11881.0,2,11881.0,0,11883.0,0,11883.0,0,11883.0,2,11883.0,2,11885.0,2,11887.0,0,11889.0,0,11889.0,0,11889.0,2,11889.0,2,11891.0,2,11893.0,0,11895.0,0,11895.0,0,11895.0
115,5020348_1_mdv,1,11895.0,1,11896.0,1,11897.0,0,11898.0,0,11898.0,0,11898.0,1,11898.0,0,11899.0,1,11899.0,0,11900.0,0,11900.0,0,11900.0,1,11900.0,0,11901.0,1,11901.0,0,11902.0,0,11902.0,0,11902.0,1,11902.0,1,11903.0,1,11904.0,0,11905.0,0,11905.0,0,11905.0,1,11905.0,1,11906.0,1,11907.0,0,11908.0,0,11908.0,0,11908.0
116,5012689_1_mdv,1,11908.0,1,11909.0,1,11910.0,0,11911.0,0,11911.0,0,11911.0,1,11911.0,0,11912.0,1,11912.0,0,11913.0,0,11913.0,0,11913.0,1,11913.0,0,11914.0,1,11914.0,0,11915.0,0,11915.0,0,11915.0,1,11915.0,1,11916.0,1,11917.0,0,11918.0,0,11918.0,0,11918.0,1,11918.0,1,11919.0,1,11920.0,0,11921.0,0,11921.0,0,11921.0
117,6375949_1_hdt,2,11921.0,2,11923.0,2,11925.0,0,11927.0,0,11927.0,0,11927.0,2,11927.0,0,11929.0,2,11929.0,0,11931.0,0,11931.0,0,11931.0,2,11931.0,0,11933.0,2,11933.0,0,11935.0,0,11935.0,0,11935.0,2,11935.0,2,11937.0,2,11939.0,0,11941.0,0,11941.0,0,11941.0,2,11941.0,2,11943.0,2,11945.0,0,11947.0,0,11947.0,0,11947.0
118,8239954_4_hdt,3,11947.0,3,11950.0,3,11953.0,0,11956.0,0,11956.0,0,11956.0,3,11956.0,0,11959.0,3,11959.0,0,11962.0,0,11962.0,0,11962.0,3,11962.0,0,11965.0,3,11965.0,0,11968.0,0,11968.0,0,11968.0,3,11968.0,3,11971.0,3,11974.0,0,11977.0,0,11977.0,0,11977.0,3,11977.0,3,11980.0,3,11983.0,0,11986.0,0,11986.0,0,11986.0
119,8239954_2_hdt,1,11986.0,1,11987.0,1,11988.0,0,11989.0,0,11989.0,0,11989.0,1,11989.0,0,11990.0,1,11990.0,0,11991.0,0,11991.0,0,11991.0,1,11991.0,0,11992.0,1,11992.0,0,11993.0,0,11993.0,0,11993.0,1,11993.0,1,11994.0,1,11995.0,0,11996.0,0,11996.0,0,11996.0,1,11996.0,1,11997.0,1,11998.0,0,11999.0,0,11999.0,0,11999.0
120,6377795_2_hdt,1,11999.0,1,12000.0,1,12001.0,0,12002.0,0,12002.0,0,12002.0,1,12002.0,0,12003.0,1,12003.0,0,12004.0,0,12004.0,0,12004.0,1,12004.0,0,12005.0,1,12005.0,0,12006.0,0,12006.0,0,12006.0,1,12006.0,1,12007.0,1,12008.0,0,12009.0,0,12009.0,0,12009.0,1,12009.0,1,12010.0,1,12011.0,0,12012.0,0,12012.0,0,12012.0
121,6404392_2_hdt,1,12012.0,1,12013.0,1,12014.0,0,12015.0,0,12015.0,0,12015.0,1,12015.0,0,12016.0,1,12016.0,0,12017.0,0,12017.0,0,12017.0,1,12017.0,0,12018.0,1,12018.0,0,12019.0,0,12019.0,0,12019.0,1,12019.0,1,12020.0,1,12021.0,0,12022.0,0,12022.0,0,12022.0,1,12022.0,1,12023.0,1,12024.0,0,12025.0,0,12025.0,0,12025.0
122,6378292_1_hdt,3,12025.0,3,12028.0,3,12031.0,0,12034.0,0,12034.0,0,12034.0,3,12034.0,0,12037.0,3,12037.0,0,12040.0,0,12040.0,0,12040.0,3,12040.0,0,12043.0,3,12043.0,0,12046.0,0,12046.0,0,12046.0,3,12046.0,3,12049.0,3,12052.0,0,12055.0,0,12055.0,0,12055.0,3,12055.0,3,12058.0,3,12061.0,0,12064.0,0,12064.0,0,12064.0
123,6374724_1_mdv,3,12064.0,3,12067.0,3,12070.0,0,12073.0,0,12073.0,0,12073.0,3,12073.0,0,12076.0,3,12076.0,0,12079.0,0,12079.0,0,12079.0,3,12079.0,0,12082.0,3,12082.0,0,12085.0,0,12085.0,0,12085.0,3,12085.0,3,12088.0,3,12091.0,0,12094.0,0,12094.0,0,12094.0,3,12094.0,3,12097.0,3,12100.0,0,12103.0,0,12103.0,0,12103.0
124,6402867_3_mdv,4,12103.0,4,12107.0,4,12111.0,0,12115.0,0,12115.0,0,12115.0,4,12115.0,0,12119.0,4,12119.0,0,12123.0,0,12123.0,0,12123.0,4,12123.0,0,12127.0,4,12127.0,0,12131.0,0,12131.0,0,12131.0,4,12131.0,4,12135.0,4,12139.0,0,12143.0,0,12143.0,0,12143.0,4,12143.0,4,12147.0,4,12151.0,0,12155.0,0,12155.0,0,12155.0
125,6374725_1_mdv,2,12155.0,2,12157.0,2,12159.0,0,12161.0,0,12161.0,0,12161.0,2,12161.0,0,12163.0,2,12163.0,0,12165.0,0,12165.0,0,12165.0,2,12165.0,0,12167.0,2,12167.0,0,12169.0,0,12169.0,0,12169.0,2,12169.0,2,12171.0,2,12173.0,0,12175.0,0,12175.0,0,12175.0,2,12175.0,2,12177.0,2,12179.0,0,12181.0,0,12181.0,0,12181.0
126,6374725_1_hdt,2,12181.0,2,12183.0,2,12185.0,0,12187.0,0,12187.0,0,12187.0,2,12187.0,0,12189.0,2,12189.0,0,12191.0,0,12191.0,0,12191.0,2,12191.0,0,12193.0,2,12193.0,0,12195.0,0,12195.0,0,12195.0,2,12195.0,2,12197.0,2,12199.0,0,12201.0,0,12201.0,0,12201.0,2,12201.0,2,12203.0,2,12205.0,0,12207.0,0,12207.0,0,12207.0
127,6374722_1_mdv,4,12207.0,4,12211.0,4,12215.0,0,12219.0,0,12219.0,0,12219.0,4,12219.0,0,12223.0,4,12223.0,0,12227.0,0,12227.0,0,12227.0,4,12227.0,0,12231.0,4,12231.0,0,12235.0,0,12235.0,0,12235.0,4,12235.0,4,12239.0,4,12243.0,0,12247.0,0,12247.0,0,12247.0,4,12247.0,4,12251.0,4,12255.0,0,12259.0,0,12259.0,0,12259.0
128,6374722_1_ld3,4,12259.0,4,12263.0,4,12267.0,0,12271.0,0,12271.0,0,12271.0,4,12271.0,0,12275.0,4,12275.0,0,12279.0,0,12279.0,0,12279.0,4,12279.0,0,12283.0,4,12283.0,0,12287.0,0,12287.0,0,12287.0,4,12287.0,4,12291.0,4,12295.0,0,12299.0,0,12299.0,0,12299.0,4,12299.0,4,12303.0,4,12307.0,0,12311.0,0,12311.0,0,12311.0
129,6374722_1_hdt,4,12311.0,4,12315.0,4,12319.0,0,12323.0,0,12323.0,0,12323.0,4,12323.0,0,12327.0,4,12327.0,0,12331.0,0,12331.0,0,12331.0,4,12331.0,0,12335.0,4,12335.0,0,12339.0,0,12339.0,0,12339.0,4,12339.0,4,12343.0,4,12347.0,0,12351.0,0,12351.0,0,12351.0,4,12351.0,4,12355.0,4,12359.0,0,12363.0,0,12363.0,0,12363.0
130,6404211_1_mdv,2,12363.0,2,12365.0,2,12367.0,0,12369.0,0,12369.0,0,12369.0,2,12369.0,0,12371.0,2,12371.0,0,12373.0,0,12373.0,0,12373.0,2,12373.0,0,12375.0,2,12375.0,0,12377.0,0,12377.0,0,12377.0,2,12377.0,2,12379.0,2,12381.0,0,12383.0,0,12383.0,0,12383.0,2,12383.0,2,12385.0,2,12387.0,0,12389.0,0,12389.0,0,12389.0
131,6378103_3_mdv,4,12389.0,4,12393.0,4,12397.0,0,12401.0,0,12401.0,0,12401.0,4,12401.0,0,12405.0,4,12405.0,0,12409.0,0,12409.0,0,12409.0,4,12409.0,0,12413.0,4,12413.0,0,12417.0,0,12417.0,0,12417.0,4,12417.0,4,12421.0,4,12425.0,0,12429.0,0,12429.0,0,12429.0,4,12429.0,4,12433.0,4,12437.0,0,12441.0,0,12441.0,0,12441.0
132,6378103_1_ld3,4,12441.0,4,12445.0,4,12449.0,0,12453.0,0,12453.0,0,12453.0,4,12453.0,0,12457.0,4,12457.0,0,12461.0,0,12461.0,0,12461.0,4,12461.0,0,12465.0,4,12465.0,0,12469.0,0,12469.0,0,12469.0,4,12469.0,4,12473.0,4,12477.0,0,12481.0,0,12481.0,0,12481.0,4,12481.0,4,12485.0,4,12489.0,0,12493.0,0,12493.0,0,12493.0
133,6378103_2_ld3,4,12493.0,4,12497.0,4,12501.0,0,12505.0,0,12505.0,0,12505.0,4,12505.0,0,12509.0,4,12509.0,0,12513.0,0,12513.0,0,12513.0,4,12513.0,0,12517.0,4,12517.0,0,12521.0,0,12521.0,0,12521.0,4,12521.0,4,12525.0,4,12529.0,0,12533.0,0,12533.0,0,12533.0,4,12533.0,4,12537.0,4,12541.0,0,12545.0,0,12545.0,0,12545.0
134,6378103_2_mdv,4,12545.0,4,12549.0,4,12553.0,0,12557.0,0,12557.0,0,12557.0,4,12557.0,0,12561.0,4,12561.0,0,12565.0,0,12565.0,0,12565.0,4,12565.0,0,12569.0,4,12569.0,0,12573.0,0,12573.0,0,12573.0,4,12573.0,4,12577.0,4,12581.0,0,12585.0,0,12585.0,0,12585.0,4,12585.0,4,12589.0,4,12593.0,0,12597.0,0,12597.0,0,12597.0
135,6378105_2_mdv,4,12597.0,4,12601.0,4,12605.0,0,12609.0,0,12609.0,0,12609.0,4,12609.0,0,12613.0,4,12613.0,0,12617.0,0,12617.0,0,12617.0,4,12617.0,0,12621.0,4,12621.0,0,12625.0,0,12625.0,0,12625.0,4,12625.0,4,12629.0,4,12633.0,0,12637.0,0,12637.0,0,12637.0,4,12637.0,4,12641.0,4,12645.0,0,12649.0,0,12649.0,0,12649.0
136,6376800_1_ld3,3,12649.0,3,12652.0,3,12655.0,0,12658.0,0,12658.0,0,12658.0,3,12658.0,0,12661.0,3,12661.0,0,12664.0,0,12664.0,0,12664.0,3,12664.0,0,12667.0,3,12667.0,0,12670.0,0,12670.0,0,12670.0,3,12670.0,3,12673.0,3,12676.0,0,12679.0,0,12679.0,0,12679.0,3,12679.0,3,12682.0,3,12685.0,0,12688.0,0,12688.0,0,12688.0
137,6376800_3_mdv,3,12688.0,3,12691.0,3,12694.0,0,12697.0,0,12697.0,0,12697.0,3,12697.0,0,12700.0,3,12700.0,0,12703.0,0,12703.0,0,12703.0,3,12703.0,0,12706.0,3,12706.0,0,12709.0,0,12709.0,0,12709.0,3,12709.0,3,12712.0,3,12715.0,0,12718.0,0,12718.0,0,12718.0,3,12718.0,3,12721.0,3,12724.0,0,12727.0,0,12727.0,0,12727.0
138,6376800_2_ld3,3,12727.0,3,12730.0,3,12733.0,0,12736.0,0,12736.0,0,12736.0,3,12736.0,0,12739.0,3,12739.0,0,12742.0,0,12742.0,0,12742.0,3,12742.0,0,12745.0,3,12745.0,0,12748.0,0,12748.0,0,12748.0,3,12748.0,3,12751.0,3,12754.0,0,12757.0,0,12757.0,0,12757.0,3,12757.0,3,12760.0,3,12763.0,0,12766.0,0,12766.0,0,12766.0
139,6374689_1_mdv,3,12766.0,3,12769.0,3,12772.0,0,12775.0,0,12775.0,0,12775.0,3,12775.0,0,12778.0,3,12778.0,0,12781.0,0,12781.0,0,12781.0,3,12781.0,0,12784.0,3,12784.0,0,12787.0,0,12787.0,0,12787.0,3,12787.0,3,12790.0,3,12793.0,0,12796.0,0,12796.0,0,12796.0,3,12796.0,3,12799.0,3,12802.0,0,12805.0,0,12805.0,0,12805.0
140,6403005_1_mdv,3,12805.0,3,12808.0,3,12811.0,0,12814.0,0,12814.0,0,12814.0,3,12814.0,0,12817.0,3,12817.0,0,12820.0,0,12820.0,0,12820.0,3,12820.0,0,12823.0,3,12823.0,0,12826.0,0,12826.0,0,12826.0,3,12826.0,3,12829.0,3,12832.0,0,12835.0,0,12835.0,0,12835.0,3,12835.0,3,12838.0,3,12841.0,0,12844.0,0,12844.0,0,12844.0
141,6378104_1_mdv,1,12844.0,1,12845.0,1,12846.0,0,12847.0,0,12847.0,0,12847.0,1,12847.0,0,12848.0,1,12848.0,0,12849.0,0,12849.0,0,12849.0,1,12849.0,0,12850.0,1,12850.0,0,12851.0,0,12851.0,0,12851.0,1,12851.0,1,12852.0,1,12853.0,0,12854.0,0,12854.0,0,12854.0,1,12854.0,1,12855.0,1,12856.0,0,12857.0,0,12857.0,0,12857.0
142,7367255_2_ld3,4,12857.0,4,12861.0,4,12865.0,0,12869.0,0,12869.0,0,12869.0,4,12869.0,0,12873.0,4,12873.0,0,12877.0,0,12877.0,0,12877.0,4,12877.0,0,12881.0,4,12881.0,0,12885.0,0,12885.0,0,12885.0,4,12885.0,4,12889.0,4,12893.0,0,12897.0,0,12897.0,0,12897.0,4,12897.0,4,12901.0,4,12905.0,0,12909.0,0,12909.0,0,12909.0
143,7367255_2_hdt,4,12909.0,4,12913.0,4,12917.0,0,12921.0,0,12921.0,0,12921.0,4,12921.0,0,12925.0,4,12925.0,0,12929.0,0,12929.0,0,12929.0,4,12929.0,0,12933.0,4,12933.0,0,12937.0,0,12937.0,0,12937.0,4,12937.0,4,12941.0,4,12945.0,0,12949.0,0,12949.0,0,12949.0,4,12949.0,4,12953.0,4,12957.0,0,12961.0,0,12961.0,0,12961.0
144,7367255_3_mdv,4,12961.0,4,12965.0,4,12969.0,0,12973.0,0,12973.0,0,12973.0,4,12973.0,0,12977.0,4,12977.0,0,12981.0,0,12981.0,0,12981.0,4,12981.0,0,12985.0,4,12985.0,0,12989.0,0,12989.0,0,12989.0,4,12989.0,4,12993.0,4,12997.0,0,13001.0,0,13001.0,0,13001.0,4,13001.0,4,13005.0,4,13009.0,0,13013.0,0,13013.0,0,13013.0
145,7367255_3_ld3,4,13013.0,4,13017.0,4,13021.0,0,13025.0,0,13025.0,0,13025.0,4,13025.0,0,13029.0,4,13029.0,0,13033.0,0,13033.0,0,13033.0,4,13033.0,0,13037.0,4,13037.0,0,13041.0,0,13041.0,0,13041.0,4,13041.0,4,13045.0,4,13049.0,0,13053.0,0,13053.0,0,13053.0,4,13053.0,4,13057.0,4,13061.0,0,13065.0,0,13065.0,0,13065.0
146,7367255_3_hdt,4,13065.0,4,13069.0,4,13073.0,0,13077.0,0,13077.0,0,13077.0,4,13077.0,0,13081.0,4,13081.0,0,13085.0,0,13085.0,0,13085.0,4,13085.0,0,13089.0,4,13089.0,0,13093.0,0,13093.0,0,13093.0,4,13093.0,4,13097.0,4,13101.0,0,13105.0,0,13105.0,0,13105.0,4,13105.0,4,13109.0,4,13113.0,0,13117.0,0,13117.0,0,13117.0
147,6374688_1_mdv,5,13117.0,5,13122.0,5,13127.0,0,13132.0,0,13132.0,0,13132.0,5,13132.0,0,13137.0,5,13137.0,0,13142.0,0,13142.0,0,13142.0,5,13142.0,0,13147.0,5,13147.0,0,13152.0,0,13152.0,0,13152.0,5,13152.0,5,13157.0,5,13162.0,0,13167.0,0,13167.0,0,13167.0,5,13167.0,5,13172.0,5,13177.0,0,13182.0,0,13182.0,0,13182.0
148,6378105_1_hdt,4,13182.0,4,13186.0,4,13190.0,0,13194.0,0,13194.0,0,13194.0,4,13194.0,0,13198.0,4,13198.0,0,13202.0,0,13202.0,0,13202.0,4,13202.0,0,13206.0,4,13206.0,0,13210.0,0,13210.0,0,13210.0,4,13210.0,4,13214.0,4,13218.0,0,13222.0,0,13222.0,0,13222.0,4,13222.0,4,13226.0,4,13230.0,0,13234.0,0,13234.0,0,13234.0
149,6377098_1_mdv,2,13234.0,2,13236.0,2,13238.0,0,13240.0,0,13240.0,0,13240.0,2,13240.0,0,13242.0,2,13242.0,0,13244.0,0,13244.0,0,13244.0,2,13244.0,0,13246.0,2,13246.0,0,13248.0,0,13248.0,0,13248.0,2,13248.0,2,13250.0,2,13252.0,0,13254.0,0,13254.0,0,13254.0,2,13254.0,2,13256.0,2,13258.0,0,13260.0,0,13260.0,0,13260.0
150,6315063_2_hdt,4,13260.0,4,13264.0,4,13268.0,0,13272.0,0,13272.0,0,13272.0,4,13272.0,0,13276.0,4,13276.0,0,13280.0,0,13280.0,0,13280.0,4,13280.0,0,13284.0,4,13284.0,0,13288.0,0,13288.0,0,13288.0,4,13288.0,4,13292.0,4,13296.0,0,13300.0,0,13300.0,0,13300.0,4,13300.0,4,13304.0,4,13308.0,0,13312.0,0,13312.0,0,13312.0
151,7367131_1_hdt,2,13312.0,2,13314.0,2,13316.0,0,13318.0,0,13318.0,0,13318.0,2,13318.0,0,13320.0,2,13320.0,0,13322.0,0,13322.0,0,13322.0,2,13322.0,0,13324.0,2,13324.0,0,13326.0,0,13326.0,0,13326.0,2,13326.0,2,13328.0,2,13330.0,0,13332.0,0,13332.0,0,13332.0,2,13332.0,2,13334.0,2,13336.0,0,13338.0,0,13338.0,0,13338.0
152,7367131_2_hdt,2,13338.0,2,13340.0,2,13342.0,0,13344.0,0,13344.0,0,13344.0,2,13344.0,0,13346.0,2,13346.0,0,13348.0,0,13348.0,0,13348.0,2,13348.0,0,13350.0,2,13350.0,0,13352.0,0,13352.0,0,13352.0,2,13352.0,2,13354.0,2,13356.0,0,13358.0,0,13358.0,0,13358.0,2,13358.0,2,13360.0,2,13362.0,0,13364.0,0,13364.0,0,13364.0
153,6375823_1_hdt,2,13364.0,2,13366.0,2,13368.0,0,13370.0,0,13370.0,0,13370.0,2,13370.0,0,13372.0,2,13372.0,0,13374.0,0,13374.0,0,13374.0,2,13374.0,0,13376.0,2,13376.0,0,13378.0,0,13378.0,0,13378.0,2,13378.0,2,13380.0,2,13382.0,0,13384.0,0,13384.0,0,13384.0,2,13384.0,2,13386.0,2,13388.0,0,13390.0,0,13390.0,0,13390.0
154,8238565_1_hdt,13,13390.0,13,13403.0,13,13416.0,0,13429.0,0,13429.0,0,13429.0,13,13429.0,0,13442.0,13,13442.0,0,13455.0,0,13455.0,0,13455.0,13,13455.0,0,13468.0,13,13468.0,0,13481.0,0,13481.0,0,13481.0,13,13481.0,13,13494.0,13,13507.0,0,13520.0,0,13520.0,0,13520.0,13,13520.0,13,13533.0,13,13546.0,0,13559.0,0,13559.0,0,13559.0
155,6297982_1_hdt,7,13559.0,7,13566.0,7,13573.0,0,13580.0,0,13580.0,0,13580.0,7,13580.0,0,13587.0,7,13587.0,0,13594.0,0,13594.0,0,13594.0,7,13594.0,0,13601.0,7,13601.0,0,13608.0,0,13608.0,0,13608.0,7,13608.0,7,13615.0,7,13622.0,0,13629.0,0,13629.0,0,13629.0,7,13629.0,7,13636.0,7,13643.0,0,13650.0,0,13650.0,0,13650.0
156,7367801_2_hdv,4,13650.0,4,13654.0,4,13658.0,0,13662.0,0,13662.0,0,13662.0,4,13662.0,0,13666.0,4,13666.0,0,13670.0,0,13670.0,0,13670.0,4,13670.0,0,13674.0,4,13674.0,0,13678.0,0,13678.0,0,13678.0,4,13678.0,4,13682.0,4,13686.0,0,13690.0,0,13690.0,0,13690.0,4,13690.0,4,13694.0,4,13698.0,0,13702.0,0,13702.0,0,13702.0
157,6382475_1_hdt,2,13702.0,2,13704.0,2,13706.0,0,13708.0,0,13708.0,0,13708.0,2,13708.0,0,13710.0,2,13710.0,0,13712.0,0,13712.0,0,13712.0,2,13712.0,0,13714.0,2,13714.0,0,13716.0,0,13716.0,0,13716.0,2,13716.0,2,13718.0,2,13720.0,0,13722.0,0,13722.0,0,13722.0,2,13722.0,2,13724.0,2,13726.0,0,13728.0,0,13728.0,0,13728.0
158,8247880_1_hdt,4,13728.0,4,13732.0,4,13736.0,0,13740.0,0,13740.0,0,13740.0,4,13740.0,0,13744.0,4,13744.0,0,13748.0,0,13748.0,0,13748.0,4,13748.0,0,13752.0,4,13752.0,0,13756.0,0,13756.0,0,13756.0,4,13756.0,4,13760.0,4,13764.0,0,13768.0,0,13768.0,0,13768.0,4,13768.0,4,13772.0,4,13776.0,0,13780.0,0,13780.0,0,13780.0
159,8247882_1_hdt,6,13780.0,6,13786.0,6,13792.0,0,13798.0,0,13798.0,0,13798.0,6,13798.0,0,13804.0,6,13804.0,0,13810.0,0,13810.0,0,13810.0,6,13810.0,0,13816.0,6,13816.0,0,13822.0,0,13822.0,0,13822.0,6,13822.0,6,13828.0,6,13834.0,0,13840.0,0,13840.0,0,13840.0,6,13840.0,6,13846.0,6,13852.0,0,13858.0,0,13858.0,0,13858.0
160,8247882_2_hdt,3,13858.0,3,13861.0,3,13864.0,0,13867.0,0,13867.0,0,13867.0,3,13867.0,0,13870.0,3,13870.0,0,13873.0,0,13873.0,0,13873.0,3,13873.0,0,13876.0,3,13876.0,0,13879.0,0,13879.0,0,13879.0,3,13879.0,3,13882.0,3,13885.0,0,13888.0,0,13888.0,0,13888.0,3,13888.0,3,13891.0,3,13894.0,0,13897.0,0,13897.0,0,13897.0
161,7194261_4_hdt,4,13897.0,4,13901.0,4,13905.0,0,13909.0,0,13909.0,0,13909.0,4,13909.0,0,13913.0,4,13913.0,0,13917.0,0,13917.0,0,13917.0,4,13917.0,0,13921.0,4,13921.0,0,13925.0,0,13925.0,0,13925.0,4,13925.0,4,13929.0,4,13933.0,0,13937.0,0,13937.0,0,13937.0,4,13937.0,4,13941.0,4,13945.0,0,13949.0,0,13949.0,0,13949.0
162,6377303_1_hdt,3,13949.0,3,13952.0,3,13955.0,0,13958.0,0,13958.0,0,13958.0,3,13958.0,0,13961.0,3,13961.0,0,13964.0,0,13964.0,0,13964.0,3,13964.0,0,13967.0,3,13967.0,0,13970.0,0,13970.0,0,13970.0,3,13970.0,3,13973.0,3,13976.0,0,13979.0,0,13979.0,0,13979.0,3,13979.0,3,13982.0,3,13985.0,0,13988.0,0,13988.0,0,13988.0
163,7367459_2_hdv,3,13988.0,3,13991.0,3,13994.0,0,13997.0,0,13997.0,0,13997.0,3,13997.0,0,14000.0,3,14000.0,0,14003.0,0,14003.0,0,14003.0,3,14003.0,0,14006.0,3,14006.0,0,14009.0,0,14009.0,0,14009.0,3,14009.0,3,14012.0,3,14015.0,0,14018.0,0,14018.0,0,14018.0,3,14018.0,3,14021.0,3,14024.0,0,14027.0,0,14027.0,0,14027.0
164,6374714_1_hdt,2,14027.0,2,14029.0,2,14031.0,0,14033.0,0,14033.0,0,14033.0,2,14033.0,0,14035.0,2,14035.0,0,14037.0,0,14037.0,0,14037.0,2,14037.0,0,14039.0,2,14039.0,0,14041.0,0,14041.0,0,14041.0,2,14041.0,2,14043.0,2,14045.0,0,14047.0,0,14047.0,0,14047.0,2,14047.0,2,14049.0,2,14051.0,0,14053.0,0,14053.0,0,14053.0
165,6376701_4_hdt,1,14053.0,1,14054.0,1,14055.0,0,14056.0,0,14056.0,0,14056.0,1,14056.0,0,14057.0,1,14057.0,0,14058.0,0,14058.0,0,14058.0,1,14058.0,0,14059.0,1,14059.0,0,14060.0,0,14060.0,0,14060.0,1,14060.0,1,14061.0,1,14062.0,0,14063.0,0,14063.0,0,14063.0,1,14063.0,1,14064.0,1,14065.0,0,14066.0,0,14066.0,0,14066.0
166,6378064_1_hdt,2,14066.0,2,14068.0,2,14070.0,0,14072.0,0,14072.0,0,14072.0,2,14072.0,0,14074.0,2,14074.0,0,14076.0,0,14076.0,0,14076.0,2,14076.0,0,14078.0,2,14078.0,0,14080.0,0,14080.0,0,14080.0,2,14080.0,2,14082.0,2,14084.0,0,14086.0,0,14086.0,0,14086.0,2,14086.0,2,14088.0,2,14090.0,0,14092.0,0,14092.0,0,14092.0
167,6298801_1_mdv,5,14092.0,5,14097.0,5,14102.0,0,14107.0,0,14107.0,0,14107.0,5,14107.0,0,14112.0,5,14112.0,0,14117.0,0,14117.0,0,14117.0,5,14117.0,0,14122.0,5,14122.0,0,14127.0,0,14127.0,0,14127.0,5,14127.0,5,14132.0,5,14137.0,0,14142.0,0,14142.0,0,14142.0,5,14142.0,5,14147.0,5,14152.0,0,14157.0,0,14157.0,0,14157.0
168,8239941_2_hdv,23,14157.0,23,14180.0,23,14203.0,0,14226.0,0,14226.0,0,14226.0,23,14226.0,0,14249.0,23,14249.0,0,14272.0,0,14272.0,0,14272.0,23,14272.0,0,14295.0,23,14295.0,0,14318.0,0,14318.0,0,14318.0,23,14318.0,23,14341.0,23,14364.0,0,14387.0,0,14387.0,0,14387.0,23,14387.0,23,14410.0,23,14433.0,0,14456.0,0,14456.0,0,14456.0
169,8239941_2_hdt,23,14456.0,23,14479.0,23,14502.0,0,14525.0,0,14525.0,0,14525.0,23,14525.0,0,14548.0,23,14548.0,0,14571.0,0,14571.0,0,14571.0,23,14571.0,0,14594.0,23,14594.0,0,14617.0,0,14617.0,0,14617.0,23,14617.0,23,14640.0,23,14663.0,0,14686.0,0,14686.0,0,14686.0,23,14686.0,23,14709.0,23,14732.0,0,14755.0,0,14755.0,0,14755.0
170,6378170_1_hdt,18,14755.0,18,14773.0,18,14791.0,0,14809.0,0,14809.0,0,14809.0,18,14809.0,0,14827.0,18,14827.0,0,14845.0,0,14845.0,0,14845.0,18,14845.0,0,14863.0,18,14863.0,0,14881.0,0,14881.0,0,14881.0,18,14881.0,18,14899.0,18,14917.0,0,14935.0,0,14935.0,0,14935.0,18,14935.0,18,14953.0,18,14971.0,0,14989.0,0,14989.0,0,14989.0
171,6378170_1_hdv,18,14989.0,18,15007.0,18,15025.0,0,15043.0,0,15043.0,0,15043.0,18,15043.0,0,15061.0,18,15061.0,0,15079.0,0,15079.0,0,15079.0,18,15079.0,0,15097.0,18,15097.0,0,15115.0,0,15115.0,0,15115.0,18,15115.0,18,15133.0,18,15151.0,0,15169.0,0,15169.0,0,15169.0,18,15169.0,18,15187.0,18,15205.0,0,15223.0,0,15223.0,0,15223.0
172,8239941_1_hdt,56,15223.0,56,15279.0,56,15335.0,0,15391.0,0,15391.0,0,15391.0,56,15391.0,0,15447.0,56,15447.0,0,15503.0,0,15503.0,0,15503.0,56,15503.0,0,15559.0,56,15559.0,0,15615.0,0,15615.0,0,15615.0,56,15615.0,56,15671.0,56,15727.0,0,15783.0,0,15783.0,0,15783.0,56,15783.0,56,15839.0,56,15895.0,0,15951.0,0,15951.0,0,15951.0
173,8239941_1_hdv,56,15951.0,56,16007.0,56,16063.0,0,16119.0,0,16119.0,0,16119.0,56,16119.0,0,16175.0,56,16175.0,0,16231.0,0,16231.0,0,16231.0,56,16231.0,0,16287.0,56,16287.0,0,16343.0,0,16343.0,0,16343.0,56,16343.0,56,16399.0,56,16455.0,0,16511.0,0,16511.0,0,16511.0,56,16511.0,56,16567.0,56,16623.0,0,16679.0,0,16679.0,0,16679.0
174,6378170_2_hdv,8,16679.0,8,16687.0,8,16695.0,0,16703.0,0,16703.0,0,16703.0,8,16703.0,0,16711.0,8,16711.0,0,16719.0,0,16719.0,0,16719.0,8,16719.0,0,16727.0,8,16727.0,0,16735.0,0,16735.0,0,16735.0,8,16735.0,8,16743.0,8,16751.0,0,16759.0,0,16759.0,0,16759.0,8,16759.0,8,16767.0,8,16775.0,0,16783.0,0,16783.0,0,16783.0
175,8238299_1_hdt,38,16783.0,38,16821.0,38,16859.0,0,16897.0,0,16897.0,0,16897.0,38,16897.0,0,16935.0,38,16935.0,0,16973.0,0,16973.0,0,16973.0,38,16973.0,0,17011.0,38,17011.0,0,17049.0,0,17049.0,0,17049.0,38,17049.0,38,17087.0,38,17125.0,0,17163.0,0,17163.0,0,17163.0,38,17163.0,38,17201.0,38,17239.0,0,17277.0,0,17277.0,0,17277.0
176,7367345_1_hdt,3,17277.0,3,17280.0,3,17283.0,0,17286.0,0,17286.0,0,17286.0,3,17286.0,0,17289.0,3,17289.0,0,17292.0,0,17292.0,0,17292.0,3,17292.0,0,17295.0,3,17295.0,0,17298.0,0,17298.0,0,17298.0,3,17298.0,3,17301.0,3,17304.0,0,17307.0,0,17307.0,0,17307.0,3,17307.0,3,17310.0,3,17313.0,0,17316.0,0,17316.0,0,17316.0
177,7505339_2_hdt,12,17316.0,12,17328.0,12,17340.0,0,17352.0,0,17352.0,0,17352.0,12,17352.0,0,17364.0,12,17364.0,0,17376.0,0,17376.0,0,17376.0,12,17376.0,0,17388.0,12,17388.0,0,17400.0,0,17400.0,0,17400.0,12,17400.0,12,17412.0,12,17424.0,0,17436.0,0,17436.0,0,17436.0,12,17436.0,12,17448.0,12,17460.0,0,17472.0,0,17472.0,0,17472.0
178,7505339_1_hdt,23,17472.0,23,17495.0,23,17518.0,0,17541.0,0,17541.0,0,17541.0,23,17541.0,0,17564.0,23,17564.0,0,17587.0,0,17587.0,0,17587.0,23,17587.0,0,17610.0,23,17610.0,0,17633.0,0,17633.0,0,17633.0,23,17633.0,23,17656.0,23,17679.0,0,17702.0,0,17702.0,0,17702.0,23,17702.0,23,17725.0,23,17748.0,0,17771.0,0,17771.0,0,17771.0
179,6374444_1_hdt,3,17771.0,3,17774.0,3,17777.0,0,17780.0,0,17780.0,0,17780.0,3,17780.0,0,17783.0,3,17783.0,0,17786.0,0,17786.0,0,17786.0,3,17786.0,0,17789.0,3,17789.0,0,17792.0,0,17792.0,0,17792.0,3,17792.0,3,17795.0,3,17798.0,0,17801.0,0,17801.0,0,17801.0,3,17801.0,3,17804.0,3,17807.0,0,17810.0,0,17810.0,0,17810.0
180,6374444_2_hdv,1,17810.0,1,17811.0,1,17812.0,0,17813.0,0,17813.0,0,17813.0,1,17813.0,0,17814.0,1,17814.0,0,17815.0,0,17815.0,0,17815.0,1,17815.0,0,17816.0,1,17816.0,0,17817.0,0,17817.0,0,17817.0,1,17817.0,1,17818.0,1,17819.0,0,17820.0,0,17820.0,0,17820.0,1,17820.0,1,17821.0,1,17822.0,0,17823.0,0,17823.0,0,17823.0
181,6374444_4_hdv,1,17823.0,1,17824.0,1,17825.0,0,17826.0,0,17826.0,0,17826.0,1,17826.0,0,17827.0,1,17827.0,0,17828.0,0,17828.0,0,17828.0,1,17828.0,0,17829.0,1,17829.0,0,17830.0,0,17830.0,0,17830.0,1,17830.0,1,17831.0,1,17832.0,0,17833.0,0,17833.0,0,17833.0,1,17833.0,1,17834.0,1,17835.0,0,17836.0,0,17836.0,0,17836.0
182,7488948_1_hdt,2,17836.0,2,17838.0,2,17840.0,0,17842.0,0,17842.0,0,17842.0,2,17842.0,0,17844.0,2,17844.0,0,17846.0,0,17846.0,0,17846.0,2,17846.0,0,17848.0,2,17848.0,0,17850.0,0,17850.0,0,17850.0,2,17850.0,2,17852.0,2,17854.0,0,17856.0,0,17856.0,0,17856.0,2,17856.0,2,17858.0,2,17860.0,0,17862.0,0,17862.0,0,17862.0
183,7489016_1_hdt,2,17862.0,2,17864.0,2,17866.0,0,17868.0,0,17868.0,0,17868.0,2,17868.0,0,17870.0,2,17870.0,0,17872.0,0,17872.0,0,17872.0,2,17872.0,0,17874.0,2,17874.0,0,17876.0,0,17876.0,0,17876.0,2,17876.0,2,17878.0,2,17880.0,0,17882.0,0,17882.0,0,17882.0,2,17882.0,2,17884.0,2,17886.0,0,17888.0,0,17888.0,0,17888.0
184,6374644_2_hdv,4,17888.0,4,17892.0,4,17896.0,0,17900.0,0,17900.0,0,17900.0,4,17900.0,0,17904.0,4,17904.0,0,17908.0,0,17908.0,0,17908.0,4,17908.0,0,17912.0,4,17912.0,0,17916.0,0,17916.0,0,17916.0,4,17916.0,4,17920.0,4,17924.0,0,17928.0,0,17928.0,0,17928.0,4,17928.0,4,17932.0,4,17936.0,0,17940.0,0,17940.0,0,17940.0
185,6374644_2_mdv,4,17940.0,4,17944.0,4,17948.0,0,17952.0,0,17952.0,0,17952.0,4,17952.0,0,17956.0,4,17956.0,0,17960.0,0,17960.0,0,17960.0,4,17960.0,0,17964.0,4,17964.0,0,17968.0,0,17968.0,0,17968.0,4,17968.0,4,17972.0,4,17976.0,0,17980.0,0,17980.0,0,17980.0,4,17980.0,4,17984.0,4,17988.0,0,17992.0,0,17992.0,0,17992.0
186,6374644_2_hdt,4,17992.0,4,17996.0,4,18000.0,0,18004.0,0,18004.0,0,18004.0,4,18004.0,0,18008.0,4,18008.0,0,18012.0,0,18012.0,0,18012.0,4,18012.0,0,18016.0,4,18016.0,0,18020.0,0,18020.0,0,18020.0,4,18020.0,4,18024.0,4,18028.0,0,18032.0,0,18032.0,0,18032.0,4,18032.0,4,18036.0,4,18040.0,0,18044.0,0,18044.0,0,18044.0
187,6374644_1_hdt,17,18044.0,17,18061.0,17,18078.0,0,18095.0,0,18095.0,0,18095.0,17,18095.0,0,18112.0,17,18112.0,0,18129.0,0,18129.0,0,18129.0,17,18129.0,0,18146.0,17,18146.0,0,18163.0,0,18163.0,0,18163.0,17,18163.0,17,18180.0,17,18197.0,0,18214.0,0,18214.0,0,18214.0,17,18214.0,17,18231.0,17,18248.0,0,18265.0,0,18265.0,0,18265.0
188,6294321_2_hdv,1,18265.0,1,18266.0,1,18267.0,0,18268.0,0,18268.0,0,18268.0,1,18268.0,0,18269.0,1,18269.0,0,18270.0,0,18270.0,0,18270.0,1,18270.0,0,18271.0,1,18271.0,0,18272.0,0,18272.0,0,18272.0,1,18272.0,1,18273.0,1,18274.0,0,18275.0,0,18275.0,0,18275.0,1,18275.0,1,18276.0,1,18277.0,0,18278.0,0,18278.0,0,18278.0
189,7456276_1_hdt,45,18278.0,45,18323.0,45,18368.0,0,18413.0,0,18413.0,0,18413.0,45,18413.0,0,18458.0,45,18458.0,0,18503.0,0,18503.0,0,18503.0,45,18503.0,0,18548.0,45,18548.0,0,18593.0,0,18593.0,0,18593.0,45,18593.0,45,18638.0,45,18683.0,0,18728.0,0,18728.0,0,18728.0,45,18728.0,45,18773.0,45,18818.0,0,18863.0,0,18863.0,0,18863.0
190,7461591_2_hdv,81,18863.0,81,18944.0,81,19025.0,0,19106.0,0,19106.0,0,19106.0,81,19106.0,0,19187.0,81,19187.0,0,19268.0,0,19268.0,0,19268.0,81,19268.0,0,19349.0,81,19349.0,0,19430.0,0,19430.0,0,19430.0,81,19430.0,81,19511.0,81,19592.0,0,19673.0,0,19673.0,0,19673.0,81,19673.0,81,19754.0,81,19835.0,0,19916.0,0,19916.0,0,19916.0
191,7461591_1_hdt,147,19916.0,147,20063.0,147,20210.0,0,20357.0,0,20357.0,0,20357.0,147,20357.0,0,20504.0,147,20504.0,0,20651.0,0,20651.0,0,20651.0,147,20651.0,0,20798.0,147,20798.0,0,20945.0,0,20945.0,0,20945.0,147,20945.0,147,21092.0,147,21239.0,0,21386.0,0,21386.0,0,21386.0,147,21386.0,147,21533.0,147,21680.0,0,21827.0,0,21827.0,0,21827.0
192,6436040_1_hdt,1,21827.0,1,21828.0,1,21829.0,0,21830.0,0,21830.0,0,21830.0,1,21830.0,0,21831.0,1,21831.0,0,21832.0,0,21832.0,0,21832.0,1,21832.0,0,21833.0,1,21833.0,0,21834.0,0,21834.0,0,21834.0,1,21834.0,1,21835.0,1,21836.0,0,21837.0,0,21837.0,0,21837.0,1,21837.0,1,21838.0,1,21839.0,0,21840.0,0,21840.0,0,21840.0
193,8240397_1_mdv,5,21840.0,5,21845.0,5,21850.0,0,21855.0,0,21855.0,0,21855.0,5,21855.0,0,21860.0,5,21860.0,0,21865.0,0,21865.0,0,21865.0,5,21865.0,0,21870.0,5,21870.0,0,21875.0,0,21875.0,0,21875.0,5,21875.0,5,21880.0,5,21885.0,0,21890.0,0,21890.0,0,21890.0,5,21890.0,5,21895.0,5,21900.0,0,21905.0,0,21905.0,0,21905.0
194,7373565_1_mdv,2,21905.0,2,21907.0,2,21909.0,0,21911.0,0,21911.0,0,21911.0,2,21911.0,0,21913.0,2,21913.0,0,21915.0,0,21915.0,0,21915.0,2,21915.0,0,21917.0,2,21917.0,0,21919.0,0,21919.0,0,21919.0,2,21919.0,2,21921.0,2,21923.0,0,21925.0,0,21925.0,0,21925.0,2,21925.0,2,21927.0,2,21929.0,0,21931.0,0,21931.0,0,21931.0
195,6383755_1_mdv,2,21931.0,2,21933.0,2,21935.0,0,21937.0,0,21937.0,0,21937.0,2,21937.0,0,21939.0,2,21939.0,0,21941.0,0,21941.0,0,21941.0,2,21941.0,0,21943.0,2,21943.0,0,21945.0,0,21945.0,0,21945.0,2,21945.0,2,21947.0,2,21949.0,0,21951.0,0,21951.0,0,21951.0,2,21951.0,2,21953.0,2,21955.0,0,21957.0,0,21957.0,0,21957.0
196,5027626_1_hdt,28,21957.0,28,21985.0,28,22013.0,0,22041.0,0,22041.0,0,22041.0,28,22041.0,0,22069.0,28,22069.0,0,22097.0,0,22097.0,0,22097.0,28,22097.0,0,22125.0,28,22125.0,0,22153.0,0,22153.0,0,22153.0,28,22153.0,28,22181.0,28,22209.0,0,22237.0,0,22237.0,0,22237.0,28,22237.0,28,22265.0,28,22293.0,0,22321.0,0,22321.0,0,22321.0
197,6375909_1_mdv,1,22321.0,1,22322.0,1,22323.0,0,22324.0,0,22324.0,0,22324.0,1,22324.0,0,22325.0,1,22325.0,0,22326.0,0,22326.0,0,22326.0,1,22326.0,0,22327.0,1,22327.0,0,22328.0,0,22328.0,0,22328.0,1,22328.0,1,22329.0,1,22330.0,0,22331.0,0,22331.0,0,22331.0,1,22331.0,1,22332.0,1,22333.0,0,22334.0,0,22334.0,0,22334.0
198,4954873_1_hdt,30,22334.0,30,22364.0,30,22394.0,0,22424.0,0,22424.0,0,22424.0,30,22424.0,0,22454.0,30,22454.0,0,22484.0,0,22484.0,0,22484.0,30,22484.0,0,22514.0,30,22514.0,0,22544.0,0,22544.0,0,22544.0,30,22544.0,30,22574.0,30,22604.0,0,22634.0,0,22634.0,0,22634.0,30,22634.0,30,22664.0,30,22694.0,0,22724.0,0,22724.0,0,22724.0
199,7456279_1_hdt,16,22724.0,16,22740.0,16,22756.0,0,22772.0,0,22772.0,0,22772.0,16,22772.0,0,22788.0,16,22788.0,0,22804.0,0,22804.0,0,22804.0,16,22804.0,0,22820.0,16,22820.0,0,22836.0,0,22836.0,0,22836.0,16,22836.0,16,22852.0,16,22868.0,0,22884.0,0,22884.0,0,22884.0,16,22884.0,16,22900.0,16,22916.0,0,22932.0,0,22932.0,0,22932.0
200,7456275_2_hdv,25,22932.0,25,22957.0,25,22982.0,0,23007.0,0,23007.0,0,23007.0,25,23007.0,0,23032.0,25,23032.0,0,23057.0,0,23057.0,0,23057.0,25,23057.0,0,23082.0,25,23082.0,0,23107.0,0,23107.0,0,23107.0,25,23107.0,25,23132.0,25,23157.0,0,23182.0,0,23182.0,0,23182.0,25,23182.0,25,23207.0,25,23232.0,0,23257.0,0,23257.0,0,23257.0
201,7456275_1_hdt,46,23257.0,46,23303.0,46,23349.0,0,23395.0,0,23395.0,0,23395.0,46,23395.0,0,23441.0,46,23441.0,0,23487.0,0,23487.0,0,23487.0,46,23487.0,0,23533.0,46,23533.0,0,23579.0,0,23579.0,0,23579.0,46,23579.0,46,23625.0,46,23671.0,0,23717.0,0,23717.0,0,23717.0,46,23717.0,46,23763.0,46,23809.0,0,23855.0,0,23855.0,0,23855.0
202,7456553_2_hdv,80,23855.0,80,23935.0,80,24015.0,0,24095.0,0,24095.0,0,24095.0,80,24095.0,0,24175.0,80,24175.0,0,24255.0,0,24255.0,0,24255.0,80,24255.0,0,24335.0,80,24335.0,0,24415.0,0,24415.0,0,24415.0,80,24415.0,80,24495.0,80,24575.0,0,24655.0,0,24655.0,0,24655.0,80,24655.0,80,24735.0,80,24815.0,0,24895.0,0,24895.0,0,24895.0
203,7456553_1_hdt,147,24895.0,147,25042.0,147,25189.0,0,25336.0,0,25336.0,0,25336.0,147,25336.0,0,25483.0,147,25483.0,0,25630.0,0,25630.0,0,25630.0,147,25630.0,0,25777.0,147,25777.0,0,25924.0,0,25924.0,0,25924.0,147,25924.0,147,26071.0,147,26218.0,0,26365.0,0,26365.0,0,26365.0,147,26365.0,147,26512.0,147,26659.0,0,26806.0,0,26806.0,0,26806.0
204,7461592_1_hdt,42,26806.0,42,26848.0,42,26890.0,0,26932.0,0,26932.0,0,26932.0,42,26932.0,0,26974.0,42,26974.0,0,27016.0,0,27016.0,0,27016.0,42,27016.0,0,27058.0,42,27058.0,0,27100.0,0,27100.0,0,27100.0,42,27100.0,42,27142.0,42,27184.0,0,27226.0,0,27226.0,0,27226.0,42,27226.0,42,27268.0,42,27310.0,0,27352.0,0,27352.0,0,27352.0
205,7456552_1_hdt,82,27352.0,82,27434.0,82,27516.0,0,27598.0,0,27598.0,0,27598.0,82,27598.0,0,27680.0,82,27680.0,0,27762.0,0,27762.0,0,27762.0,82,27762.0,0,27844.0,82,27844.0,0,27926.0,0,27926.0,0,27926.0,82,27926.0,82,28008.0,82,28090.0,0,28172.0,0,28172.0,0,28172.0,82,28172.0,82,28254.0,82,28336.0,0,28418.0,0,28418.0,0,28418.0
206,7461590_2_hdv,44,28418.0,44,28462.0,44,28506.0,0,28550.0,0,28550.0,0,28550.0,44,28550.0,0,28594.0,44,28594.0,0,28638.0,0,28638.0,0,28638.0,44,28638.0,0,28682.0,44,28682.0,0,28726.0,0,28726.0,0,28726.0,44,28726.0,44,28770.0,44,28814.0,0,28858.0,0,28858.0,0,28858.0,44,28858.0,44,28902.0,44,28946.0,0,28990.0,0,28990.0,0,28990.0
207,7461592_2_hdv,23,28990.0,23,29013.0,23,29036.0,0,29059.0,0,29059.0,0,29059.0,23,29059.0,0,29082.0,23,29082.0,0,29105.0,0,29105.0,0,29105.0,23,29105.0,0,29128.0,23,29128.0,0,29151.0,0,29151.0,0,29151.0,23,29151.0,23,29174.0,23,29197.0,0,29220.0,0,29220.0,0,29220.0,23,29220.0,23,29243.0,23,29266.0,0,29289.0,0,29289.0,0,29289.0
208,7461590_1_hdt,81,29289.0,81,29370.0,81,29451.0,0,29532.0,0,29532.0,0,29532.0,81,29532.0,0,29613.0,81,29613.0,0,29694.0,0,29694.0,0,29694.0,81,29694.0,0,29775.0,81,29775.0,0,29856.0,0,29856.0,0,29856.0,81,29856.0,81,29937.0,81,30018.0,0,30099.0,0,30099.0,0,30099.0,81,30099.0,81,30180.0,81,30261.0,0,30342.0,0,30342.0,0,30342.0
209,6378024_2_hdv,5,30342.0,5,30347.0,5,30352.0,0,30357.0,0,30357.0,0,30357.0,5,30357.0,0,30362.0,5,30362.0,0,30367.0,0,30367.0,0,30367.0,5,30367.0,0,30372.0,5,30372.0,0,30377.0,0,30377.0,0,30377.0,5,30377.0,5,30382.0,5,30387.0,0,30392.0,0,30392.0,0,30392.0,5,30392.0,5,30397.0,5,30402.0,0,30407.0,0,30407.0,0,30407.0
210,6378024_2_ld3,5,30407.0,5,30412.0,5,30417.0,0,30422.0,0,30422.0,0,30422.0,5,30422.0,0,30427.0,5,30427.0,0,30432.0,0,30432.0,0,30432.0,5,30432.0,0,30437.0,5,30437.0,0,30442.0,0,30442.0,0,30442.0,5,30442.0,5,30447.0,5,30452.0,0,30457.0,0,30457.0,0,30457.0,5,30457.0,5,30462.0,5,30467.0,0,30472.0,0,30472.0,0,30472.0
211,6378024_2_mdv,5,30472.0,5,30477.0,5,30482.0,0,30487.0,0,30487.0,0,30487.0,5,30487.0,0,30492.0,5,30492.0,0,30497.0,0,30497.0,0,30497.0,5,30497.0,0,30502.0,5,30502.0,0,30507.0,0,30507.0,0,30507.0,5,30507.0,5,30512.0,5,30517.0,0,30522.0,0,30522.0,0,30522.0,5,30522.0,5,30527.0,5,30532.0,0,30537.0,0,30537.0,0,30537.0
212,6376738_1_hdt,4,30537.0,4,30541.0,4,30545.0,0,30549.0,0,30549.0,0,30549.0,4,30549.0,0,30553.0,4,30553.0,0,30557.0,0,30557.0,0,30557.0,4,30557.0,0,30561.0,4,30561.0,0,30565.0,0,30565.0,0,30565.0,4,30565.0,4,30569.0,4,30573.0,0,30577.0,0,30577.0,0,30577.0,4,30577.0,4,30581.0,4,30585.0,0,30589.0,0,30589.0,0,30589.0
213,6376738_2_hdv,3,30589.0,3,30592.0,3,30595.0,0,30598.0,0,30598.0,0,30598.0,3,30598.0,0,30601.0,3,30601.0,0,30604.0,0,30604.0,0,30604.0,3,30604.0,0,30607.0,3,30607.0,0,30610.0,0,30610.0,0,30610.0,3,30610.0,3,30613.0,3,30616.0,0,30619.0,0,30619.0,0,30619.0,3,30619.0,3,30622.0,3,30625.0,0,30628.0,0,30628.0,0,30628.0
214,6376738_2_mdv,3,30628.0,3,30631.0,3,30634.0,0,30637.0,0,30637.0,0,30637.0,3,30637.0,0,30640.0,3,30640.0,0,30643.0,0,30643.0,0,30643.0,3,30643.0,0,30646.0,3,30646.0,0,30649.0,0,30649.0,0,30649.0,3,30649.0,3,30652.0,3,30655.0,0,30658.0,0,30658.0,0,30658.0,3,30658.0,3,30661.0,3,30664.0,0,30667.0,0,30667.0,0,30667.0
215,6378024_1_hdt,8,30667.0,8,30675.0,8,30683.0,0,30691.0,0,30691.0,0,30691.0,8,30691.0,0,30699.0,8,30699.0,0,30707.0,0,30707.0,0,30707.0,8,30707.0,0,30715.0,8,30715.0,0,30723.0,0,30723.0,0,30723.0,8,30723.0,8,30731.0,8,30739.0,0,30747.0,0,30747.0,0,30747.0,8,30747.0,8,30755.0,8,30763.0,0,30771.0,0,30771.0,0,30771.0
216,7196022_1_hdt,2,30771.0,2,30773.0,2,30775.0,0,30777.0,0,30777.0,0,30777.0,2,30777.0,0,30779.0,2,30779.0,0,30781.0,0,30781.0,0,30781.0,2,30781.0,0,30783.0,2,30783.0,0,30785.0,0,30785.0,0,30785.0,2,30785.0,2,30787.0,2,30789.0,0,30791.0,0,30791.0,0,30791.0,2,30791.0,2,30793.0,2,30795.0,0,30797.0,0,30797.0,0,30797.0
217,6377921_1_hdt,1,30797.0,1,30798.0,1,30799.0,0,30800.0,0,30800.0,0,30800.0,1,30800.0,0,30801.0,1,30801.0,0,30802.0,0,30802.0,0,30802.0,1,30802.0,0,30803.0,1,30803.0,0,30804.0,0,30804.0,0,30804.0,1,30804.0,1,30805.0,1,30806.0,0,30807.0,0,30807.0,0,30807.0,1,30807.0,1,30808.0,1,30809.0,0,30810.0,0,30810.0,0,30810.0
218,7369912_1_hdt,4,30810.0,4,30814.0,4,30818.0,0,30822.0,0,30822.0,0,30822.0,4,30822.0,0,30826.0,4,30826.0,0,30830.0,0,30830.0,0,30830.0,4,30830.0,0,30834.0,4,30834.0,0,30838.0,0,30838.0,0,30838.0,4,30838.0,4,30842.0,4,30846.0,0,30850.0,0,30850.0,0,30850.0,4,30850.0,4,30854.0,4,30858.0,0,30862.0,0,30862.0,0,30862.0
219,8395464_1_hdt,2,30862.0,2,30864.0,2,30866.0,0,30868.0,0,30868.0,0,30868.0,2,30868.0,0,30870.0,2,30870.0,0,30872.0,0,30872.0,0,30872.0,2,30872.0,0,30874.0,2,30874.0,0,30876.0,0,30876.0,0,30876.0,2,30876.0,2,30878.0,2,30880.0,0,30882.0,0,30882.0,0,30882.0,2,30882.0,2,30884.0,2,30886.0,0,30888.0,0,30888.0,0,30888.0
220,6376773_2_hdt,13,30888.0,13,30901.0,13,30914.0,0,30927.0,0,30927.0,0,30927.0,13,30927.0,0,30940.0,13,30940.0,0,30953.0,0,30953.0,0,30953.0,13,30953.0,0,30966.0,13,30966.0,0,30979.0,0,30979.0,0,30979.0,13,30979.0,13,30992.0,13,31005.0,0,31018.0,0,31018.0,0,31018.0,13,31018.0,13,31031.0,13,31044.0,0,31057.0,0,31057.0,0,31057.0
221,6382053_2_hdv,22,31057.0,22,31079.0,22,31101.0,0,31123.0,0,31123.0,0,31123.0,22,31123.0,0,31145.0,22,31145.0,0,31167.0,0,31167.0,0,31167.0,22,31167.0,0,31189.0,22,31189.0,0,31211.0,0,31211.0,0,31211.0,22,31211.0,22,31233.0,22,31255.0,0,31277.0,0,31277.0,0,31277.0,22,31277.0,22,31299.0,22,31321.0,0,31343.0,0,31343.0,0,31343.0
222,6376773_4_hdt,6,31343.0,6,31349.0,6,31355.0,0,31361.0,0,31361.0,0,31361.0,6,31361.0,0,31367.0,6,31367.0,0,31373.0,0,31373.0,0,31373.0,6,31373.0,0,31379.0,6,31379.0,0,31385.0,0,31385.0,0,31385.0,6,31385.0,6,31391.0,6,31397.0,0,31403.0,0,31403.0,0,31403.0,6,31403.0,6,31409.0,6,31415.0,0,31421.0,0,31421.0,0,31421.0
223,6436192_1_hdt,102,31421.0,102,31523.0,102,31625.0,0,31727.0,0,31727.0,0,31727.0,102,31727.0,0,31829.0,102,31829.0,0,31931.0,0,31931.0,0,31931.0,102,31931.0,0,32033.0,102,32033.0,0,32135.0,0,32135.0,0,32135.0,102,32135.0,102,32237.0,102,32339.0,0,32441.0,0,32441.0,0,32441.0,102,32441.0,102,32543.0,102,32645.0,0,32747.0,0,32747.0,0,32747.0
224,6436192_2_hdt,102,32747.0,102,32849.0,102,32951.0,0,33053.0,0,33053.0,0,33053.0,102,33053.0,0,33155.0,102,33155.0,0,33257.0,0,33257.0,0,33257.0,102,33257.0,0,33359.0,102,33359.0,0,33461.0,0,33461.0,0,33461.0,102,33461.0,102,33563.0,102,33665.0,0,33767.0,0,33767.0,0,33767.0,102,33767.0,102,33869.0,102,33971.0,0,34073.0,0,34073.0,0,34073.0
225,6377863_1_hdt,3,34073.0,3,34076.0,3,34079.0,0,34082.0,0,34082.0,0,34082.0,3,34082.0,0,34085.0,3,34085.0,0,34088.0,0,34088.0,0,34088.0,3,34088.0,0,34091.0,3,34091.0,0,34094.0,0,34094.0,0,34094.0,3,34094.0,3,34097.0,3,34100.0,0,34103.0,0,34103.0,0,34103.0,3,34103.0,3,34106.0,3,34109.0,0,34112.0,0,34112.0,0,34112.0
226,6437029_4_hdt,1,34112.0,1,34113.0,1,34114.0,0,34115.0,0,34115.0,0,34115.0,1,34115.0,0,34116.0,1,34116.0,0,34117.0,0,34117.0,0,34117.0,1,34117.0,0,34118.0,1,34118.0,0,34119.0,0,34119.0,0,34119.0,1,34119.0,1,34120.0,1,34121.0,0,34122.0,0,34122.0,0,34122.0,1,34122.0,1,34123.0,1,34124.0,0,34125.0,0,34125.0,0,34125.0
227,6376967_3_hdt,3,34125.0,3,34128.0,3,34131.0,0,34134.0,0,34134.0,0,34134.0,3,34134.0,0,34137.0,3,34137.0,0,34140.0,0,34140.0,0,34140.0,3,34140.0,0,34143.0,3,34143.0,0,34146.0,0,34146.0,0,34146.0,3,34146.0,3,34149.0,3,34152.0,0,34155.0,0,34155.0,0,34155.0,3,34155.0,3,34158.0,3,34161.0,0,34164.0,0,34164.0,0,34164.0
228,8395891_1_hdt,237,34164.0,237,34401.0,237,34638.0,0,34875.0,0,34875.0,0,34875.0,237,34875.0,0,35112.0,237,35112.0,0,35349.0,0,35349.0,0,35349.0,237,35349.0,0,35586.0,237,35586.0,0,35823.0,0,35823.0,0,35823.0,237,35823.0,237,36060.0,237,36297.0,0,36534.0,0,36534.0,0,36534.0,237,36534.0,237,36771.0,237,37008.0,0,37245.0,0,37245.0,0,37245.0
229,8395891_2_hdt,237,37245.0,237,37482.0,237,37719.0,0,37956.0,0,37956.0,0,37956.0,237,37956.0,0,38193.0,237,38193.0,0,38430.0,0,38430.0,0,38430.0,237,38430.0,0,38667.0,237,38667.0,0,38904.0,0,38904.0,0,38904.0,237,38904.0,237,39141.0,237,39378.0,0,39615.0,0,39615.0,0,39615.0,237,39615.0,237,39852.0,237,40089.0,0,40326.0,0,40326.0,0,40326.0
230,6403234_1_hdt,27,40326.0,27,40353.0,27,40380.0,0,40407.0,0,40407.0,0,40407.0,27,40407.0,0,40434.0,27,40434.0,0,40461.0,0,40461.0,0,40461.0,27,40461.0,0,40488.0,27,40488.0,0,40515.0,0,40515.0,0,40515.0,27,40515.0,27,40542.0,27,40569.0,0,40596.0,0,40596.0,0,40596.0,27,40596.0,27,40623.0,27,40650.0,0,40677.0,0,40677.0,0,40677.0
231,6403234_2_hdt,27,40677.0,27,40704.0,27,40731.0,0,40758.0,0,40758.0,0,40758.0,27,40758.0,0,40785.0,27,40785.0,0,40812.0,0,40812.0,0,40812.0,27,40812.0,0,40839.0,27,40839.0,0,40866.0,0,40866.0,0,40866.0,27,40866.0,27,40893.0,27,40920.0,0,40947.0,0,40947.0,0,40947.0,27,40947.0,27,40974.0,27,41001.0,0,41028.0,0,41028.0,0,41028.0
232,6403031_2_hdt,27,41028.0,27,41055.0,27,41082.0,0,41109.0,0,41109.0,0,41109.0,27,41109.0,0,41136.0,27,41136.0,0,41163.0,0,41163.0,0,41163.0,27,41163.0,0,41190.0,27,41190.0,0,41217.0,0,41217.0,0,41217.0,27,41217.0,27,41244.0,27,41271.0,0,41298.0,0,41298.0,0,41298.0,27,41298.0,27,41325.0,27,41352.0,0,41379.0,0,41379.0,0,41379.0
233,6383620_2_hdt,24,41379.0,24,41403.0,24,41427.0,0,41451.0,0,41451.0,0,41451.0,24,41451.0,0,41475.0,24,41475.0,0,41499.0,0,41499.0,0,41499.0,24,41499.0,0,41523.0,24,41523.0,0,41547.0,0,41547.0,0,41547.0,24,41547.0,24,41571.0,24,41595.0,0,41619.0,0,41619.0,0,41619.0,24,41619.0,24,41643.0,24,41667.0,0,41691.0,0,41691.0,0,41691.0
234,6383620_1_hdt,24,41691.0,24,41715.0,24,41739.0,0,41763.0,0,41763.0,0,41763.0,24,41763.0,0,41787.0,24,41787.0,0,41811.0,0,41811.0,0,41811.0,24,41811.0,0,41835.0,24,41835.0,0,41859.0,0,41859.0,0,41859.0,24,41859.0,24,41883.0,24,41907.0,0,41931.0,0,41931.0,0,41931.0,24,41931.0,24,41955.0,24,41979.0,0,42003.0,0,42003.0,0,42003.0
235,6382478_1_hdt,4,42003.0,4,42007.0,4,42011.0,0,42015.0,0,42015.0,0,42015.0,4,42015.0,0,42019.0,4,42019.0,0,42023.0,0,42023.0,0,42023.0,4,42023.0,0,42027.0,4,42027.0,0,42031.0,0,42031.0,0,42031.0,4,42031.0,4,42035.0,4,42039.0,0,42043.0,0,42043.0,0,42043.0,4,42043.0,4,42047.0,4,42051.0,0,42055.0,0,42055.0,0,42055.0
236,6382478_2_hdt,8,42055.0,8,42063.0,8,42071.0,0,42079.0,0,42079.0,0,42079.0,8,42079.0,0,42087.0,8,42087.0,0,42095.0,0,42095.0,0,42095.0,8,42095.0,0,42103.0,8,42103.0,0,42111.0,0,42111.0,0,42111.0,8,42111.0,8,42119.0,8,42127.0,0,42135.0,0,42135.0,0,42135.0,8,42135.0,8,42143.0,8,42151.0,0,42159.0,0,42159.0,0,42159.0
237,7367802_3_hdt,7,42159.0,7,42166.0,7,42173.0,0,42180.0,0,42180.0,0,42180.0,7,42180.0,0,42187.0,7,42187.0,0,42194.0,0,42194.0,0,42194.0,7,42194.0,0,42201.0,7,42201.0,0,42208.0,0,42208.0,0,42208.0,7,42208.0,7,42215.0,7,42222.0,0,42229.0,0,42229.0,0,42229.0,7,42229.0,7,42236.0,7,42243.0,0,42250.0,0,42250.0,0,42250.0
238,7367802_2_hdt,12,42250.0,12,42262.0,12,42274.0,0,42286.0,0,42286.0,0,42286.0,12,42286.0,0,42298.0,12,42298.0,0,42310.0,0,42310.0,0,42310.0,12,42310.0,0,42322.0,12,42322.0,0,42334.0,0,42334.0,0,42334.0,12,42334.0,12,42346.0,12,42358.0,0,42370.0,0,42370.0,0,42370.0,12,42370.0,12,42382.0,12,42394.0,0,42406.0,0,42406.0,0,42406.0
239,6382872_1_hdt,7,42406.0,7,42413.0,7,42420.0,0,42427.0,0,42427.0,0,42427.0,7,42427.0,0,42434.0,7,42434.0,0,42441.0,0,42441.0,0,42441.0,7,42441.0,0,42448.0,7,42448.0,0,42455.0,0,42455.0,0,42455.0,7,42455.0,7,42462.0,7,42469.0,0,42476.0,0,42476.0,0,42476.0,7,42476.0,7,42483.0,7,42490.0,0,42497.0,0,42497.0,0,42497.0
240,6382872_2_hdt,15,42497.0,15,42512.0,15,42527.0,0,42542.0,0,42542.0,0,42542.0,15,42542.0,0,42557.0,15,42557.0,0,42572.0,0,42572.0,0,42572.0,15,42572.0,0,42587.0,15,42587.0,0,42602.0,0,42602.0,0,42602.0,15,42602.0,15,42617.0,15,42632.0,0,42647.0,0,42647.0,0,42647.0,15,42647.0,15,42662.0,15,42677.0,0,42692.0,0,42692.0,0,42692.0
241,6376771_2_hdt,2,42692.0,2,42694.0,2,42696.0,0,42698.0,0,42698.0,0,42698.0,2,42698.0,0,42700.0,2,42700.0,0,42702.0,0,42702.0,0,42702.0,2,42702.0,0,42704.0,2,42704.0,0,42706.0,0,42706.0,0,42706.0,2,42706.0,2,42708.0,2,42710.0,0,42712.0,0,42712.0,0,42712.0,2,42712.0,2,42714.0,2,42716.0,0,42718.0,0,42718.0,0,42718.0
242,6376771_1_hdt,2,42718.0,2,42720.0,2,42722.0,0,42724.0,0,42724.0,0,42724.0,2,42724.0,0,42726.0,2,42726.0,0,42728.0,0,42728.0,0,42728.0,2,42728.0,0,42730.0,2,42730.0,0,42732.0,0,42732.0,0,42732.0,2,42732.0,2,42734.0,2,42736.0,0,42738.0,0,42738.0,0,42738.0,2,42738.0,2,42740.0,2,42742.0,0,42744.0,0,42744.0,0,42744.0
243,7465275_1_hdt,5,42744.0,5,42749.0,5,42754.0,0,42759.0,0,42759.0,0,42759.0,5,42759.0,0,42764.0,5,42764.0,0,42769.0,0,42769.0,0,42769.0,5,42769.0,0,42774.0,5,42774.0,0,42779.0,0,42779.0,0,42779.0,5,42779.0,5,42784.0,5,42789.0,0,42794.0,0,42794.0,0,42794.0,5,42794.0,5,42799.0,5,42804.0,0,42809.0,0,42809.0,0,42809.0
244,6436400_1_hdt,2,42809.0,2,42811.0,2,42813.0,0,42815.0,0,42815.0,0,42815.0,2,42815.0,0,42817.0,2,42817.0,0,42819.0,0,42819.0,0,42819.0,2,42819.0,0,42821.0,2,42821.0,0,42823.0,0,42823.0,0,42823.0,2,42823.0,2,42825.0,2,42827.0,0,42829.0,0,42829.0,0,42829.0,2,42829.0,2,42831.0,2,42833.0,0,42835.0,0,42835.0,0,42835.0
245,7367267_1_hdt,4,42835.0,4,42839.0,4,42843.0,0,42847.0,0,42847.0,0,42847.0,4,42847.0,0,42851.0,4,42851.0,0,42855.0,0,42855.0,0,42855.0,4,42855.0,0,42859.0,4,42859.0,0,42863.0,0,42863.0,0,42863.0,4,42863.0,4,42867.0,4,42871.0,0,42875.0,0,42875.0,0,42875.0,4,42875.0,4,42879.0,4,42883.0,0,42887.0,0,42887.0,0,42887.0
246,7367267_2_hdt,1,42887.0,1,42888.0,1,42889.0,0,42890.0,0,42890.0,0,42890.0,1,42890.0,0,42891.0,1,42891.0,0,42892.0,0,42892.0,0,42892.0,1,42892.0,0,42893.0,1,42893.0,0,42894.0,0,42894.0,0,42894.0,1,42894.0,1,42895.0,1,42896.0,0,42897.0,0,42897.0,0,42897.0,1,42897.0,1,42898.0,1,42899.0,0,42900.0,0,42900.0,0,42900.0
247,6376935_1_hdt,3,42900.0,3,42903.0,3,42906.0,0,42909.0,0,42909.0,0,42909.0,3,42909.0,0,42912.0,3,42912.0,0,42915.0,0,42915.0,0,42915.0,3,42915.0,0,42918.0,3,42918.0,0,42921.0,0,42921.0,0,42921.0,3,42921.0,3,42924.0,3,42927.0,0,42930.0,0,42930.0,0,42930.0,3,42930.0,3,42933.0,3,42936.0,0,42939.0,0,42939.0,0,42939.0
248,6376772_4_hdt,1,42939.0,1,42940.0,1,42941.0,0,42942.0,0,42942.0,0,42942.0,1,42942.0,0,42943.0,1,42943.0,0,42944.0,0,42944.0,0,42944.0,1,42944.0,0,42945.0,1,42945.0,0,42946.0,0,42946.0,0,42946.0,1,42946.0,1,42947.0,1,42948.0,0,42949.0,0,42949.0,0,42949.0,1,42949.0,1,42950.0,1,42951.0,0,42952.0,0,42952.0,0,42952.0
249,6299848_1_mdv,4,42952.0,4,42956.0,4,42960.0,0,42964.0,0,42964.0,0,42964.0,4,42964.0,0,42968.0,4,42968.0,0,42972.0,0,42972.0,0,42972.0,4,42972.0,0,42976.0,4,42976.0,0,42980.0,0,42980.0,0,42980.0,4,42980.0,4,42984.0,4,42988.0,0,42992.0,0,42992.0,0,42992.0,4,42992.0,4,42996.0,4,43000.0,0,43004.0,0,43004.0,0,43004.0
250,6433587_1_mdv,3,43004.0,3,43007.0,3,43010.0,0,43013.0,0,43013.0,0,43013.0,3,43013.0,0,43016.0,3,43016.0,0,43019.0,0,43019.0,0,43019.0,3,43019.0,0,43022.0,3,43022.0,0,43025.0,0,43025.0,0,43025.0,3,43025.0,3,43028.0,3,43031.0,0,43034.0,0,43034.0,0,43034.0,3,43034.0,3,43037.0,3,43040.0,0,43043.0,0,43043.0,0,43043.0
251,6377923_1_mdv,22,43043.0,22,43065.0,22,43087.0,0,43109.0,0,43109.0,0,43109.0,22,43109.0,0,43131.0,22,43131.0,0,43153.0,0,43153.0,0,43153.0,22,43153.0,0,43175.0,22,43175.0,0,43197.0,0,43197.0,0,43197.0,22,43197.0,22,43219.0,22,43241.0,0,43263.0,0,43263.0,0,43263.0,22,43263.0,22,43285.0,22,43307.0,0,43329.0,0,43329.0,0,43329.0
252,7189741_1_ld1,2,43329.0,2,43331.0,2,43333.0,0,43335.0,0,43335.0,0,43335.0,2,43335.0,0,43337.0,2,43337.0,0,43339.0,0,43339.0,0,43339.0,2,43339.0,0,43341.0,2,43341.0,0,43343.0,0,43343.0,0,43343.0,2,43343.0,2,43345.0,2,43347.0,0,43349.0,0,43349.0,0,43349.0,2,43349.0,2,43351.0,2,43353.0,0,43355.0,0,43355.0,0,43355.0
253,6374838_1_mdv,66,43355.0,66,43421.0,66,43487.0,0,43553.0,0,43553.0,0,43553.0,66,43553.0,0,43619.0,66,43619.0,0,43685.0,0,43685.0,0,43685.0,66,43685.0,0,43751.0,66,43751.0,0,43817.0,0,43817.0,0,43817.0,66,43817.0,66,43883.0,66,43949.0,0,44015.0,0,44015.0,0,44015.0,66,44015.0,66,44081.0,66,44147.0,0,44213.0,0,44213.0,0,44213.0
254,6381532_1_mdv,1,44213.0,1,44214.0,1,44215.0,0,44216.0,0,44216.0,0,44216.0,1,44216.0,0,44217.0,1,44217.0,0,44218.0,0,44218.0,0,44218.0,1,44218.0,0,44219.0,1,44219.0,0,44220.0,0,44220.0,0,44220.0,1,44220.0,1,44221.0,1,44222.0,0,44223.0,0,44223.0,0,44223.0,1,44223.0,1,44224.0,1,44225.0,0,44226.0,0,44226.0,0,44226.0
255,7456125_1_mdv,9,44226.0,9,44235.0,9,44244.0,0,44253.0,0,44253.0,0,44253.0,9,44253.0,0,44262.0,9,44262.0,0,44271.0,0,44271.0,0,44271.0,9,44271.0,0,44280.0,9,44280.0,0,44289.0,0,44289.0,0,44289.0,9,44289.0,9,44298.0,9,44307.0,0,44316.0,0,44316.0,0,44316.0,9,44316.0,9,44325.0,9,44334.0,0,44343.0,0,44343.0,0,44343.0
256,6402115_1_mdv,1,44343.0,1,44344.0,1,44345.0,0,44346.0,0,44346.0,0,44346.0,1,44346.0,0,44347.0,1,44347.0,0,44348.0,0,44348.0,0,44348.0,1,44348.0,0,44349.0,1,44349.0,0,44350.0,0,44350.0,0,44350.0,1,44350.0,1,44351.0,1,44352.0,0,44353.0,0,44353.0,0,44353.0,1,44353.0,1,44354.0,1,44355.0,0,44356.0,0,44356.0,0,44356.0
257,6378345_1_mdv,16,44356.0,16,44372.0,16,44388.0,0,44404.0,0,44404.0,0,44404.0,16,44404.0,0,44420.0,16,44420.0,0,44436.0,0,44436.0,0,44436.0,16,44436.0,0,44452.0,16,44452.0,0,44468.0,0,44468.0,0,44468.0,16,44468.0,16,44484.0,16,44500.0,0,44516.0,0,44516.0,0,44516.0,16,44516.0,16,44532.0,16,44548.0,0,44564.0,0,44564.0,0,44564.0
258,6378472_1_mdv,29,44564.0,29,44593.0,29,44622.0,0,44651.0,0,44651.0,0,44651.0,29,44651.0,0,44680.0,29,44680.0,0,44709.0,0,44709.0,0,44709.0,29,44709.0,0,44738.0,29,44738.0,0,44767.0,0,44767.0,0,44767.0,29,44767.0,29,44796.0,29,44825.0,0,44854.0,0,44854.0,0,44854.0,29,44854.0,29,44883.0,29,44912.0,0,44941.0,0,44941.0,0,44941.0
259,6377342_1_mdv,16,44941.0,16,44957.0,16,44973.0,0,44989.0,0,44989.0,0,44989.0,16,44989.0,0,45005.0,16,45005.0,0,45021.0,0,45021.0,0,45021.0,16,45021.0,0,45037.0,16,45037.0,0,45053.0,0,45053.0,0,45053.0,16,45053.0,16,45069.0,16,45085.0,0,45101.0,0,45101.0,0,45101.0,16,45101.0,16,45117.0,16,45133.0,0,45149.0,0,45149.0,0,45149.0
260,6433892_2_hdv,5,45149.0,5,45154.0,5,45159.0,0,45164.0,0,45164.0,0,45164.0,5,45164.0,0,45169.0,5,45169.0,0,45174.0,0,45174.0,0,45174.0,5,45174.0,0,45179.0,5,45179.0,0,45184.0,0,45184.0,0,45184.0,5,45184.0,5,45189.0,5,45194.0,0,45199.0,0,45199.0,0,45199.0,5,45199.0,5,45204.0,5,45209.0,0,45214.0,0,45214.0,0,45214.0
261,6433892_1_hdt,1,45214.0,1,45215.0,1,45216.0,0,45217.0,0,45217.0,0,45217.0,1,45217.0,0,45218.0,1,45218.0,0,45219.0,0,45219.0,0,45219.0,1,45219.0,0,45220.0,1,45220.0,0,45221.0,0,45221.0,0,45221.0,1,45221.0,1,45222.0,1,45223.0,0,45224.0,0,45224.0,0,45224.0,1,45224.0,1,45225.0,1,45226.0,0,45227.0,0,45227.0,0,45227.0
262,6433892_5_mdv,2,45227.0,2,45229.0,2,45231.0,0,45233.0,0,45233.0,0,45233.0,2,45233.0,0,45235.0,2,45235.0,0,45237.0,0,45237.0,0,45237.0,2,45237.0,0,45239.0,2,45239.0,0,45241.0,0,45241.0,0,45241.0,2,45241.0,2,45243.0,2,45245.0,0,45247.0,0,45247.0,0,45247.0,2,45247.0,2,45249.0,2,45251.0,0,45253.0,0,45253.0,0,45253.0
263,6440377_1_mdv,1,45253.0,1,45254.0,1,45255.0,0,45256.0,0,45256.0,0,45256.0,1,45256.0,0,45257.0,1,45257.0,0,45258.0,0,45258.0,0,45258.0,1,45258.0,0,45259.0,1,45259.0,0,45260.0,0,45260.0,0,45260.0,1,45260.0,1,45261.0,1,45262.0,0,45263.0,0,45263.0,0,45263.0,1,45263.0,1,45264.0,1,45265.0,0,45266.0,0,45266.0,0,45266.0
264,6374671_1_mdv,15,45266.0,15,45281.0,15,45296.0,0,45311.0,0,45311.0,0,45311.0,15,45311.0,0,45326.0,15,45326.0,0,45341.0,0,45341.0,0,45341.0,15,45341.0,0,45356.0,15,45356.0,0,45371.0,0,45371.0,0,45371.0,15,45371.0,15,45386.0,15,45401.0,0,45416.0,0,45416.0,0,45416.0,15,45416.0,15,45431.0,15,45446.0,0,45461.0,0,45461.0,0,45461.0
265,7367857_1_mdv,4,45461.0,4,45465.0,4,45469.0,0,45473.0,0,45473.0,0,45473.0,4,45473.0,0,45477.0,4,45477.0,0,45481.0,0,45481.0,0,45481.0,4,45481.0,0,45485.0,4,45485.0,0,45489.0,0,45489.0,0,45489.0,4,45489.0,4,45493.0,4,45497.0,0,45501.0,0,45501.0,0,45501.0,4,45501.0,4,45505.0,4,45509.0,0,45513.0,0,45513.0,0,45513.0
266,6402927_1_mdv,3,45513.0,3,45516.0,3,45519.0,0,45522.0,0,45522.0,0,45522.0,3,45522.0,0,45525.0,3,45525.0,0,45528.0,0,45528.0,0,45528.0,3,45528.0,0,45531.0,3,45531.0,0,45534.0,0,45534.0,0,45534.0,3,45534.0,3,45537.0,3,45540.0,0,45543.0,0,45543.0,0,45543.0,3,45543.0,3,45546.0,3,45549.0,0,45552.0,0,45552.0,0,45552.0
267,6435002_1_mdv,7,45552.0,7,45559.0,7,45566.0,0,45573.0,0,45573.0,0,45573.0,7,45573.0,0,45580.0,7,45580.0,0,45587.0,0,45587.0,0,45587.0,7,45587.0,0,45594.0,7,45594.0,0,45601.0,0,45601.0,0,45601.0,7,45601.0,7,45608.0,7,45615.0,0,45622.0,0,45622.0,0,45622.0,7,45622.0,7,45629.0,7,45636.0,0,45643.0,0,45643.0,0,45643.0
268,6433609_1_mdv,2,45643.0,2,45645.0,2,45647.0,0,45649.0,0,45649.0,0,45649.0,2,45649.0,0,45651.0,2,45651.0,0,45653.0,0,45653.0,0,45653.0,2,45653.0,0,45655.0,2,45655.0,0,45657.0,0,45657.0,0,45657.0,2,45657.0,2,45659.0,2,45661.0,0,45663.0,0,45663.0,0,45663.0,2,45663.0,2,45665.0,2,45667.0,0,45669.0,0,45669.0,0,45669.0
269,6375406_1_mdv,3,45669.0,3,45672.0,3,45675.0,0,45678.0,0,45678.0,0,45678.0,3,45678.0,0,45681.0,3,45681.0,0,45684.0,0,45684.0,0,45684.0,3,45684.0,0,45687.0,3,45687.0,0,45690.0,0,45690.0,0,45690.0,3,45690.0,3,45693.0,3,45696.0,0,45699.0,0,45699.0,0,45699.0,3,45699.0,3,45702.0,3,45705.0,0,45708.0,0,45708.0,0,45708.0
270,6378864_1_mdv,11,45708.0,11,45719.0,11,45730.0,0,45741.0,0,45741.0,0,45741.0,11,45741.0,0,45752.0,11,45752.0,0,45763.0,0,45763.0,0,45763.0,11,45763.0,0,45774.0,11,45774.0,0,45785.0,0,45785.0,0,45785.0,11,45785.0,11,45796.0,11,45807.0,0,45818.0,0,45818.0,0,45818.0,11,45818.0,11,45829.0,11,45840.0,0,45851.0,0,45851.0,0,45851.0
271,6378863_1_mdv,10,45851.0,10,45861.0,10,45871.0,0,45881.0,0,45881.0,0,45881.0,10,45881.0,0,45891.0,10,45891.0,0,45901.0,0,45901.0,0,45901.0,10,45901.0,0,45911.0,10,45911.0,0,45921.0,0,45921.0,0,45921.0,10,45921.0,10,45931.0,10,45941.0,0,45951.0,0,45951.0,0,45951.0,10,45951.0,10,45961.0,10,45971.0,0,45981.0,0,45981.0,0,45981.0
272,6377930_1_mdv,5,45981.0,5,45986.0,5,45991.0,0,45996.0,0,45996.0,0,45996.0,5,45996.0,0,46001.0,5,46001.0,0,46006.0,0,46006.0,0,46006.0,5,46006.0,0,46011.0,5,46011.0,0,46016.0,0,46016.0,0,46016.0,5,46016.0,5,46021.0,5,46026.0,0,46031.0,0,46031.0,0,46031.0,5,46031.0,5,46036.0,5,46041.0,0,46046.0,0,46046.0,0,46046.0
273,6377555_1_mdv,5,46046.0,5,46051.0,5,46056.0,0,46061.0,0,46061.0,0,46061.0,5,46061.0,0,46066.0,5,46066.0,0,46071.0,0,46071.0,0,46071.0,5,46071.0,0,46076.0,5,46076.0,0,46081.0,0,46081.0,0,46081.0,5,46081.0,5,46086.0,5,46091.0,0,46096.0,0,46096.0,0,46096.0,5,46096.0,5,46101.0,5,46106.0,0,46111.0,0,46111.0,0,46111.0
274,6377554_1_mdv,6,46111.0,6,46117.0,6,46123.0,0,46129.0,0,46129.0,0,46129.0,6,46129.0,0,46135.0,6,46135.0,0,46141.0,0,46141.0,0,46141.0,6,46141.0,0,46147.0,6,46147.0,0,46153.0,0,46153.0,0,46153.0,6,46153.0,6,46159.0,6,46165.0,0,46171.0,0,46171.0,0,46171.0,6,46171.0,6,46177.0,6,46183.0,0,46189.0,0,46189.0,0,46189.0
275,6377553_1_mdv,5,46189.0,5,46194.0,5,46199.0,0,46204.0,0,46204.0,0,46204.0,5,46204.0,0,46209.0,5,46209.0,0,46214.0,0,46214.0,0,46214.0,5,46214.0,0,46219.0,5,46219.0,0,46224.0,0,46224.0,0,46224.0,5,46224.0,5,46229.0,5,46234.0,0,46239.0,0,46239.0,0,46239.0,5,46239.0,5,46244.0,5,46249.0,0,46254.0,0,46254.0,0,46254.0
276,6376654_1_mdv,8,46254.0,8,46262.0,8,46270.0,0,46278.0,0,46278.0,0,46278.0,8,46278.0,0,46286.0,8,46286.0,0,46294.0,0,46294.0,0,46294.0,8,46294.0,0,46302.0,8,46302.0,0,46310.0,0,46310.0,0,46310.0,8,46310.0,8,46318.0,8,46326.0,0,46334.0,0,46334.0,0,46334.0,8,46334.0,8,46342.0,8,46350.0,0,46358.0,0,46358.0,0,46358.0
277,7456143_1_mdv,3,46358.0,3,46361.0,3,46364.0,0,46367.0,0,46367.0,0,46367.0,3,46367.0,0,46370.0,3,46370.0,0,46373.0,0,46373.0,0,46373.0,3,46373.0,0,46376.0,3,46376.0,0,46379.0,0,46379.0,0,46379.0,3,46379.0,3,46382.0,3,46385.0,0,46388.0,0,46388.0,0,46388.0,3,46388.0,3,46391.0,3,46394.0,0,46397.0,0,46397.0,0,46397.0
278,7191290_1_mdv,2,46397.0,2,46399.0,2,46401.0,0,46403.0,0,46403.0,0,46403.0,2,46403.0,0,46405.0,2,46405.0,0,46407.0,0,46407.0,0,46407.0,2,46407.0,0,46409.0,2,46409.0,0,46411.0,0,46411.0,0,46411.0,2,46411.0,2,46413.0,2,46415.0,0,46417.0,0,46417.0,0,46417.0,2,46417.0,2,46419.0,2,46421.0,0,46423.0,0,46423.0,0,46423.0
279,6381544_1_mdv,1,46423.0,1,46424.0,1,46425.0,0,46426.0,0,46426.0,0,46426.0,1,46426.0,0,46427.0,1,46427.0,0,46428.0,0,46428.0,0,46428.0,1,46428.0,0,46429.0,1,46429.0,0,46430.0,0,46430.0,0,46430.0,1,46430.0,1,46431.0,1,46432.0,0,46433.0,0,46433.0,0,46433.0,1,46433.0,1,46434.0,1,46435.0,0,46436.0,0,46436.0,0,46436.0
280,6376499_1_mdv,4,46436.0,4,46440.0,4,46444.0,0,46448.0,0,46448.0,0,46448.0,4,46448.0,0,46452.0,4,46452.0,0,46456.0,0,46456.0,0,46456.0,4,46456.0,0,46460.0,4,46460.0,0,46464.0,0,46464.0,0,46464.0,4,46464.0,4,46468.0,4,46472.0,0,46476.0,0,46476.0,0,46476.0,4,46476.0,4,46480.0,4,46484.0,0,46488.0,0,46488.0,0,46488.0
281,6442283_1_mdv,2,46488.0,2,46490.0,2,46492.0,0,46494.0,0,46494.0,0,46494.0,2,46494.0,0,46496.0,2,46496.0,0,46498.0,0,46498.0,0,46498.0,2,46498.0,0,46500.0,2,46500.0,0,46502.0,0,46502.0,0,46502.0,2,46502.0,2,46504.0,2,46506.0,0,46508.0,0,46508.0,0,46508.0,2,46508.0,2,46510.0,2,46512.0,0,46514.0,0,46514.0,0,46514.0
282,6381913_1_mdv,3,46514.0,3,46517.0,3,46520.0,0,46523.0,0,46523.0,0,46523.0,3,46523.0,0,46526.0,3,46526.0,0,46529.0,0,46529.0,0,46529.0,3,46529.0,0,46532.0,3,46532.0,0,46535.0,0,46535.0,0,46535.0,3,46535.0,3,46538.0,3,46541.0,0,46544.0,0,46544.0,0,46544.0,3,46544.0,3,46547.0,3,46550.0,0,46553.0,0,46553.0,0,46553.0
283,5040556_1_hdt,2,46553.0,2,46555.0,2,46557.0,0,46559.0,0,46559.0,0,46559.0,2,46559.0,0,46561.0,2,46561.0,0,46563.0,0,46563.0,0,46563.0,2,46563.0,0,46565.0,2,46565.0,0,46567.0,0,46567.0,0,46567.0,2,46567.0,2,46569.0,2,46571.0,0,46573.0,0,46573.0,0,46573.0,2,46573.0,2,46575.0,2,46577.0,0,46579.0,0,46579.0,0,46579.0
284,7442790_3_mdv,4,46579.0,4,46583.0,4,46587.0,0,46591.0,0,46591.0,0,46591.0,4,46591.0,0,46595.0,4,46595.0,0,46599.0,0,46599.0,0,46599.0,4,46599.0,0,46603.0,4,46603.0,0,46607.0,0,46607.0,0,46607.0,4,46607.0,4,46611.0,4,46615.0,0,46619.0,0,46619.0,0,46619.0,4,46619.0,4,46623.0,4,46627.0,0,46631.0,0,46631.0,0,46631.0
285,4964662_1_hdt,3,46631.0,3,46634.0,3,46637.0,0,46640.0,0,46640.0,0,46640.0,3,46640.0,0,46643.0,3,46643.0,0,46646.0,0,46646.0,0,46646.0,3,46646.0,0,46649.0,3,46649.0,0,46652.0,0,46652.0,0,46652.0,3,46652.0,3,46655.0,3,46658.0,0,46661.0,0,46661.0,0,46661.0,3,46661.0,3,46664.0,3,46667.0,0,46670.0,0,46670.0,0,46670.0
286,6379231_1_mdv,1,46670.0,1,46671.0,1,46672.0,0,46673.0,0,46673.0,0,46673.0,1,46673.0,0,46674.0,1,46674.0,0,46675.0,0,46675.0,0,46675.0,1,46675.0,0,46676.0,1,46676.0,0,46677.0,0,46677.0,0,46677.0,1,46677.0,1,46678.0,1,46679.0,0,46680.0,0,46680.0,0,46680.0,1,46680.0,1,46681.0,1,46682.0,0,46683.0,0,46683.0,0,46683.0
287,6313642_1_mdv,1,46683.0,1,46684.0,1,46685.0,0,46686.0,0,46686.0,0,46686.0,1,46686.0,0,46687.0,1,46687.0,0,46688.0,0,46688.0,0,46688.0,1,46688.0,0,46689.0,1,46689.0,0,46690.0,0,46690.0,0,46690.0,1,46690.0,1,46691.0,1,46692.0,0,46693.0,0,46693.0,0,46693.0,1,46693.0,1,46694.0,1,46695.0,0,46696.0,0,46696.0,0,46696.0
288,4956465_1_mdv,2,46696.0,2,46698.0,2,46700.0,0,46702.0,0,46702.0,0,46702.0,2,46702.0,0,46704.0,2,46704.0,0,46706.0,0,46706.0,0,46706.0,2,46706.0,0,46708.0,2,46708.0,0,46710.0,0,46710.0,0,46710.0,2,46710.0,2,46712.0,2,46714.0,0,46716.0,0,46716.0,0,46716.0,2,46716.0,2,46718.0,2,46720.0,0,46722.0,0,46722.0,0,46722.0
289,7367438_1_mdv,3,46722.0,3,46725.0,3,46728.0,0,46731.0,0,46731.0,0,46731.0,3,46731.0,0,46734.0,3,46734.0,0,46737.0,0,46737.0,0,46737.0,3,46737.0,0,46740.0,3,46740.0,0,46743.0,0,46743.0,0,46743.0,3,46743.0,3,46746.0,3,46749.0,0,46752.0,0,46752.0,0,46752.0,3,46752.0,3,46755.0,3,46758.0,0,46761.0,0,46761.0,0,46761.0
290,7358638_1_mdv,2,46761.0,2,46763.0,2,46765.0,0,46767.0,0,46767.0,0,46767.0,2,46767.0,0,46769.0,2,46769.0,0,46771.0,0,46771.0,0,46771.0,2,46771.0,0,46773.0,2,46773.0,0,46775.0,0,46775.0,0,46775.0,2,46775.0,2,46777.0,2,46779.0,0,46781.0,0,46781.0,0,46781.0,2,46781.0,2,46783.0,2,46785.0,0,46787.0,0,46787.0,0,46787.0
291,6308211_3_mdv,3,46787.0,3,46790.0,3,46793.0,0,46796.0,0,46796.0,0,46796.0,3,46796.0,0,46799.0,3,46799.0,0,46802.0,0,46802.0,0,46802.0,3,46802.0,0,46805.0,3,46805.0,0,46808.0,0,46808.0,0,46808.0,3,46808.0,3,46811.0,3,46814.0,0,46817.0,0,46817.0,0,46817.0,3,46817.0,3,46820.0,3,46823.0,0,46826.0,0,46826.0,0,46826.0
292,7374335_1_mdv,2,46826.0,2,46828.0,2,46830.0,0,46832.0,0,46832.0,0,46832.0,2,46832.0,0,46834.0,2,46834.0,0,46836.0,0,46836.0,0,46836.0,2,46836.0,0,46838.0,2,46838.0,0,46840.0,0,46840.0,0,46840.0,2,46840.0,2,46842.0,2,46844.0,0,46846.0,0,46846.0,0,46846.0,2,46846.0,2,46848.0,2,46850.0,0,46852.0,0,46852.0,0,46852.0
293,6382225_5_hdt,1,46852.0,1,46853.0,1,46854.0,0,46855.0,0,46855.0,0,46855.0,1,46855.0,0,46856.0,1,46856.0,0,46857.0,0,46857.0,0,46857.0,1,46857.0,0,46858.0,1,46858.0,0,46859.0,0,46859.0,0,46859.0,1,46859.0,1,46860.0,1,46861.0,0,46862.0,0,46862.0,0,46862.0,1,46862.0,1,46863.0,1,46864.0,0,46865.0,0,46865.0,0,46865.0
294,4960827_1_hdt,1,46865.0,1,46866.0,1,46867.0,0,46868.0,0,46868.0,0,46868.0,1,46868.0,0,46869.0,1,46869.0,0,46870.0,0,46870.0,0,46870.0,1,46870.0,0,46871.0,1,46871.0,0,46872.0,0,46872.0,0,46872.0,1,46872.0,1,46873.0,1,46874.0,0,46875.0,0,46875.0,0,46875.0,1,46875.0,1,46876.0,1,46877.0,0,46878.0,0,46878.0,0,46878.0
295,6381301_6_hdt,1,46878.0,1,46879.0,1,46880.0,0,46881.0,0,46881.0,0,46881.0,1,46881.0,0,46882.0,1,46882.0,0,46883.0,0,46883.0,0,46883.0,1,46883.0,0,46884.0,1,46884.0,0,46885.0,0,46885.0,0,46885.0,1,46885.0,1,46886.0,1,46887.0,0,46888.0,0,46888.0,0,46888.0,1,46888.0,1,46889.0,1,46890.0,0,46891.0,0,46891.0,0,46891.0
296,6382110_2_hdt,1,46891.0,1,46892.0,1,46893.0,0,46894.0,0,46894.0,0,46894.0,1,46894.0,0,46895.0,1,46895.0,0,46896.0,0,46896.0,0,46896.0,1,46896.0,0,46897.0,1,46897.0,0,46898.0,0,46898.0,0,46898.0,1,46898.0,1,46899.0,1,46900.0,0,46901.0,0,46901.0,0,46901.0,1,46901.0,1,46902.0,1,46903.0,0,46904.0,0,46904.0,0,46904.0
297,8394801_1_hdt,22,46904.0,22,46926.0,22,46948.0,0,46970.0,0,46970.0,0,46970.0,22,46970.0,0,46992.0,22,46992.0,0,47014.0,0,47014.0,0,47014.0,22,47014.0,0,47036.0,22,47036.0,0,47058.0,0,47058.0,0,47058.0,22,47058.0,22,47080.0,22,47102.0,0,47124.0,0,47124.0,0,47124.0,22,47124.0,22,47146.0,22,47168.0,0,47190.0,0,47190.0,0,47190.0
298,4987197_2_hdt,1,47190.0,1,47191.0,1,47192.0,0,47193.0,0,47193.0,0,47193.0,1,47193.0,0,47194.0,1,47194.0,0,47195.0,0,47195.0,0,47195.0,1,47195.0,0,47196.0,1,47196.0,0,47197.0,0,47197.0,0,47197.0,1,47197.0,1,47198.0,1,47199.0,0,47200.0,0,47200.0,0,47200.0,1,47200.0,1,47201.0,1,47202.0,0,47203.0,0,47203.0,0,47203.0
299,7193684_16_hdt,2,47203.0,2,47205.0,2,47207.0,0,47209.0,0,47209.0,0,47209.0,2,47209.0,0,47211.0,2,47211.0,0,47213.0,0,47213.0,0,47213.0,2,47213.0,0,47215.0,2,47215.0,0,47217.0,0,47217.0,0,47217.0,2,47217.0,2,47219.0,2,47221.0,0,47223.0,0,47223.0,0,47223.0,2,47223.0,2,47225.0,2,47227.0,0,47229.0,0,47229.0,0,47229.0
300,7369581_11_hdt,2,47229.0,2,47231.0,2,47233.0,0,47235.0,0,47235.0,0,47235.0,2,47235.0,0,47237.0,2,47237.0,0,47239.0,0,47239.0,0,47239.0,2,47239.0,0,47241.0,2,47241.0,0,47243.0,0,47243.0,0,47243.0,2,47243.0,2,47245.0,2,47247.0,0,47249.0,0,47249.0,0,47249.0,2,47249.0,2,47251.0,2,47253.0,0,47255.0,0,47255.0,0,47255.0
301,7373504_36_hdt,8,47255.0,8,47263.0,8,47271.0,0,47279.0,0,47279.0,0,47279.0,8,47279.0,0,47287.0,8,47287.0,0,47295.0,0,47295.0,0,47295.0,8,47295.0,0,47303.0,8,47303.0,0,47311.0,0,47311.0,0,47311.0,8,47311.0,8,47319.0,8,47327.0,0,47335.0,0,47335.0,0,47335.0,8,47335.0,8,47343.0,8,47351.0,0,47359.0,0,47359.0,0,47359.0
302,6407890_1_hdt,1,47359.0,1,47360.0,1,47361.0,0,47362.0,0,47362.0,0,47362.0,1,47362.0,0,47363.0,1,47363.0,0,47364.0,0,47364.0,0,47364.0,1,47364.0,0,47365.0,1,47365.0,0,47366.0,0,47366.0,0,47366.0,1,47366.0,1,47367.0,1,47368.0,0,47369.0,0,47369.0,0,47369.0,1,47369.0,1,47370.0,1,47371.0,0,47372.0,0,47372.0,0,47372.0
303,6307994_2_hdt,1,47372.0,1,47373.0,1,47374.0,0,47375.0,0,47375.0,0,47375.0,1,47375.0,0,47376.0,1,47376.0,0,47377.0,0,47377.0,0,47377.0,1,47377.0,0,47378.0,1,47378.0,0,47379.0,0,47379.0,0,47379.0,1,47379.0,1,47380.0,1,47381.0,0,47382.0,0,47382.0,0,47382.0,1,47382.0,1,47383.0,1,47384.0,0,47385.0,0,47385.0,0,47385.0
304,7366753_11_hdt,9,47385.0,9,47394.0,9,47403.0,0,47412.0,0,47412.0,0,47412.0,9,47412.0,0,47421.0,9,47421.0,0,47430.0,0,47430.0,0,47430.0,9,47430.0,0,47439.0,9,47439.0,0,47448.0,0,47448.0,0,47448.0,9,47448.0,9,47457.0,9,47466.0,0,47475.0,0,47475.0,0,47475.0,9,47475.0,9,47484.0,9,47493.0,0,47502.0,0,47502.0,0,47502.0
305,8395889_2_hdt,15,47502.0,15,47517.0,15,47532.0,0,47547.0,0,47547.0,0,47547.0,15,47547.0,0,47562.0,15,47562.0,0,47577.0,0,47577.0,0,47577.0,15,47577.0,0,47592.0,15,47592.0,0,47607.0,0,47607.0,0,47607.0,15,47607.0,15,47622.0,15,47637.0,0,47652.0,0,47652.0,0,47652.0,15,47652.0,15,47667.0,15,47682.0,0,47697.0,0,47697.0,0,47697.0
306,8395473_3_hdt,7,47697.0,7,47704.0,7,47711.0,0,47718.0,0,47718.0,0,47718.0,7,47718.0,0,47725.0,7,47725.0,0,47732.0,0,47732.0,0,47732.0,7,47732.0,0,47739.0,7,47739.0,0,47746.0,0,47746.0,0,47746.0,7,47746.0,7,47753.0,7,47760.0,0,47767.0,0,47767.0,0,47767.0,7,47767.0,7,47774.0,7,47781.0,0,47788.0,0,47788.0,0,47788.0
307,7369899_31_hdt,3,47788.0,3,47791.0,3,47794.0,0,47797.0,0,47797.0,0,47797.0,3,47797.0,0,47800.0,3,47800.0,0,47803.0,0,47803.0,0,47803.0,3,47803.0,0,47806.0,3,47806.0,0,47809.0,0,47809.0,0,47809.0,3,47809.0,3,47812.0,3,47815.0,0,47818.0,0,47818.0,0,47818.0,3,47818.0,3,47821.0,3,47824.0,0,47827.0,0,47827.0,0,47827.0
308,7373504_6_hdt,5,47827.0,5,47832.0,5,47837.0,0,47842.0,0,47842.0,0,47842.0,5,47842.0,0,47847.0,5,47847.0,0,47852.0,0,47852.0,0,47852.0,5,47852.0,0,47857.0,5,47857.0,0,47862.0,0,47862.0,0,47862.0,5,47862.0,5,47867.0,5,47872.0,0,47877.0,0,47877.0,0,47877.0,5,47877.0,5,47882.0,5,47887.0,0,47892.0,0,47892.0,0,47892.0
309,7367751_11_hdt,4,47892.0,4,47896.0,4,47900.0,0,47904.0,0,47904.0,0,47904.0,4,47904.0,0,47908.0,4,47908.0,0,47912.0,0,47912.0,0,47912.0,4,47912.0,0,47916.0,4,47916.0,0,47920.0,0,47920.0,0,47920.0,4,47920.0,4,47924.0,4,47928.0,0,47932.0,0,47932.0,0,47932.0,4,47932.0,4,47936.0,4,47940.0,0,47944.0,0,47944.0,0,47944.0
310,6382705_1_hdt,1,47944.0,1,47945.0,1,47946.0,0,47947.0,0,47947.0,0,47947.0,1,47947.0,0,47948.0,1,47948.0,0,47949.0,0,47949.0,0,47949.0,1,47949.0,0,47950.0,1,47950.0,0,47951.0,0,47951.0,0,47951.0,1,47951.0,1,47952.0,1,47953.0,0,47954.0,0,47954.0,0,47954.0,1,47954.0,1,47955.0,1,47956.0,0,47957.0,0,47957.0,0,47957.0
311,6408578_3_hdt,1,47957.0,1,47958.0,1,47959.0,0,47960.0,0,47960.0,0,47960.0,1,47960.0,0,47961.0,1,47961.0,0,47962.0,0,47962.0,0,47962.0,1,47962.0,0,47963.0,1,47963.0,0,47964.0,0,47964.0,0,47964.0,1,47964.0,1,47965.0,1,47966.0,0,47967.0,0,47967.0,0,47967.0,1,47967.0,1,47968.0,1,47969.0,0,47970.0,0,47970.0,0,47970.0
312,6437778_3_hdt,1,47970.0,1,47971.0,1,47972.0,0,47973.0,0,47973.0,0,47973.0,1,47973.0,0,47974.0,1,47974.0,0,47975.0,0,47975.0,0,47975.0,1,47975.0,0,47976.0,1,47976.0,0,47977.0,0,47977.0,0,47977.0,1,47977.0,1,47978.0,1,47979.0,0,47980.0,0,47980.0,0,47980.0,1,47980.0,1,47981.0,1,47982.0,0,47983.0,0,47983.0,0,47983.0
313,6445943_33_hdt,4,47983.0,4,47987.0,4,47991.0,0,47995.0,0,47995.0,0,47995.0,4,47995.0,0,47999.0,4,47999.0,0,48003.0,0,48003.0,0,48003.0,4,48003.0,0,48007.0,4,48007.0,0,48011.0,0,48011.0,0,48011.0,4,48011.0,4,48015.0,4,48019.0,0,48023.0,0,48023.0,0,48023.0,4,48023.0,4,48027.0,4,48031.0,0,48035.0,0,48035.0,0,48035.0
314,8413411_5_hdt,14,48035.0,14,48049.0,14,48063.0,0,48077.0,0,48077.0,0,48077.0,14,48077.0,0,48091.0,14,48091.0,0,48105.0,0,48105.0,0,48105.0,14,48105.0,0,48119.0,14,48119.0,0,48133.0,0,48133.0,0,48133.0,14,48133.0,14,48147.0,14,48161.0,0,48175.0,0,48175.0,0,48175.0,14,48175.0,14,48189.0,14,48203.0,0,48217.0,0,48217.0,0,48217.0
315,7373560_11_hdt,2,48217.0,2,48219.0,2,48221.0,0,48223.0,0,48223.0,0,48223.0,2,48223.0,0,48225.0,2,48225.0,0,48227.0,0,48227.0,0,48227.0,2,48227.0,0,48229.0,2,48229.0,0,48231.0,0,48231.0,0,48231.0,2,48231.0,2,48233.0,2,48235.0,0,48237.0,0,48237.0,0,48237.0,2,48237.0,2,48239.0,2,48241.0,0,48243.0,0,48243.0,0,48243.0
316,6437779_2_hdt,1,48243.0,1,48244.0,1,48245.0,0,48246.0,0,48246.0,0,48246.0,1,48246.0,0,48247.0,1,48247.0,0,48248.0,0,48248.0,0,48248.0,1,48248.0,0,48249.0,1,48249.0,0,48250.0,0,48250.0,0,48250.0,1,48250.0,1,48251.0,1,48252.0,0,48253.0,0,48253.0,0,48253.0,1,48253.0,1,48254.0,1,48255.0,0,48256.0,0,48256.0,0,48256.0
317,6436173_1_hdt,1,48256.0,1,48257.0,1,48258.0,0,48259.0,0,48259.0,0,48259.0,1,48259.0,0,48260.0,1,48260.0,0,48261.0,0,48261.0,0,48261.0,1,48261.0,0,48262.0,1,48262.0,0,48263.0,0,48263.0,0,48263.0,1,48263.0,1,48264.0,1,48265.0,0,48266.0,0,48266.0,0,48266.0,1,48266.0,1,48267.0,1,48268.0,0,48269.0,0,48269.0,0,48269.0
318,6317878_3_hdt,1,48269.0,1,48270.0,1,48271.0,0,48272.0,0,48272.0,0,48272.0,1,48272.0,0,48273.0,1,48273.0,0,48274.0,0,48274.0,0,48274.0,1,48274.0,0,48275.0,1,48275.0,0,48276.0,0,48276.0,0,48276.0,1,48276.0,1,48277.0,1,48278.0,0,48279.0,0,48279.0,0,48279.0,1,48279.0,1,48280.0,1,48281.0,0,48282.0,0,48282.0,0,48282.0
319,7357606_4_hdt,2,48282.0,2,48284.0,2,48286.0,0,48288.0,0,48288.0,0,48288.0,2,48288.0,0,48290.0,2,48290.0,0,48292.0,0,48292.0,0,48292.0,2,48292.0,0,48294.0,2,48294.0,0,48296.0,0,48296.0,0,48296.0,2,48296.0,2,48298.0,2,48300.0,0,48302.0,0,48302.0,0,48302.0,2,48302.0,2,48304.0,2,48306.0,0,48308.0,0,48308.0,0,48308.0
320,7373730_6_hdt,2,48308.0,2,48310.0,2,48312.0,0,48314.0,0,48314.0,0,48314.0,2,48314.0,0,48316.0,2,48316.0,0,48318.0,0,48318.0,0,48318.0,2,48318.0,0,48320.0,2,48320.0,0,48322.0,0,48322.0,0,48322.0,2,48322.0,2,48324.0,2,48326.0,0,48328.0,0,48328.0,0,48328.0,2,48328.0,2,48330.0,2,48332.0,0,48334.0,0,48334.0,0,48334.0
321,7373561_4_ld3,2,48334.0,2,48336.0,2,48338.0,0,48340.0,0,48340.0,0,48340.0,2,48340.0,0,48342.0,2,48342.0,0,48344.0,0,48344.0,0,48344.0,2,48344.0,0,48346.0,2,48346.0,0,48348.0,0,48348.0,0,48348.0,2,48348.0,2,48350.0,2,48352.0,0,48354.0,0,48354.0,0,48354.0,2,48354.0,2,48356.0,2,48358.0,0,48360.0,0,48360.0,0,48360.0
322,7373504_3_ld1,1,48360.0,1,48361.0,1,48362.0,0,48363.0,0,48363.0,0,48363.0,1,48363.0,0,48364.0,1,48364.0,0,48365.0,0,48365.0,0,48365.0,1,48365.0,0,48366.0,1,48366.0,0,48367.0,0,48367.0,0,48367.0,1,48367.0,1,48368.0,1,48369.0,0,48370.0,0,48370.0,0,48370.0,1,48370.0,1,48371.0,1,48372.0,0,48373.0,0,48373.0,0,48373.0
323,7367756_13_ld1,1,48373.0,1,48374.0,1,48375.0,0,48376.0,0,48376.0,0,48376.0,1,48376.0,0,48377.0,1,48377.0,0,48378.0,0,48378.0,0,48378.0,1,48378.0,0,48379.0,1,48379.0,0,48380.0,0,48380.0,0,48380.0,1,48380.0,1,48381.0,1,48382.0,0,48383.0,0,48383.0,0,48383.0,1,48383.0,1,48384.0,1,48385.0,0,48386.0,0,48386.0,0,48386.0
324,7371483_3_ld1,17,48386.0,17,48403.0,17,48420.0,0,48437.0,0,48437.0,0,48437.0,17,48437.0,0,48454.0,17,48454.0,0,48471.0,0,48471.0,0,48471.0,17,48471.0,0,48488.0,17,48488.0,0,48505.0,0,48505.0,0,48505.0,17,48505.0,17,48522.0,17,48539.0,0,48556.0,0,48556.0,0,48556.0,17,48556.0,17,48573.0,17,48590.0,0,48607.0,0,48607.0,0,48607.0
325,7364691_35_mdv,4,48607.0,4,48611.0,4,48615.0,0,48619.0,0,48619.0,0,48619.0,4,48619.0,0,48623.0,4,48623.0,0,48627.0,0,48627.0,0,48627.0,4,48627.0,0,48631.0,4,48631.0,0,48635.0,0,48635.0,0,48635.0,4,48635.0,4,48639.0,4,48643.0,0,48647.0,0,48647.0,0,48647.0,4,48647.0,4,48651.0,4,48655.0,0,48659.0,0,48659.0,0,48659.0
326,7361344_14_ld3,10,48659.0,10,48669.0,10,48679.0,0,48689.0,0,48689.0,0,48689.0,10,48689.0,0,48699.0,10,48699.0,0,48709.0,0,48709.0,0,48709.0,10,48709.0,0,48719.0,10,48719.0,0,48729.0,0,48729.0,0,48729.0,10,48729.0,10,48739.0,10,48749.0,0,48759.0,0,48759.0,0,48759.0,10,48759.0,10,48769.0,10,48779.0,0,48789.0,0,48789.0,0,48789.0
327,7370550_7_hdv,2,48789.0,2,48791.0,2,48793.0,0,48795.0,0,48795.0,0,48795.0,2,48795.0,0,48797.0,2,48797.0,0,48799.0,0,48799.0,0,48799.0,2,48799.0,0,48801.0,2,48801.0,0,48803.0,0,48803.0,0,48803.0,2,48803.0,2,48805.0,2,48807.0,0,48809.0,0,48809.0,0,48809.0,2,48809.0,2,48811.0,2,48813.0,0,48815.0,0,48815.0,0,48815.0
328,6377591_2_hdt,4,48815.0,4,48819.0,4,48823.0,0,48827.0,0,48827.0,0,48827.0,4,48827.0,0,48831.0,4,48831.0,0,48835.0,0,48835.0,0,48835.0,4,48835.0,0,48839.0,4,48839.0,0,48843.0,0,48843.0,0,48843.0,4,48843.0,4,48847.0,4,48851.0,0,48855.0,0,48855.0,0,48855.0,4,48855.0,4,48859.0,4,48863.0,0,48867.0,0,48867.0,0,48867.0
329,6422517_5_hdt,1,48867.0,1,48868.0,1,48869.0,0,48870.0,0,48870.0,0,48870.0,1,48870.0,0,48871.0,1,48871.0,0,48872.0,0,48872.0,0,48872.0,1,48872.0,0,48873.0,1,48873.0,0,48874.0,0,48874.0,0,48874.0,1,48874.0,1,48875.0,1,48876.0,0,48877.0,0,48877.0,0,48877.0,1,48877.0,1,48878.0,1,48879.0,0,48880.0,0,48880.0,0,48880.0
330,7373504_4_ld3,1,48880.0,1,48881.0,1,48882.0,0,48883.0,0,48883.0,0,48883.0,1,48883.0,0,48884.0,1,48884.0,0,48885.0,0,48885.0,0,48885.0,1,48885.0,0,48886.0,1,48886.0,0,48887.0,0,48887.0,0,48887.0,1,48887.0,1,48888.0,1,48889.0,0,48890.0,0,48890.0,0,48890.0,1,48890.0,1,48891.0,1,48892.0,0,48893.0,0,48893.0,0,48893.0
331,8395889_10_mdv,1,48893.0,1,48894.0,1,48895.0,0,48896.0,0,48896.0,0,48896.0,1,48896.0,0,48897.0,1,48897.0,0,48898.0,0,48898.0,0,48898.0,1,48898.0,0,48899.0,1,48899.0,0,48900.0,0,48900.0,0,48900.0,1,48900.0,1,48901.0,1,48902.0,0,48903.0,0,48903.0,0,48903.0,1,48903.0,1,48904.0,1,48905.0,0,48906.0,0,48906.0,0,48906.0
332,323537_2_hdt,1,48906.0,1,48907.0,1,48908.0,0,48909.0,0,48909.0,0,48909.0,1,48909.0,0,48910.0,1,48910.0,0,48911.0,0,48911.0,0,48911.0,1,48911.0,0,48912.0,1,48912.0,0,48913.0,0,48913.0,0,48913.0,1,48913.0,1,48914.0,1,48915.0,0,48916.0,0,48916.0,0,48916.0,1,48916.0,1,48917.0,1,48918.0,0,48919.0,0,48919.0,0,48919.0
333,8297199_6_ld1,2,48919.0,2,48921.0,2,48923.0,0,48925.0,0,48925.0,0,48925.0,2,48925.0,0,48927.0,2,48927.0,0,48929.0,0,48929.0,0,48929.0,2,48929.0,0,48931.0,2,48931.0,0,48933.0,0,48933.0,0,48933.0,2,48933.0,2,48935.0,2,48937.0,0,48939.0,0,48939.0,0,48939.0,2,48939.0,2,48941.0,2,48943.0,0,48945.0,0,48945.0,0,48945.0
334,6735254_4_mdv,1,48945.0,1,48946.0,1,48947.0,0,48948.0,0,48948.0,0,48948.0,1,48948.0,0,48949.0,1,48949.0,0,48950.0,0,48950.0,0,48950.0,1,48950.0,0,48951.0,1,48951.0,0,48952.0,0,48952.0,0,48952.0,1,48952.0,1,48953.0,1,48954.0,0,48955.0,0,48955.0,0,48955.0,1,48955.0,1,48956.0,1,48957.0,0,48958.0,0,48958.0,0,48958.0
335,7372657_21_hdt,2,48958.0,2,48960.0,2,48962.0,0,48964.0,0,48964.0,0,48964.0,2,48964.0,0,48966.0,2,48966.0,0,48968.0,0,48968.0,0,48968.0,2,48968.0,0,48970.0,2,48970.0,0,48972.0,0,48972.0,0,48972.0,2,48972.0,2,48974.0,2,48976.0,0,48978.0,0,48978.0,0,48978.0,2,48978.0,2,48980.0,2,48982.0,0,48984.0,0,48984.0,0,48984.0
336,6430063_3_hdt,1,48984.0,1,48985.0,1,48986.0,0,48987.0,0,48987.0,0,48987.0,1,48987.0,0,48988.0,1,48988.0,0,48989.0,0,48989.0,0,48989.0,1,48989.0,0,48990.0,1,48990.0,0,48991.0,0,48991.0,0,48991.0,1,48991.0,1,48992.0,1,48993.0,0,48994.0,0,48994.0,0,48994.0,1,48994.0,1,48995.0,1,48996.0,0,48997.0,0,48997.0,0,48997.0
337,7189984_5_hdt,2,48997.0,2,48999.0,2,49001.0,0,49003.0,0,49003.0,0,49003.0,2,49003.0,0,49005.0,2,49005.0,0,49007.0,0,49007.0,0,49007.0,2,49007.0,0,49009.0,2,49009.0,0,49011.0,0,49011.0,0,49011.0,2,49011.0,2,49013.0,2,49015.0,0,49017.0,0,49017.0,0,49017.0,2,49017.0,2,49019.0,2,49021.0,0,49023.0,0,49023.0,0,49023.0
338,6415127_2_hdt,1,49023.0,1,49024.0,1,49025.0,0,49026.0,0,49026.0,0,49026.0,1,49026.0,0,49027.0,1,49027.0,0,49028.0,0,49028.0,0,49028.0,1,49028.0,0,49029.0,1,49029.0,0,49030.0,0,49030.0,0,49030.0,1,49030.0,1,49031.0,1,49032.0,0,49033.0,0,49033.0,0,49033.0,1,49033.0,1,49034.0,1,49035.0,0,49036.0,0,49036.0,0,49036.0
339,7367265_10_hdt,2,49036.0,2,49038.0,2,49040.0,0,49042.0,0,49042.0,0,49042.0,2,49042.0,0,49044.0,2,49044.0,0,49046.0,0,49046.0,0,49046.0,2,49046.0,0,49048.0,2,49048.0,0,49050.0,0,49050.0,0,49050.0,2,49050.0,2,49052.0,2,49054.0,0,49056.0,0,49056.0,0,49056.0,2,49056.0,2,49058.0,2,49060.0,0,49062.0,0,49062.0,0,49062.0
340,7367308_10_mdv,6,49062.0,6,49068.0,6,49074.0,0,49080.0,0,49080.0,0,49080.0,6,49080.0,0,49086.0,6,49086.0,0,49092.0,0,49092.0,0,49092.0,6,49092.0,0,49098.0,6,49098.0,0,49104.0,0,49104.0,0,49104.0,6,49104.0,6,49110.0,6,49116.0,0,49122.0,0,49122.0,0,49122.0,6,49122.0,6,49128.0,6,49134.0,0,49140.0,0,49140.0,0,49140.0
341,7365038_3_ld1,4,49140.0,4,49144.0,4,49148.0,0,49152.0,0,49152.0,0,49152.0,4,49152.0,0,49156.0,4,49156.0,0,49160.0,0,49160.0,0,49160.0,4,49160.0,0,49164.0,4,49164.0,0,49168.0,0,49168.0,0,49168.0,4,49168.0,4,49172.0,4,49176.0,0,49180.0,0,49180.0,0,49180.0,4,49180.0,4,49184.0,4,49188.0,0,49192.0,0,49192.0,0,49192.0
342,7367225_3_ld1,3,49192.0,3,49195.0,3,49198.0,0,49201.0,0,49201.0,0,49201.0,3,49201.0,0,49204.0,3,49204.0,0,49207.0,0,49207.0,0,49207.0,3,49207.0,0,49210.0,3,49210.0,0,49213.0,0,49213.0,0,49213.0,3,49213.0,3,49216.0,3,49219.0,0,49222.0,0,49222.0,0,49222.0,3,49222.0,3,49225.0,3,49228.0,0,49231.0,0,49231.0,0,49231.0
343,8394328_6_ld1,1,49231.0,1,49232.0,1,49233.0,0,49234.0,0,49234.0,0,49234.0,1,49234.0,0,49235.0,1,49235.0,0,49236.0,0,49236.0,0,49236.0,1,49236.0,0,49237.0,1,49237.0,0,49238.0,0,49238.0,0,49238.0,1,49238.0,1,49239.0,1,49240.0,0,49241.0,0,49241.0,0,49241.0,1,49241.0,1,49242.0,1,49243.0,0,49244.0,0,49244.0,0,49244.0
344,8415294_12_ld3,29,49244.0,29,49273.0,29,49302.0,0,49331.0,0,49331.0,0,49331.0,29,49331.0,0,49360.0,29,49360.0,0,49389.0,0,49389.0,0,49389.0,29,49389.0,0,49418.0,29,49418.0,0,49447.0,0,49447.0,0,49447.0,29,49447.0,29,49476.0,29,49505.0,0,49534.0,0,49534.0,0,49534.0,29,49534.0,29,49563.0,29,49592.0,0,49621.0,0,49621.0,0,49621.0
345,6331535_2_hdt,3,49621.0,3,49624.0,3,49627.0,0,49630.0,0,49630.0,0,49630.0,3,49630.0,0,49633.0,3,49633.0,0,49636.0,0,49636.0,0,49636.0,3,49636.0,0,49639.0,3,49639.0,0,49642.0,0,49642.0,0,49642.0,3,49642.0,3,49645.0,3,49648.0,0,49651.0,0,49651.0,0,49651.0,3,49651.0,3,49654.0,3,49657.0,0,49660.0,0,49660.0,0,49660.0
346,7366364_8_ld1,4,49660.0,4,49664.0,4,49668.0,0,49672.0,0,49672.0,0,49672.0,4,49672.0,0,49676.0,4,49676.0,0,49680.0,0,49680.0,0,49680.0,4,49680.0,0,49684.0,4,49684.0,0,49688.0,0,49688.0,0,49688.0,4,49688.0,4,49692.0,4,49696.0,0,49700.0,0,49700.0,0,49700.0,4,49700.0,4,49704.0,4,49708.0,0,49712.0,0,49712.0,0,49712.0
347,8395057_5_ld1,1,49712.0,1,49713.0,1,49714.0,0,49715.0,0,49715.0,0,49715.0,1,49715.0,0,49716.0,1,49716.0,0,49717.0,0,49717.0,0,49717.0,1,49717.0,0,49718.0,1,49718.0,0,49719.0,0,49719.0,0,49719.0,1,49719.0,1,49720.0,1,49721.0,0,49722.0,0,49722.0,0,49722.0,1,49722.0,1,49723.0,1,49724.0,0,49725.0,0,49725.0,0,49725.0
348,7363267_3_ld1,1,49725.0,1,49726.0,1,49727.0,0,49728.0,0,49728.0,0,49728.0,1,49728.0,0,49729.0,1,49729.0,0,49730.0,0,49730.0,0,49730.0,1,49730.0,0,49731.0,1,49731.0,0,49732.0,0,49732.0,0,49732.0,1,49732.0,1,49733.0,1,49734.0,0,49735.0,0,49735.0,0,49735.0,1,49735.0,1,49736.0,1,49737.0,0,49738.0,0,49738.0,0,49738.0
349,7367226_13_ld1,4,49738.0,4,49742.0,4,49746.0,0,49750.0,0,49750.0,0,49750.0,4,49750.0,0,49754.0,4,49754.0,0,49758.0,0,49758.0,0,49758.0,4,49758.0,0,49762.0,4,49762.0,0,49766.0,0,49766.0,0,49766.0,4,49766.0,4,49770.0,4,49774.0,0,49778.0,0,49778.0,0,49778.0,4,49778.0,4,49782.0,4,49786.0,0,49790.0,0,49790.0,0,49790.0
350,7366211_2_ld1,2,49790.0,2,49792.0,2,49794.0,0,49796.0,0,49796.0,0,49796.0,2,49796.0,0,49798.0,2,49798.0,0,49800.0,0,49800.0,0,49800.0,2,49800.0,0,49802.0,2,49802.0,0,49804.0,0,49804.0,0,49804.0,2,49804.0,2,49806.0,2,49808.0,0,49810.0,0,49810.0,0,49810.0,2,49810.0,2,49812.0,2,49814.0,0,49816.0,0,49816.0,0,49816.0
351,7366389_23_ld1,2,49816.0,2,49818.0,2,49820.0,0,49822.0,0,49822.0,0,49822.0,2,49822.0,0,49824.0,2,49824.0,0,49826.0,0,49826.0,0,49826.0,2,49826.0,0,49828.0,2,49828.0,0,49830.0,0,49830.0,0,49830.0,2,49830.0,2,49832.0,2,49834.0,0,49836.0,0,49836.0,0,49836.0,2,49836.0,2,49838.0,2,49840.0,0,49842.0,0,49842.0,0,49842.0
352,7361790_33_ld1,1,49842.0,1,49843.0,1,49844.0,0,49845.0,0,49845.0,0,49845.0,1,49845.0,0,49846.0,1,49846.0,0,49847.0,0,49847.0,0,49847.0,1,49847.0,0,49848.0,1,49848.0,0,49849.0,0,49849.0,0,49849.0,1,49849.0,1,49850.0,1,49851.0,0,49852.0,0,49852.0,0,49852.0,1,49852.0,1,49853.0,1,49854.0,0,49855.0,0,49855.0,0,49855.0
353,7361804_14_ld1,1,49855.0,1,49856.0,1,49857.0,0,49858.0,0,49858.0,0,49858.0,1,49858.0,0,49859.0,1,49859.0,0,49860.0,0,49860.0,0,49860.0,1,49860.0,0,49861.0,1,49861.0,0,49862.0,0,49862.0,0,49862.0,1,49862.0,1,49863.0,1,49864.0,0,49865.0,0,49865.0,0,49865.0,1,49865.0,1,49866.0,1,49867.0,0,49868.0,0,49868.0,0,49868.0
354,8394328_10_ld1,1,49868.0,1,49869.0,1,49870.0,0,49871.0,0,49871.0,0,49871.0,1,49871.0,0,49872.0,1,49872.0,0,49873.0,0,49873.0,0,49873.0,1,49873.0,0,49874.0,1,49874.0,0,49875.0,0,49875.0,0,49875.0,1,49875.0,1,49876.0,1,49877.0,0,49878.0,0,49878.0,0,49878.0,1,49878.0,1,49879.0,1,49880.0,0,49881.0,0,49881.0,0,49881.0
355,7367415_18_ld1,3,49881.0,3,49884.0,3,49887.0,0,49890.0,0,49890.0,0,49890.0,3,49890.0,0,49893.0,3,49893.0,0,49896.0,0,49896.0,0,49896.0,3,49896.0,0,49899.0,3,49899.0,0,49902.0,0,49902.0,0,49902.0,3,49902.0,3,49905.0,3,49908.0,0,49911.0,0,49911.0,0,49911.0,3,49911.0,3,49914.0,3,49917.0,0,49920.0,0,49920.0,0,49920.0
356,7361951_13_ld1,1,49920.0,1,49921.0,1,49922.0,0,49923.0,0,49923.0,0,49923.0,1,49923.0,0,49924.0,1,49924.0,0,49925.0,0,49925.0,0,49925.0,1,49925.0,0,49926.0,1,49926.0,0,49927.0,0,49927.0,0,49927.0,1,49927.0,1,49928.0,1,49929.0,0,49930.0,0,49930.0,0,49930.0,1,49930.0,1,49931.0,1,49932.0,0,49933.0,0,49933.0,0,49933.0
357,7361805_11_ld1,2,49933.0,2,49935.0,2,49937.0,0,49939.0,0,49939.0,0,49939.0,2,49939.0,0,49941.0,2,49941.0,0,49943.0,0,49943.0,0,49943.0,2,49943.0,0,49945.0,2,49945.0,0,49947.0,0,49947.0,0,49947.0,2,49947.0,2,49949.0,2,49951.0,0,49953.0,0,49953.0,0,49953.0,2,49953.0,2,49955.0,2,49957.0,0,49959.0,0,49959.0,0,49959.0
358,7368993_28_ld1,1,49959.0,1,49960.0,1,49961.0,0,49962.0,0,49962.0,0,49962.0,1,49962.0,0,49963.0,1,49963.0,0,49964.0,0,49964.0,0,49964.0,1,49964.0,0,49965.0,1,49965.0,0,49966.0,0,49966.0,0,49966.0,1,49966.0,1,49967.0,1,49968.0,0,49969.0,0,49969.0,0,49969.0,1,49969.0,1,49970.0,1,49971.0,0,49972.0,0,49972.0,0,49972.0
359,7369163_2_hdv,2,49972.0,2,49974.0,2,49976.0,0,49978.0,0,49978.0,0,49978.0,2,49978.0,0,49980.0,2,49980.0,0,49982.0,0,49982.0,0,49982.0,2,49982.0,0,49984.0,2,49984.0,0,49986.0,0,49986.0,0,49986.0,2,49986.0,2,49988.0,2,49990.0,0,49992.0,0,49992.0,0,49992.0,2,49992.0,2,49994.0,2,49996.0,0,49998.0,0,49998.0,0,49998.0
360,7364691_23_ld1,4,49998.0,4,50002.0,4,50006.0,0,50010.0,0,50010.0,0,50010.0,4,50010.0,0,50014.0,4,50014.0,0,50018.0,0,50018.0,0,50018.0,4,50018.0,0,50022.0,4,50022.0,0,50026.0,0,50026.0,0,50026.0,4,50026.0,4,50030.0,4,50034.0,0,50038.0,0,50038.0,0,50038.0,4,50038.0,4,50042.0,4,50046.0,0,50050.0,0,50050.0,0,50050.0
361,7365038_18_ld1,3,50050.0,3,50053.0,3,50056.0,0,50059.0,0,50059.0,0,50059.0,3,50059.0,0,50062.0,3,50062.0,0,50065.0,0,50065.0,0,50065.0,3,50065.0,0,50068.0,3,50068.0,0,50071.0,0,50071.0,0,50071.0,3,50071.0,3,50074.0,3,50077.0,0,50080.0,0,50080.0,0,50080.0,3,50080.0,3,50083.0,3,50086.0,0,50089.0,0,50089.0,0,50089.0
362,7361803_8_ld1,1,50089.0,1,50090.0,1,50091.0,0,50092.0,0,50092.0,0,50092.0,1,50092.0,0,50093.0,1,50093.0,0,50094.0,0,50094.0,0,50094.0,1,50094.0,0,50095.0,1,50095.0,0,50096.0,0,50096.0,0,50096.0,1,50096.0,1,50097.0,1,50098.0,0,50099.0,0,50099.0,0,50099.0,1,50099.0,1,50100.0,1,50101.0,0,50102.0,0,50102.0,0,50102.0
363,7361806_2_ld1,4,50102.0,4,50106.0,4,50110.0,0,50114.0,0,50114.0,0,50114.0,4,50114.0,0,50118.0,4,50118.0,0,50122.0,0,50122.0,0,50122.0,4,50122.0,0,50126.0,4,50126.0,0,50130.0,0,50130.0,0,50130.0,4,50130.0,4,50134.0,4,50138.0,0,50142.0,0,50142.0,0,50142.0,4,50142.0,4,50146.0,4,50150.0,0,50154.0,0,50154.0,0,50154.0
364,8394354_3_ld1,1,50154.0,1,50155.0,1,50156.0,0,50157.0,0,50157.0,0,50157.0,1,50157.0,0,50158.0,1,50158.0,0,50159.0,0,50159.0,0,50159.0,1,50159.0,0,50160.0,1,50160.0,0,50161.0,0,50161.0,0,50161.0,1,50161.0,1,50162.0,1,50163.0,0,50164.0,0,50164.0,0,50164.0,1,50164.0,1,50165.0,1,50166.0,0,50167.0,0,50167.0,0,50167.0
365,7366429_8_ld1,1,50167.0,1,50168.0,1,50169.0,0,50170.0,0,50170.0,0,50170.0,1,50170.0,0,50171.0,1,50171.0,0,50172.0,0,50172.0,0,50172.0,1,50172.0,0,50173.0,1,50173.0,0,50174.0,0,50174.0,0,50174.0,1,50174.0,1,50175.0,1,50176.0,0,50177.0,0,50177.0,0,50177.0,1,50177.0,1,50178.0,1,50179.0,0,50180.0,0,50180.0,0,50180.0
366,7361893_3_ld1,1,50180.0,1,50181.0,1,50182.0,0,50183.0,0,50183.0,0,50183.0,1,50183.0,0,50184.0,1,50184.0,0,50185.0,0,50185.0,0,50185.0,1,50185.0,0,50186.0,1,50186.0,0,50187.0,0,50187.0,0,50187.0,1,50187.0,1,50188.0,1,50189.0,0,50190.0,0,50190.0,0,50190.0,1,50190.0,1,50191.0,1,50192.0,0,50193.0,0,50193.0,0,50193.0
367,7368993_18_ld1,1,50193.0,1,50194.0,1,50195.0,0,50196.0,0,50196.0,0,50196.0,1,50196.0,0,50197.0,1,50197.0,0,50198.0,0,50198.0,0,50198.0,1,50198.0,0,50199.0,1,50199.0,0,50200.0,0,50200.0,0,50200.0,1,50200.0,1,50201.0,1,50202.0,0,50203.0,0,50203.0,0,50203.0,1,50203.0,1,50204.0,1,50205.0,0,50206.0,0,50206.0,0,50206.0
368,7367265_2_ld1,2,50206.0,2,50208.0,2,50210.0,0,50212.0,0,50212.0,0,50212.0,2,50212.0,0,50214.0,2,50214.0,0,50216.0,0,50216.0,0,50216.0,2,50216.0,0,50218.0,2,50218.0,0,50220.0,0,50220.0,0,50220.0,2,50220.0,2,50222.0,2,50224.0,0,50226.0,0,50226.0,0,50226.0,2,50226.0,2,50228.0,2,50230.0,0,50232.0,0,50232.0,0,50232.0
369,7366540_8_ld1,4,50232.0,4,50236.0,4,50240.0,0,50244.0,0,50244.0,0,50244.0,4,50244.0,0,50248.0,4,50248.0,0,50252.0,0,50252.0,0,50252.0,4,50252.0,0,50256.0,4,50256.0,0,50260.0,0,50260.0,0,50260.0,4,50260.0,4,50264.0,4,50268.0,0,50272.0,0,50272.0,0,50272.0,4,50272.0,4,50276.0,4,50280.0,0,50284.0,0,50284.0,0,50284.0
370,7367024_5_ld1,1,50284.0,1,50285.0,1,50286.0,0,50287.0,0,50287.0,0,50287.0,1,50287.0,0,50288.0,1,50288.0,0,50289.0,0,50289.0,0,50289.0,1,50289.0,0,50290.0,1,50290.0,0,50291.0,0,50291.0,0,50291.0,1,50291.0,1,50292.0,1,50293.0,0,50294.0,0,50294.0,0,50294.0,1,50294.0,1,50295.0,1,50296.0,0,50297.0,0,50297.0,0,50297.0
371,7361953_28_ld1,1,50297.0,1,50298.0,1,50299.0,0,50300.0,0,50300.0,0,50300.0,1,50300.0,0,50301.0,1,50301.0,0,50302.0,0,50302.0,0,50302.0,1,50302.0,0,50303.0,1,50303.0,0,50304.0,0,50304.0,0,50304.0,1,50304.0,1,50305.0,1,50306.0,0,50307.0,0,50307.0,0,50307.0,1,50307.0,1,50308.0,1,50309.0,0,50310.0,0,50310.0,0,50310.0
372,7361887_3_ld1,2,50310.0,2,50312.0,2,50314.0,0,50316.0,0,50316.0,0,50316.0,2,50316.0,0,50318.0,2,50318.0,0,50320.0,0,50320.0,0,50320.0,2,50320.0,0,50322.0,2,50322.0,0,50324.0,0,50324.0,0,50324.0,2,50324.0,2,50326.0,2,50328.0,0,50330.0,0,50330.0,0,50330.0,2,50330.0,2,50332.0,2,50334.0,0,50336.0,0,50336.0,0,50336.0
373,7360480_11_ld1,1,50336.0,1,50337.0,1,50338.0,0,50339.0,0,50339.0,0,50339.0,1,50339.0,0,50340.0,1,50340.0,0,50341.0,0,50341.0,0,50341.0,1,50341.0,0,50342.0,1,50342.0,0,50343.0,0,50343.0,0,50343.0,1,50343.0,1,50344.0,1,50345.0,0,50346.0,0,50346.0,0,50346.0,1,50346.0,1,50347.0,1,50348.0,0,50349.0,0,50349.0,0,50349.0
374,7367265_14_ld1,1,50349.0,1,50350.0,1,50351.0,0,50352.0,0,50352.0,0,50352.0,1,50352.0,0,50353.0,1,50353.0,0,50354.0,0,50354.0,0,50354.0,1,50354.0,0,50355.0,1,50355.0,0,50356.0,0,50356.0,0,50356.0,1,50356.0,1,50357.0,1,50358.0,0,50359.0,0,50359.0,0,50359.0,1,50359.0,1,50360.0,1,50361.0,0,50362.0,0,50362.0,0,50362.0
375,7367415_3_ld1,7,50362.0,7,50369.0,7,50376.0,0,50383.0,0,50383.0,0,50383.0,7,50383.0,0,50390.0,7,50390.0,0,50397.0,0,50397.0,0,50397.0,7,50397.0,0,50404.0,7,50404.0,0,50411.0,0,50411.0,0,50411.0,7,50411.0,7,50418.0,7,50425.0,0,50432.0,0,50432.0,0,50432.0,7,50432.0,7,50439.0,7,50446.0,0,50453.0,0,50453.0,0,50453.0
376,7366501_23_ld1,4,50453.0,4,50457.0,4,50461.0,0,50465.0,0,50465.0,0,50465.0,4,50465.0,0,50469.0,4,50469.0,0,50473.0,0,50473.0,0,50473.0,4,50473.0,0,50477.0,4,50477.0,0,50481.0,0,50481.0,0,50481.0,4,50481.0,4,50485.0,4,50489.0,0,50493.0,0,50493.0,0,50493.0,4,50493.0,4,50497.0,4,50501.0,0,50505.0,0,50505.0,0,50505.0
377,7366620_53_ld1,1,50505.0,1,50506.0,1,50507.0,0,50508.0,0,50508.0,0,50508.0,1,50508.0,0,50509.0,1,50509.0,0,50510.0,0,50510.0,0,50510.0,1,50510.0,0,50511.0,1,50511.0,0,50512.0,0,50512.0,0,50512.0,1,50512.0,1,50513.0,1,50514.0,0,50515.0,0,50515.0,0,50515.0,1,50515.0,1,50516.0,1,50517.0,0,50518.0,0,50518.0,0,50518.0
378,7367226_8_ld1,3,50518.0,3,50521.0,3,50524.0,0,50527.0,0,50527.0,0,50527.0,3,50527.0,0,50530.0,3,50530.0,0,50533.0,0,50533.0,0,50533.0,3,50533.0,0,50536.0,3,50536.0,0,50539.0,0,50539.0,0,50539.0,3,50539.0,3,50542.0,3,50545.0,0,50548.0,0,50548.0,0,50548.0,3,50548.0,3,50551.0,3,50554.0,0,50557.0,0,50557.0,0,50557.0
379,7367415_13_ld1,4,50557.0,4,50561.0,4,50565.0,0,50569.0,0,50569.0,0,50569.0,4,50569.0,0,50573.0,4,50573.0,0,50577.0,0,50577.0,0,50577.0,4,50577.0,0,50581.0,4,50581.0,0,50585.0,0,50585.0,0,50585.0,4,50585.0,4,50589.0,4,50593.0,0,50597.0,0,50597.0,0,50597.0,4,50597.0,4,50601.0,4,50605.0,0,50609.0,0,50609.0,0,50609.0
380,7361803_14_ld1,1,50609.0,1,50610.0,1,50611.0,0,50612.0,0,50612.0,0,50612.0,1,50612.0,0,50613.0,1,50613.0,0,50614.0,0,50614.0,0,50614.0,1,50614.0,0,50615.0,1,50615.0,0,50616.0,0,50616.0,0,50616.0,1,50616.0,1,50617.0,1,50618.0,0,50619.0,0,50619.0,0,50619.0,1,50619.0,1,50620.0,1,50621.0,0,50622.0,0,50622.0,0,50622.0
381,8394801_4_ld1,1,50622.0,1,50623.0,1,50624.0,0,50625.0,0,50625.0,0,50625.0,1,50625.0,0,50626.0,1,50626.0,0,50627.0,0,50627.0,0,50627.0,1,50627.0,0,50628.0,1,50628.0,0,50629.0,0,50629.0,0,50629.0,1,50629.0,1,50630.0,1,50631.0,0,50632.0,0,50632.0,0,50632.0,1,50632.0,1,50633.0,1,50634.0,0,50635.0,0,50635.0,0,50635.0
382,7362668_13_ld1,2,50635.0,2,50637.0,2,50639.0,0,50641.0,0,50641.0,0,50641.0,2,50641.0,0,50643.0,2,50643.0,0,50645.0,0,50645.0,0,50645.0,2,50645.0,0,50647.0,2,50647.0,0,50649.0,0,50649.0,0,50649.0,2,50649.0,2,50651.0,2,50653.0,0,50655.0,0,50655.0,0,50655.0,2,50655.0,2,50657.0,2,50659.0,0,50661.0,0,50661.0,0,50661.0
383,7361890_8_ld1,1,50661.0,1,50662.0,1,50663.0,0,50664.0,0,50664.0,0,50664.0,1,50664.0,0,50665.0,1,50665.0,0,50666.0,0,50666.0,0,50666.0,1,50666.0,0,50667.0,1,50667.0,0,50668.0,0,50668.0,0,50668.0,1,50668.0,1,50669.0,1,50670.0,0,50671.0,0,50671.0,0,50671.0,1,50671.0,1,50672.0,1,50673.0,0,50674.0,0,50674.0,0,50674.0
384,7366389_3_ld1,4,50674.0,4,50678.0,4,50682.0,0,50686.0,0,50686.0,0,50686.0,4,50686.0,0,50690.0,4,50690.0,0,50694.0,0,50694.0,0,50694.0,4,50694.0,0,50698.0,4,50698.0,0,50702.0,0,50702.0,0,50702.0,4,50702.0,4,50706.0,4,50710.0,0,50714.0,0,50714.0,0,50714.0,4,50714.0,4,50718.0,4,50722.0,0,50726.0,0,50726.0,0,50726.0
385,7362109_11_ld1,1,50726.0,1,50727.0,1,50728.0,0,50729.0,0,50729.0,0,50729.0,1,50729.0,0,50730.0,1,50730.0,0,50731.0,0,50731.0,0,50731.0,1,50731.0,0,50732.0,1,50732.0,0,50733.0,0,50733.0,0,50733.0,1,50733.0,1,50734.0,1,50735.0,0,50736.0,0,50736.0,0,50736.0,1,50736.0,1,50737.0,1,50738.0,0,50739.0,0,50739.0,0,50739.0
386,7195265_24_ld3,1,50739.0,1,50740.0,1,50741.0,0,50742.0,0,50742.0,0,50742.0,1,50742.0,0,50743.0,1,50743.0,0,50744.0,0,50744.0,0,50744.0,1,50744.0,0,50745.0,1,50745.0,0,50746.0,0,50746.0,0,50746.0,1,50746.0,1,50747.0,1,50748.0,0,50749.0,0,50749.0,0,50749.0,1,50749.0,1,50750.0,1,50751.0,0,50752.0,0,50752.0,0,50752.0
387,7192587_7_hdt,1,50752.0,1,50753.0,1,50754.0,0,50755.0,0,50755.0,0,50755.0,1,50755.0,0,50756.0,1,50756.0,0,50757.0,0,50757.0,0,50757.0,1,50757.0,0,50758.0,1,50758.0,0,50759.0,0,50759.0,0,50759.0,1,50759.0,1,50760.0,1,50761.0,0,50762.0,0,50762.0,0,50762.0,1,50762.0,1,50763.0,1,50764.0,0,50765.0,0,50765.0,0,50765.0
388,7032487_8_ld1,1,50765.0,1,50766.0,1,50767.0,0,50768.0,0,50768.0,0,50768.0,1,50768.0,0,50769.0,1,50769.0,0,50770.0,0,50770.0,0,50770.0,1,50770.0,0,50771.0,1,50771.0,0,50772.0,0,50772.0,0,50772.0,1,50772.0,1,50773.0,1,50774.0,0,50775.0,0,50775.0,0,50775.0,1,50775.0,1,50776.0,1,50777.0,0,50778.0,0,50778.0,0,50778.0
389,6435834_3_hdt,1,50778.0,1,50779.0,1,50780.0,0,50781.0,0,50781.0,0,50781.0,1,50781.0,0,50782.0,1,50782.0,0,50783.0,0,50783.0,0,50783.0,1,50783.0,0,50784.0,1,50784.0,0,50785.0,0,50785.0,0,50785.0,1,50785.0,1,50786.0,1,50787.0,0,50788.0,0,50788.0,0,50788.0,1,50788.0,1,50789.0,1,50790.0,0,50791.0,0,50791.0,0,50791.0
390,7369529_13_ld1,1,50791.0,1,50792.0,1,50793.0,0,50794.0,0,50794.0,0,50794.0,1,50794.0,0,50795.0,1,50795.0,0,50796.0,0,50796.0,0,50796.0,1,50796.0,0,50797.0,1,50797.0,0,50798.0,0,50798.0,0,50798.0,1,50798.0,1,50799.0,1,50800.0,0,50801.0,0,50801.0,0,50801.0,1,50801.0,1,50802.0,1,50803.0,0,50804.0,0,50804.0,0,50804.0
391,360643_1_hdt,1,50804.0,1,50805.0,1,50806.0,0,50807.0,0,50807.0,0,50807.0,1,50807.0,0,50808.0,1,50808.0,0,50809.0,0,50809.0,0,50809.0,1,50809.0,0,50810.0,1,50810.0,0,50811.0,0,50811.0,0,50811.0,1,50811.0,1,50812.0,1,50813.0,0,50814.0,0,50814.0,0,50814.0,1,50814.0,1,50815.0,1,50816.0,0,50817.0,0,50817.0,0,50817.0
392,8297979_5_ld1,1,50817.0,1,50818.0,1,50819.0,0,50820.0,0,50820.0,0,50820.0,1,50820.0,0,50821.0,1,50821.0,0,50822.0,0,50822.0,0,50822.0,1,50822.0,0,50823.0,1,50823.0,0,50824.0,0,50824.0,0,50824.0,1,50824.0,1,50825.0,1,50826.0,0,50827.0,0,50827.0,0,50827.0,1,50827.0,1,50828.0,1,50829.0,0,50830.0,0,50830.0,0,50830.0
393,7362972_19_ld3,11,50830.0,11,50841.0,11,50852.0,0,50863.0,0,50863.0,0,50863.0,11,50863.0,0,50874.0,11,50874.0,0,50885.0,0,50885.0,0,50885.0,11,50885.0,0,50896.0,11,50896.0,0,50907.0,0,50907.0,0,50907.0,11,50907.0,11,50918.0,11,50929.0,0,50940.0,0,50940.0,0,50940.0,11,50940.0,11,50951.0,11,50962.0,0,50973.0,0,50973.0,0,50973.0
394,8394328_18_ld1,20,50973.0,20,50993.0,20,51013.0,0,51033.0,0,51033.0,0,51033.0,20,51033.0,0,51053.0,20,51053.0,0,51073.0,0,51073.0,0,51073.0,20,51073.0,0,51093.0,20,51093.0,0,51113.0,0,51113.0,0,51113.0,20,51113.0,20,51133.0,20,51153.0,0,51173.0,0,51173.0,0,51173.0,20,51173.0,20,51193.0,20,51213.0,0,51233.0,0,51233.0,0,51233.0
395,7367226_12_hdv,2,51233.0,2,51235.0,2,51237.0,0,51239.0,0,51239.0,0,51239.0,2,51239.0,0,51241.0,2,51241.0,0,51243.0,0,51243.0,0,51243.0,2,51243.0,0,51245.0,2,51245.0,0,51247.0,0,51247.0,0,51247.0,2,51247.0,2,51249.0,2,51251.0,0,51253.0,0,51253.0,0,51253.0,2,51253.0,2,51255.0,2,51257.0,0,51259.0,0,51259.0,0,51259.0
396,7365629_31_hdt,13,51259.0,13,51272.0,13,51285.0,0,51298.0,0,51298.0,0,51298.0,13,51298.0,0,51311.0,13,51311.0,0,51324.0,0,51324.0,0,51324.0,13,51324.0,0,51337.0,13,51337.0,0,51350.0,0,51350.0,0,51350.0,13,51350.0,13,51363.0,13,51376.0,0,51389.0,0,51389.0,0,51389.0,13,51389.0,13,51402.0,13,51415.0,0,51428.0,0,51428.0,0,51428.0
397,7367065_25_mdv,3,51428.0,3,51431.0,3,51434.0,0,51437.0,0,51437.0,0,51437.0,3,51437.0,0,51440.0,3,51440.0,0,51443.0,0,51443.0,0,51443.0,3,51443.0,0,51446.0,3,51446.0,0,51449.0,0,51449.0,0,51449.0,3,51449.0,3,51452.0,3,51455.0,0,51458.0,0,51458.0,0,51458.0,3,51458.0,3,51461.0,3,51464.0,0,51467.0,0,51467.0,0,51467.0
398,7367265_21_mdv,3,51467.0,3,51470.0,3,51473.0,0,51476.0,0,51476.0,0,51476.0,3,51476.0,0,51479.0,3,51479.0,0,51482.0,0,51482.0,0,51482.0,3,51482.0,0,51485.0,3,51485.0,0,51488.0,0,51488.0,0,51488.0,3,51488.0,3,51491.0,3,51494.0,0,51497.0,0,51497.0,0,51497.0,3,51497.0,3,51500.0,3,51503.0,0,51506.0,0,51506.0,0,51506.0
399,7366501_6_hdt,5,51506.0,5,51511.0,5,51516.0,0,51521.0,0,51521.0,0,51521.0,5,51521.0,0,51526.0,5,51526.0,0,51531.0,0,51531.0,0,51531.0,5,51531.0,0,51536.0,5,51536.0,0,51541.0,0,51541.0,0,51541.0,5,51541.0,5,51546.0,5,51551.0,0,51556.0,0,51556.0,0,51556.0,5,51556.0,5,51561.0,5,51566.0,0,51571.0,0,51571.0,0,51571.0
400,8395045_1_hdt,15,51571.0,15,51586.0,15,51601.0,0,51616.0,0,51616.0,0,51616.0,15,51616.0,0,51631.0,15,51631.0,0,51646.0,0,51646.0,0,51646.0,15,51646.0,0,51661.0,15,51661.0,0,51676.0,0,51676.0,0,51676.0,15,51676.0,15,51691.0,15,51706.0,0,51721.0,0,51721.0,0,51721.0,15,51721.0,15,51736.0,15,51751.0,0,51766.0,0,51766.0,0,51766.0
401,7361108_19_hdt,3,51766.0,3,51769.0,3,51772.0,0,51775.0,0,51775.0,0,51775.0,3,51775.0,0,51778.0,3,51778.0,0,51781.0,0,51781.0,0,51781.0,3,51781.0,0,51784.0,3,51784.0,0,51787.0,0,51787.0,0,51787.0,3,51787.0,3,51790.0,3,51793.0,0,51796.0,0,51796.0,0,51796.0,3,51796.0,3,51799.0,3,51802.0,0,51805.0,0,51805.0,0,51805.0
402,7195265_4_ld3,1,51805.0,1,51806.0,1,51807.0,0,51808.0,0,51808.0,0,51808.0,1,51808.0,0,51809.0,1,51809.0,0,51810.0,0,51810.0,0,51810.0,1,51810.0,0,51811.0,1,51811.0,0,51812.0,0,51812.0,0,51812.0,1,51812.0,1,51813.0,1,51814.0,0,51815.0,0,51815.0,0,51815.0,1,51815.0,1,51816.0,1,51817.0,0,51818.0,0,51818.0,0,51818.0
403,6743820_3_ld1,1,51818.0,1,51819.0,1,51820.0,0,51821.0,0,51821.0,0,51821.0,1,51821.0,0,51822.0,1,51822.0,0,51823.0,0,51823.0,0,51823.0,1,51823.0,0,51824.0,1,51824.0,0,51825.0,0,51825.0,0,51825.0,1,51825.0,1,51826.0,1,51827.0,0,51828.0,0,51828.0,0,51828.0,1,51828.0,1,51829.0,1,51830.0,0,51831.0,0,51831.0,0,51831.0
404,7369899_33_ld1,3,51831.0,3,51834.0,3,51837.0,0,51840.0,0,51840.0,0,51840.0,3,51840.0,0,51843.0,3,51843.0,0,51846.0,0,51846.0,0,51846.0,3,51846.0,0,51849.0,3,51849.0,0,51852.0,0,51852.0,0,51852.0,3,51852.0,3,51855.0,3,51858.0,0,51861.0,0,51861.0,0,51861.0,3,51861.0,3,51864.0,3,51867.0,0,51870.0,0,51870.0,0,51870.0
405,7371557_24_ld3,1,51870.0,1,51871.0,1,51872.0,0,51873.0,0,51873.0,0,51873.0,1,51873.0,0,51874.0,1,51874.0,0,51875.0,0,51875.0,0,51875.0,1,51875.0,0,51876.0,1,51876.0,0,51877.0,0,51877.0,0,51877.0,1,51877.0,1,51878.0,1,51879.0,0,51880.0,0,51880.0,0,51880.0,1,51880.0,1,51881.0,1,51882.0,0,51883.0,0,51883.0,0,51883.0
406,7365022_15_mdv,4,51883.0,4,51887.0,4,51891.0,0,51895.0,0,51895.0,0,51895.0,4,51895.0,0,51899.0,4,51899.0,0,51903.0,0,51903.0,0,51903.0,4,51903.0,0,51907.0,4,51907.0,0,51911.0,0,51911.0,0,51911.0,4,51911.0,4,51915.0,4,51919.0,0,51923.0,0,51923.0,0,51923.0,4,51923.0,4,51927.0,4,51931.0,0,51935.0,0,51935.0,0,51935.0
407,8394327_7_ld3,22,51935.0,22,51957.0,22,51979.0,0,52001.0,0,52001.0,0,52001.0,22,52001.0,0,52023.0,22,52023.0,0,52045.0,0,52045.0,0,52045.0,22,52045.0,0,52067.0,22,52067.0,0,52089.0,0,52089.0,0,52089.0,22,52089.0,22,52111.0,22,52133.0,0,52155.0,0,52155.0,0,52155.0,22,52155.0,22,52177.0,22,52199.0,0,52221.0,0,52221.0,0,52221.0
408,7367265_20_ld1,4,52221.0,4,52225.0,4,52229.0,0,52233.0,0,52233.0,0,52233.0,4,52233.0,0,52237.0,4,52237.0,0,52241.0,0,52241.0,0,52241.0,4,52241.0,0,52245.0,4,52245.0,0,52249.0,0,52249.0,0,52249.0,4,52249.0,4,52253.0,4,52257.0,0,52261.0,0,52261.0,0,52261.0,4,52261.0,4,52265.0,4,52269.0,0,52273.0,0,52273.0,0,52273.0
409,8395583_3_ld1,1,52273.0,1,52274.0,1,52275.0,0,52276.0,0,52276.0,0,52276.0,1,52276.0,0,52277.0,1,52277.0,0,52278.0,0,52278.0,0,52278.0,1,52278.0,0,52279.0,1,52279.0,0,52280.0,0,52280.0,0,52280.0,1,52280.0,1,52281.0,1,52282.0,0,52283.0,0,52283.0,0,52283.0,1,52283.0,1,52284.0,1,52285.0,0,52286.0,0,52286.0,0,52286.0
410,7367025_14_ld1,1,52286.0,1,52287.0,1,52288.0,0,52289.0,0,52289.0,0,52289.0,1,52289.0,0,52290.0,1,52290.0,0,52291.0,0,52291.0,0,52291.0,1,52291.0,0,52292.0,1,52292.0,0,52293.0,0,52293.0,0,52293.0,1,52293.0,1,52294.0,1,52295.0,0,52296.0,0,52296.0,0,52296.0,1,52296.0,1,52297.0,1,52298.0,0,52299.0,0,52299.0,0,52299.0
411,7370749_3_ld1,2,52299.0,2,52301.0,2,52303.0,0,52305.0,0,52305.0,0,52305.0,2,52305.0,0,52307.0,2,52307.0,0,52309.0,0,52309.0,0,52309.0,2,52309.0,0,52311.0,2,52311.0,0,52313.0,0,52313.0,0,52313.0,2,52313.0,2,52315.0,2,52317.0,0,52319.0,0,52319.0,0,52319.0,2,52319.0,2,52321.0,2,52323.0,0,52325.0,0,52325.0,0,52325.0
412,7366789_2_ld1,4,52325.0,4,52329.0,4,52333.0,0,52337.0,0,52337.0,0,52337.0,4,52337.0,0,52341.0,4,52341.0,0,52345.0,0,52345.0,0,52345.0,4,52345.0,0,52349.0,4,52349.0,0,52353.0,0,52353.0,0,52353.0,4,52353.0,4,52357.0,4,52361.0,0,52365.0,0,52365.0,0,52365.0,4,52365.0,4,52369.0,4,52373.0,0,52377.0,0,52377.0,0,52377.0
413,7370749_8_ld1,4,52377.0,4,52381.0,4,52385.0,0,52389.0,0,52389.0,0,52389.0,4,52389.0,0,52393.0,4,52393.0,0,52397.0,0,52397.0,0,52397.0,4,52397.0,0,52401.0,4,52401.0,0,52405.0,0,52405.0,0,52405.0,4,52405.0,4,52409.0,4,52413.0,0,52417.0,0,52417.0,0,52417.0,4,52417.0,4,52421.0,4,52425.0,0,52429.0,0,52429.0,0,52429.0
414,7363441_18_ld1,2,52429.0,2,52431.0,2,52433.0,0,52435.0,0,52435.0,0,52435.0,2,52435.0,0,52437.0,2,52437.0,0,52439.0,0,52439.0,0,52439.0,2,52439.0,0,52441.0,2,52441.0,0,52443.0,0,52443.0,0,52443.0,2,52443.0,2,52445.0,2,52447.0,0,52449.0,0,52449.0,0,52449.0,2,52449.0,2,52451.0,2,52453.0,0,52455.0,0,52455.0,0,52455.0
415,7367025_17_ld1,1,52455.0,1,52456.0,1,52457.0,0,52458.0,0,52458.0,0,52458.0,1,52458.0,0,52459.0,1,52459.0,0,52460.0,0,52460.0,0,52460.0,1,52460.0,0,52461.0,1,52461.0,0,52462.0,0,52462.0,0,52462.0,1,52462.0,1,52463.0,1,52464.0,0,52465.0,0,52465.0,0,52465.0,1,52465.0,1,52466.0,1,52467.0,0,52468.0,0,52468.0,0,52468.0
416,7366389_18_ld1,4,52468.0,4,52472.0,4,52476.0,0,52480.0,0,52480.0,0,52480.0,4,52480.0,0,52484.0,4,52484.0,0,52488.0,0,52488.0,0,52488.0,4,52488.0,0,52492.0,4,52492.0,0,52496.0,0,52496.0,0,52496.0,4,52496.0,4,52500.0,4,52504.0,0,52508.0,0,52508.0,0,52508.0,4,52508.0,4,52512.0,4,52516.0,0,52520.0,0,52520.0,0,52520.0
417,7366429_23_ld1,2,52520.0,2,52522.0,2,52524.0,0,52526.0,0,52526.0,0,52526.0,2,52526.0,0,52528.0,2,52528.0,0,52530.0,0,52530.0,0,52530.0,2,52530.0,0,52532.0,2,52532.0,0,52534.0,0,52534.0,0,52534.0,2,52534.0,2,52536.0,2,52538.0,0,52540.0,0,52540.0,0,52540.0,2,52540.0,2,52542.0,2,52544.0,0,52546.0,0,52546.0,0,52546.0
418,7363441_3_ld1,1,52546.0,1,52547.0,1,52548.0,0,52549.0,0,52549.0,0,52549.0,1,52549.0,0,52550.0,1,52550.0,0,52551.0,0,52551.0,0,52551.0,1,52551.0,0,52552.0,1,52552.0,0,52553.0,0,52553.0,0,52553.0,1,52553.0,1,52554.0,1,52555.0,0,52556.0,0,52556.0,0,52556.0,1,52556.0,1,52557.0,1,52558.0,0,52559.0,0,52559.0,0,52559.0
419,7361108_16_hdt,19,52559.0,19,52578.0,19,52597.0,0,52616.0,0,52616.0,0,52616.0,19,52616.0,0,52635.0,19,52635.0,0,52654.0,0,52654.0,0,52654.0,19,52654.0,0,52673.0,19,52673.0,0,52692.0,0,52692.0,0,52692.0,19,52692.0,19,52711.0,19,52730.0,0,52749.0,0,52749.0,0,52749.0,19,52749.0,19,52768.0,19,52787.0,0,52806.0,0,52806.0,0,52806.0
420,7367470_3_ld1,5,52806.0,5,52811.0,5,52816.0,0,52821.0,0,52821.0,0,52821.0,5,52821.0,0,52826.0,5,52826.0,0,52831.0,0,52831.0,0,52831.0,5,52831.0,0,52836.0,5,52836.0,0,52841.0,0,52841.0,0,52841.0,5,52841.0,5,52846.0,5,52851.0,0,52856.0,0,52856.0,0,52856.0,5,52856.0,5,52861.0,5,52866.0,0,52871.0,0,52871.0,0,52871.0
421,7370550_8_ld1,5,52871.0,5,52876.0,5,52881.0,0,52886.0,0,52886.0,0,52886.0,5,52886.0,0,52891.0,5,52891.0,0,52896.0,0,52896.0,0,52896.0,5,52896.0,0,52901.0,5,52901.0,0,52906.0,0,52906.0,0,52906.0,5,52906.0,5,52911.0,5,52916.0,0,52921.0,0,52921.0,0,52921.0,5,52921.0,5,52926.0,5,52931.0,0,52936.0,0,52936.0,0,52936.0
422,7366620_28_ld1,1,52936.0,1,52937.0,1,52938.0,0,52939.0,0,52939.0,0,52939.0,1,52939.0,0,52940.0,1,52940.0,0,52941.0,0,52941.0,0,52941.0,1,52941.0,0,52942.0,1,52942.0,0,52943.0,0,52943.0,0,52943.0,1,52943.0,1,52944.0,1,52945.0,0,52946.0,0,52946.0,0,52946.0,1,52946.0,1,52947.0,1,52948.0,0,52949.0,0,52949.0,0,52949.0
423,7363441_23_ld1,2,52949.0,2,52951.0,2,52953.0,0,52955.0,0,52955.0,0,52955.0,2,52955.0,0,52957.0,2,52957.0,0,52959.0,0,52959.0,0,52959.0,2,52959.0,0,52961.0,2,52961.0,0,52963.0,0,52963.0,0,52963.0,2,52963.0,2,52965.0,2,52967.0,0,52969.0,0,52969.0,0,52969.0,2,52969.0,2,52971.0,2,52973.0,0,52975.0,0,52975.0,0,52975.0
424,7364692_20_ld1,1,52975.0,1,52976.0,1,52977.0,0,52978.0,0,52978.0,0,52978.0,1,52978.0,0,52979.0,1,52979.0,0,52980.0,0,52980.0,0,52980.0,1,52980.0,0,52981.0,1,52981.0,0,52982.0,0,52982.0,0,52982.0,1,52982.0,1,52983.0,1,52984.0,0,52985.0,0,52985.0,0,52985.0,1,52985.0,1,52986.0,1,52987.0,0,52988.0,0,52988.0,0,52988.0
425,7367308_8_ld1,4,52988.0,4,52992.0,4,52996.0,0,53000.0,0,53000.0,0,53000.0,4,53000.0,0,53004.0,4,53004.0,0,53008.0,0,53008.0,0,53008.0,4,53008.0,0,53012.0,4,53012.0,0,53016.0,0,53016.0,0,53016.0,4,53016.0,4,53020.0,4,53024.0,0,53028.0,0,53028.0,0,53028.0,4,53028.0,4,53032.0,4,53036.0,0,53040.0,0,53040.0,0,53040.0
426,7366540_2_ld1,2,53040.0,2,53042.0,2,53044.0,0,53046.0,0,53046.0,0,53046.0,2,53046.0,0,53048.0,2,53048.0,0,53050.0,0,53050.0,0,53050.0,2,53050.0,0,53052.0,2,53052.0,0,53054.0,0,53054.0,0,53054.0,2,53054.0,2,53056.0,2,53058.0,0,53060.0,0,53060.0,0,53060.0,2,53060.0,2,53062.0,2,53064.0,0,53066.0,0,53066.0,0,53066.0
427,7367265_11_ld1,3,53066.0,3,53069.0,3,53072.0,0,53075.0,0,53075.0,0,53075.0,3,53075.0,0,53078.0,3,53078.0,0,53081.0,0,53081.0,0,53081.0,3,53081.0,0,53084.0,3,53084.0,0,53087.0,0,53087.0,0,53087.0,3,53087.0,3,53090.0,3,53093.0,0,53096.0,0,53096.0,0,53096.0,3,53096.0,3,53099.0,3,53102.0,0,53105.0,0,53105.0,0,53105.0
428,7366429_3_ld1,4,53105.0,4,53109.0,4,53113.0,0,53117.0,0,53117.0,0,53117.0,4,53117.0,0,53121.0,4,53121.0,0,53125.0,0,53125.0,0,53125.0,4,53125.0,0,53129.0,4,53129.0,0,53133.0,0,53133.0,0,53133.0,4,53133.0,4,53137.0,4,53141.0,0,53145.0,0,53145.0,0,53145.0,4,53145.0,4,53149.0,4,53153.0,0,53157.0,0,53157.0,0,53157.0
429,7364691_28_ld1,3,53157.0,3,53160.0,3,53163.0,0,53166.0,0,53166.0,0,53166.0,3,53166.0,0,53169.0,3,53169.0,0,53172.0,0,53172.0,0,53172.0,3,53172.0,0,53175.0,3,53175.0,0,53178.0,0,53178.0,0,53178.0,3,53178.0,3,53181.0,3,53184.0,0,53187.0,0,53187.0,0,53187.0,3,53187.0,3,53190.0,3,53193.0,0,53196.0,0,53196.0,0,53196.0
430,7366501_13_ld1,1,53196.0,1,53197.0,1,53198.0,0,53199.0,0,53199.0,0,53199.0,1,53199.0,0,53200.0,1,53200.0,0,53201.0,0,53201.0,0,53201.0,1,53201.0,0,53202.0,1,53202.0,0,53203.0,0,53203.0,0,53203.0,1,53203.0,1,53204.0,1,53205.0,0,53206.0,0,53206.0,0,53206.0,1,53206.0,1,53207.0,1,53208.0,0,53209.0,0,53209.0,0,53209.0
431,7365629_38_ld1,2,53209.0,2,53211.0,2,53213.0,0,53215.0,0,53215.0,0,53215.0,2,53215.0,0,53217.0,2,53217.0,0,53219.0,0,53219.0,0,53219.0,2,53219.0,0,53221.0,2,53221.0,0,53223.0,0,53223.0,0,53223.0,2,53223.0,2,53225.0,2,53227.0,0,53229.0,0,53229.0,0,53229.0,2,53229.0,2,53231.0,2,53233.0,0,53235.0,0,53235.0,0,53235.0
432,7366501_8_ld1,3,53235.0,3,53238.0,3,53241.0,0,53244.0,0,53244.0,0,53244.0,3,53244.0,0,53247.0,3,53247.0,0,53250.0,0,53250.0,0,53250.0,3,53250.0,0,53253.0,3,53253.0,0,53256.0,0,53256.0,0,53256.0,3,53256.0,3,53259.0,3,53262.0,0,53265.0,0,53265.0,0,53265.0,3,53265.0,3,53268.0,3,53271.0,0,53274.0,0,53274.0,0,53274.0
433,8394801_8_ld1,23,53274.0,23,53297.0,23,53320.0,0,53343.0,0,53343.0,0,53343.0,23,53343.0,0,53366.0,23,53366.0,0,53389.0,0,53389.0,0,53389.0,23,53389.0,0,53412.0,23,53412.0,0,53435.0,0,53435.0,0,53435.0,23,53435.0,23,53458.0,23,53481.0,0,53504.0,0,53504.0,0,53504.0,23,53504.0,23,53527.0,23,53550.0,0,53573.0,0,53573.0,0,53573.0
434,7367265_8_ld1,1,53573.0,1,53574.0,1,53575.0,0,53576.0,0,53576.0,0,53576.0,1,53576.0,0,53577.0,1,53577.0,0,53578.0,0,53578.0,0,53578.0,1,53578.0,0,53579.0,1,53579.0,0,53580.0,0,53580.0,0,53580.0,1,53580.0,1,53581.0,1,53582.0,0,53583.0,0,53583.0,0,53583.0,1,53583.0,1,53584.0,1,53585.0,0,53586.0,0,53586.0,0,53586.0
435,7363676_8_ld1,1,53586.0,1,53587.0,1,53588.0,0,53589.0,0,53589.0,0,53589.0,1,53589.0,0,53590.0,1,53590.0,0,53591.0,0,53591.0,0,53591.0,1,53591.0,0,53592.0,1,53592.0,0,53593.0,0,53593.0,0,53593.0,1,53593.0,1,53594.0,1,53595.0,0,53596.0,0,53596.0,0,53596.0,1,53596.0,1,53597.0,1,53598.0,0,53599.0,0,53599.0,0,53599.0
436,7366364_13_ld1,1,53599.0,1,53600.0,1,53601.0,0,53602.0,0,53602.0,0,53602.0,1,53602.0,0,53603.0,1,53603.0,0,53604.0,0,53604.0,0,53604.0,1,53604.0,0,53605.0,1,53605.0,0,53606.0,0,53606.0,0,53606.0,1,53606.0,1,53607.0,1,53608.0,0,53609.0,0,53609.0,0,53609.0,1,53609.0,1,53610.0,1,53611.0,0,53612.0,0,53612.0,0,53612.0
437,7365022_13_ld1,4,53612.0,4,53616.0,4,53620.0,0,53624.0,0,53624.0,0,53624.0,4,53624.0,0,53628.0,4,53628.0,0,53632.0,0,53632.0,0,53632.0,4,53632.0,0,53636.0,4,53636.0,0,53640.0,0,53640.0,0,53640.0,4,53640.0,4,53644.0,4,53648.0,0,53652.0,0,53652.0,0,53652.0,4,53652.0,4,53656.0,4,53660.0,0,53664.0,0,53664.0,0,53664.0
438,7370497_8_ld1,3,53664.0,3,53667.0,3,53670.0,0,53673.0,0,53673.0,0,53673.0,3,53673.0,0,53676.0,3,53676.0,0,53679.0,0,53679.0,0,53679.0,3,53679.0,0,53682.0,3,53682.0,0,53685.0,0,53685.0,0,53685.0,3,53685.0,3,53688.0,3,53691.0,0,53694.0,0,53694.0,0,53694.0,3,53694.0,3,53697.0,3,53700.0,0,53703.0,0,53703.0,0,53703.0
439,7361108_17_ld1,1,53703.0,1,53704.0,1,53705.0,0,53706.0,0,53706.0,0,53706.0,1,53706.0,0,53707.0,1,53707.0,0,53708.0,0,53708.0,0,53708.0,1,53708.0,0,53709.0,1,53709.0,0,53710.0,0,53710.0,0,53710.0,1,53710.0,1,53711.0,1,53712.0,0,53713.0,0,53713.0,0,53713.0,1,53713.0,1,53714.0,1,53715.0,0,53716.0,0,53716.0,0,53716.0
440,7366429_9_ld3,2,53716.0,2,53718.0,2,53720.0,0,53722.0,0,53722.0,0,53722.0,2,53722.0,0,53724.0,2,53724.0,0,53726.0,0,53726.0,0,53726.0,2,53726.0,0,53728.0,2,53728.0,0,53730.0,0,53730.0,0,53730.0,2,53730.0,2,53732.0,2,53734.0,0,53736.0,0,53736.0,0,53736.0,2,53736.0,2,53738.0,2,53740.0,0,53742.0,0,53742.0,0,53742.0
441,7367483_1_hdt,2,53742.0,2,53744.0,2,53746.0,0,53748.0,0,53748.0,0,53748.0,2,53748.0,0,53750.0,2,53750.0,0,53752.0,0,53752.0,0,53752.0,2,53752.0,0,53754.0,2,53754.0,0,53756.0,0,53756.0,0,53756.0,2,53756.0,2,53758.0,2,53760.0,0,53762.0,0,53762.0,0,53762.0,2,53762.0,2,53764.0,2,53766.0,0,53768.0,0,53768.0,0,53768.0
442,7188340_58_ld1,1,53768.0,1,53769.0,1,53770.0,0,53771.0,0,53771.0,0,53771.0,1,53771.0,0,53772.0,1,53772.0,0,53773.0,0,53773.0,0,53773.0,1,53773.0,0,53774.0,1,53774.0,0,53775.0,0,53775.0,0,53775.0,1,53775.0,1,53776.0,1,53777.0,0,53778.0,0,53778.0,0,53778.0,1,53778.0,1,53779.0,1,53780.0,0,53781.0,0,53781.0,0,53781.0
443,6727107_13_ld1,2,53781.0,2,53783.0,2,53785.0,0,53787.0,0,53787.0,0,53787.0,2,53787.0,0,53789.0,2,53789.0,0,53791.0,0,53791.0,0,53791.0,2,53791.0,0,53793.0,2,53793.0,0,53795.0,0,53795.0,0,53795.0,2,53795.0,2,53797.0,2,53799.0,0,53801.0,0,53801.0,0,53801.0,2,53801.0,2,53803.0,2,53805.0,0,53807.0,0,53807.0,0,53807.0
444,7364692_11_ld1,10,53807.0,10,53817.0,10,53827.0,0,53837.0,0,53837.0,0,53837.0,10,53837.0,0,53847.0,10,53847.0,0,53857.0,0,53857.0,0,53857.0,10,53857.0,0,53867.0,10,53867.0,0,53877.0,0,53877.0,0,53877.0,10,53877.0,10,53887.0,10,53897.0,0,53907.0,0,53907.0,0,53907.0,10,53907.0,10,53917.0,10,53927.0,0,53937.0,0,53937.0,0,53937.0
445,7188341_9_ld3,2,53937.0,2,53939.0,2,53941.0,0,53943.0,0,53943.0,0,53943.0,2,53943.0,0,53945.0,2,53945.0,0,53947.0,0,53947.0,0,53947.0,2,53947.0,0,53949.0,2,53949.0,0,53951.0,0,53951.0,0,53951.0,2,53951.0,2,53953.0,2,53955.0,0,53957.0,0,53957.0,0,53957.0,2,53957.0,2,53959.0,2,53961.0,0,53963.0,0,53963.0,0,53963.0
446,7192092_1_hdt,1,53963.0,1,53964.0,1,53965.0,0,53966.0,0,53966.0,0,53966.0,1,53966.0,0,53967.0,1,53967.0,0,53968.0,0,53968.0,0,53968.0,1,53968.0,0,53969.0,1,53969.0,0,53970.0,0,53970.0,0,53970.0,1,53970.0,1,53971.0,1,53972.0,0,53973.0,0,53973.0,0,53973.0,1,53973.0,1,53974.0,1,53975.0,0,53976.0,0,53976.0,0,53976.0
447,8371137_9_ld3,1,53976.0,1,53977.0,1,53978.0,0,53979.0,0,53979.0,0,53979.0,1,53979.0,0,53980.0,1,53980.0,0,53981.0,0,53981.0,0,53981.0,1,53981.0,0,53982.0,1,53982.0,0,53983.0,0,53983.0,0,53983.0,1,53983.0,1,53984.0,1,53985.0,0,53986.0,0,53986.0,0,53986.0,1,53986.0,1,53987.0,1,53988.0,0,53989.0,0,53989.0,0,53989.0
448,7367751_13_ld1,1,53989.0,1,53990.0,1,53991.0,0,53992.0,0,53992.0,0,53992.0,1,53992.0,0,53993.0,1,53993.0,0,53994.0,0,53994.0,0,53994.0,1,53994.0,0,53995.0,1,53995.0,0,53996.0,0,53996.0,0,53996.0,1,53996.0,1,53997.0,1,53998.0,0,53999.0,0,53999.0,0,53999.0,1,53999.0,1,54000.0,1,54001.0,0,54002.0,0,54002.0,0,54002.0
449,7365023_3_ld1,1,54002.0,1,54003.0,1,54004.0,0,54005.0,0,54005.0,0,54005.0,1,54005.0,0,54006.0,1,54006.0,0,54007.0,0,54007.0,0,54007.0,1,54007.0,0,54008.0,1,54008.0,0,54009.0,0,54009.0,0,54009.0,1,54009.0,1,54010.0,1,54011.0,0,54012.0,0,54012.0,0,54012.0,1,54012.0,1,54013.0,1,54014.0,0,54015.0,0,54015.0,0,54015.0
450,8415294_18_ld3,34,54015.0,34,54049.0,34,54083.0,0,54117.0,0,54117.0,0,54117.0,34,54117.0,0,54151.0,34,54151.0,0,54185.0,0,54185.0,0,54185.0,34,54185.0,0,54219.0,34,54219.0,0,54253.0,0,54253.0,0,54253.0,34,54253.0,34,54287.0,34,54321.0,0,54355.0,0,54355.0,0,54355.0,34,54355.0,34,54389.0,34,54423.0,0,54457.0,0,54457.0,0,54457.0
451,8395583_1_hdt,44,54457.0,44,54501.0,44,54545.0,0,54589.0,0,54589.0,0,54589.0,44,54589.0,0,54633.0,44,54633.0,0,54677.0,0,54677.0,0,54677.0,44,54677.0,0,54721.0,44,54721.0,0,54765.0,0,54765.0,0,54765.0,44,54765.0,44,54809.0,44,54853.0,0,54897.0,0,54897.0,0,54897.0,44,54897.0,44,54941.0,44,54985.0,0,55029.0,0,55029.0,0,55029.0
452,7366753_8_ld1,2,55029.0,2,55031.0,2,55033.0,0,55035.0,0,55035.0,0,55035.0,2,55035.0,0,55037.0,2,55037.0,0,55039.0,0,55039.0,0,55039.0,2,55039.0,0,55041.0,2,55041.0,0,55043.0,0,55043.0,0,55043.0,2,55043.0,2,55045.0,2,55047.0,0,55049.0,0,55049.0,0,55049.0,2,55049.0,2,55051.0,2,55053.0,0,55055.0,0,55055.0,0,55055.0
453,7364692_14_ld1,8,55055.0,8,55063.0,8,55071.0,0,55079.0,0,55079.0,0,55079.0,8,55079.0,0,55087.0,8,55087.0,0,55095.0,0,55095.0,0,55095.0,8,55095.0,0,55103.0,8,55103.0,0,55111.0,0,55111.0,0,55111.0,8,55111.0,8,55119.0,8,55127.0,0,55135.0,0,55135.0,0,55135.0,8,55135.0,8,55143.0,8,55151.0,0,55159.0,0,55159.0,0,55159.0
454,7361344_8_ld1,2,55159.0,2,55161.0,2,55163.0,0,55165.0,0,55165.0,0,55165.0,2,55165.0,0,55167.0,2,55167.0,0,55169.0,0,55169.0,0,55169.0,2,55169.0,0,55171.0,2,55171.0,0,55173.0,0,55173.0,0,55173.0,2,55173.0,2,55175.0,2,55177.0,0,55179.0,0,55179.0,0,55179.0,2,55179.0,2,55181.0,2,55183.0,0,55185.0,0,55185.0,0,55185.0
455,7366547_3_ld1,3,55185.0,3,55188.0,3,55191.0,0,55194.0,0,55194.0,0,55194.0,3,55194.0,0,55197.0,3,55197.0,0,55200.0,0,55200.0,0,55200.0,3,55200.0,0,55203.0,3,55203.0,0,55206.0,0,55206.0,0,55206.0,3,55206.0,3,55209.0,3,55212.0,0,55215.0,0,55215.0,0,55215.0,3,55215.0,3,55218.0,3,55221.0,0,55224.0,0,55224.0,0,55224.0
456,7364918_23_ld1,3,55224.0,3,55227.0,3,55230.0,0,55233.0,0,55233.0,0,55233.0,3,55233.0,0,55236.0,3,55236.0,0,55239.0,0,55239.0,0,55239.0,3,55239.0,0,55242.0,3,55242.0,0,55245.0,0,55245.0,0,55245.0,3,55245.0,3,55248.0,3,55251.0,0,55254.0,0,55254.0,0,55254.0,3,55254.0,3,55257.0,3,55260.0,0,55263.0,0,55263.0,0,55263.0
457,7366547_13_ld1,2,55263.0,2,55265.0,2,55267.0,0,55269.0,0,55269.0,0,55269.0,2,55269.0,0,55271.0,2,55271.0,0,55273.0,0,55273.0,0,55273.0,2,55273.0,0,55275.0,2,55275.0,0,55277.0,0,55277.0,0,55277.0,2,55277.0,2,55279.0,2,55281.0,0,55283.0,0,55283.0,0,55283.0,2,55283.0,2,55285.0,2,55287.0,0,55289.0,0,55289.0,0,55289.0
458,7370780_7_hdv,2,55289.0,2,55291.0,2,55293.0,0,55295.0,0,55295.0,0,55295.0,2,55295.0,0,55297.0,2,55297.0,0,55299.0,0,55299.0,0,55299.0,2,55299.0,0,55301.0,2,55301.0,0,55303.0,0,55303.0,0,55303.0,2,55303.0,2,55305.0,2,55307.0,0,55309.0,0,55309.0,0,55309.0,2,55309.0,2,55311.0,2,55313.0,0,55315.0,0,55315.0,0,55315.0
459,7366501_3_ld1,1,55315.0,1,55316.0,1,55317.0,0,55318.0,0,55318.0,0,55318.0,1,55318.0,0,55319.0,1,55319.0,0,55320.0,0,55320.0,0,55320.0,1,55320.0,0,55321.0,1,55321.0,0,55322.0,0,55322.0,0,55322.0,1,55322.0,1,55323.0,1,55324.0,0,55325.0,0,55325.0,0,55325.0,1,55325.0,1,55326.0,1,55327.0,0,55328.0,0,55328.0,0,55328.0
460,7370748_3_ld1,2,55328.0,2,55330.0,2,55332.0,0,55334.0,0,55334.0,0,55334.0,2,55334.0,0,55336.0,2,55336.0,0,55338.0,0,55338.0,0,55338.0,2,55338.0,0,55340.0,2,55340.0,0,55342.0,0,55342.0,0,55342.0,2,55342.0,2,55344.0,2,55346.0,0,55348.0,0,55348.0,0,55348.0,2,55348.0,2,55350.0,2,55352.0,0,55354.0,0,55354.0,0,55354.0
461,7365597_11_ld1,8,55354.0,8,55362.0,8,55370.0,0,55378.0,0,55378.0,0,55378.0,8,55378.0,0,55386.0,8,55386.0,0,55394.0,0,55394.0,0,55394.0,8,55394.0,0,55402.0,8,55402.0,0,55410.0,0,55410.0,0,55410.0,8,55410.0,8,55418.0,8,55426.0,0,55434.0,0,55434.0,0,55434.0,8,55434.0,8,55442.0,8,55450.0,0,55458.0,0,55458.0,0,55458.0
462,7361344_18_ld1,2,55458.0,2,55460.0,2,55462.0,0,55464.0,0,55464.0,0,55464.0,2,55464.0,0,55466.0,2,55466.0,0,55468.0,0,55468.0,0,55468.0,2,55468.0,0,55470.0,2,55470.0,0,55472.0,0,55472.0,0,55472.0,2,55472.0,2,55474.0,2,55476.0,0,55478.0,0,55478.0,0,55478.0,2,55478.0,2,55480.0,2,55482.0,0,55484.0,0,55484.0,0,55484.0
463,7364691_13_ld1,9,55484.0,9,55493.0,9,55502.0,0,55511.0,0,55511.0,0,55511.0,9,55511.0,0,55520.0,9,55520.0,0,55529.0,0,55529.0,0,55529.0,9,55529.0,0,55538.0,9,55538.0,0,55547.0,0,55547.0,0,55547.0,9,55547.0,9,55556.0,9,55565.0,0,55574.0,0,55574.0,0,55574.0,9,55574.0,9,55583.0,9,55592.0,0,55601.0,0,55601.0,0,55601.0
464,7370748_13_ld1,2,55601.0,2,55603.0,2,55605.0,0,55607.0,0,55607.0,0,55607.0,2,55607.0,0,55609.0,2,55609.0,0,55611.0,0,55611.0,0,55611.0,2,55611.0,0,55613.0,2,55613.0,0,55615.0,0,55615.0,0,55615.0,2,55615.0,2,55617.0,2,55619.0,0,55621.0,0,55621.0,0,55621.0,2,55621.0,2,55623.0,2,55625.0,0,55627.0,0,55627.0,0,55627.0
465,7364918_3_ld1,2,55627.0,2,55629.0,2,55631.0,0,55633.0,0,55633.0,0,55633.0,2,55633.0,0,55635.0,2,55635.0,0,55637.0,0,55637.0,0,55637.0,2,55637.0,0,55639.0,2,55639.0,0,55641.0,0,55641.0,0,55641.0,2,55641.0,2,55643.0,2,55645.0,0,55647.0,0,55647.0,0,55647.0,2,55647.0,2,55649.0,2,55651.0,0,55653.0,0,55653.0,0,55653.0
466,7361108_20_ld1,2,55653.0,2,55655.0,2,55657.0,0,55659.0,0,55659.0,0,55659.0,2,55659.0,0,55661.0,2,55661.0,0,55663.0,0,55663.0,0,55663.0,2,55663.0,0,55665.0,2,55665.0,0,55667.0,0,55667.0,0,55667.0,2,55667.0,2,55669.0,2,55671.0,0,55673.0,0,55673.0,0,55673.0,2,55673.0,2,55675.0,2,55677.0,0,55679.0,0,55679.0,0,55679.0
467,7370943_8_ld1,2,55679.0,2,55681.0,2,55683.0,0,55685.0,0,55685.0,0,55685.0,2,55685.0,0,55687.0,2,55687.0,0,55689.0,0,55689.0,0,55689.0,2,55689.0,0,55691.0,2,55691.0,0,55693.0,0,55693.0,0,55693.0,2,55693.0,2,55695.0,2,55697.0,0,55699.0,0,55699.0,0,55699.0,2,55699.0,2,55701.0,2,55703.0,0,55705.0,0,55705.0,0,55705.0
468,7365022_3_ld1,1,55705.0,1,55706.0,1,55707.0,0,55708.0,0,55708.0,0,55708.0,1,55708.0,0,55709.0,1,55709.0,0,55710.0,0,55710.0,0,55710.0,1,55710.0,0,55711.0,1,55711.0,0,55712.0,0,55712.0,0,55712.0,1,55712.0,1,55713.0,1,55714.0,0,55715.0,0,55715.0,0,55715.0,1,55715.0,1,55716.0,1,55717.0,0,55718.0,0,55718.0,0,55718.0
469,7370688_3_ld1,3,55718.0,3,55721.0,3,55724.0,0,55727.0,0,55727.0,0,55727.0,3,55727.0,0,55730.0,3,55730.0,0,55733.0,0,55733.0,0,55733.0,3,55733.0,0,55736.0,3,55736.0,0,55739.0,0,55739.0,0,55739.0,3,55739.0,3,55742.0,3,55745.0,0,55748.0,0,55748.0,0,55748.0,3,55748.0,3,55751.0,3,55754.0,0,55757.0,0,55757.0,0,55757.0
470,7370780_5_mdv,3,55757.0,3,55760.0,3,55763.0,0,55766.0,0,55766.0,0,55766.0,3,55766.0,0,55769.0,3,55769.0,0,55772.0,0,55772.0,0,55772.0,3,55772.0,0,55775.0,3,55775.0,0,55778.0,0,55778.0,0,55778.0,3,55778.0,3,55781.0,3,55784.0,0,55787.0,0,55787.0,0,55787.0,3,55787.0,3,55790.0,3,55793.0,0,55796.0,0,55796.0,0,55796.0
471,7365629_28_ld1,4,55796.0,4,55800.0,4,55804.0,0,55808.0,0,55808.0,0,55808.0,4,55808.0,0,55812.0,4,55812.0,0,55816.0,0,55816.0,0,55816.0,4,55816.0,0,55820.0,4,55820.0,0,55824.0,0,55824.0,0,55824.0,4,55824.0,4,55828.0,4,55832.0,0,55836.0,0,55836.0,0,55836.0,4,55836.0,4,55840.0,4,55844.0,0,55848.0,0,55848.0,0,55848.0
472,7361344_28_ld1,2,55848.0,2,55850.0,2,55852.0,0,55854.0,0,55854.0,0,55854.0,2,55854.0,0,55856.0,2,55856.0,0,55858.0,0,55858.0,0,55858.0,2,55858.0,0,55860.0,2,55860.0,0,55862.0,0,55862.0,0,55862.0,2,55862.0,2,55864.0,2,55866.0,0,55868.0,0,55868.0,0,55868.0,2,55868.0,2,55870.0,2,55872.0,0,55874.0,0,55874.0,0,55874.0
473,7365629_18_ld1,2,55874.0,2,55876.0,2,55878.0,0,55880.0,0,55880.0,0,55880.0,2,55880.0,0,55882.0,2,55882.0,0,55884.0,0,55884.0,0,55884.0,2,55884.0,0,55886.0,2,55886.0,0,55888.0,0,55888.0,0,55888.0,2,55888.0,2,55890.0,2,55892.0,0,55894.0,0,55894.0,0,55894.0,2,55894.0,2,55896.0,2,55898.0,0,55900.0,0,55900.0,0,55900.0
474,7364691_8_ld1,1,55900.0,1,55901.0,1,55902.0,0,55903.0,0,55903.0,0,55903.0,1,55903.0,0,55904.0,1,55904.0,0,55905.0,0,55905.0,0,55905.0,1,55905.0,0,55906.0,1,55906.0,0,55907.0,0,55907.0,0,55907.0,1,55907.0,1,55908.0,1,55909.0,0,55910.0,0,55910.0,0,55910.0,1,55910.0,1,55911.0,1,55912.0,0,55913.0,0,55913.0,0,55913.0
475,7366789_5_ld1,2,55913.0,2,55915.0,2,55917.0,0,55919.0,0,55919.0,0,55919.0,2,55919.0,0,55921.0,2,55921.0,0,55923.0,0,55923.0,0,55923.0,2,55923.0,0,55925.0,2,55925.0,0,55927.0,0,55927.0,0,55927.0,2,55927.0,2,55929.0,2,55931.0,0,55933.0,0,55933.0,0,55933.0,2,55933.0,2,55935.0,2,55937.0,0,55939.0,0,55939.0,0,55939.0
476,7365023_8_ld1,2,55939.0,2,55941.0,2,55943.0,0,55945.0,0,55945.0,0,55945.0,2,55945.0,0,55947.0,2,55947.0,0,55949.0,0,55949.0,0,55949.0,2,55949.0,0,55951.0,2,55951.0,0,55953.0,0,55953.0,0,55953.0,2,55953.0,2,55955.0,2,55957.0,0,55959.0,0,55959.0,0,55959.0,2,55959.0,2,55961.0,2,55963.0,0,55965.0,0,55965.0,0,55965.0
477,7366753_18_ld1,2,55965.0,2,55967.0,2,55969.0,0,55971.0,0,55971.0,0,55971.0,2,55971.0,0,55973.0,2,55973.0,0,55975.0,0,55975.0,0,55975.0,2,55975.0,0,55977.0,2,55977.0,0,55979.0,0,55979.0,0,55979.0,2,55979.0,2,55981.0,2,55983.0,0,55985.0,0,55985.0,0,55985.0,2,55985.0,2,55987.0,2,55989.0,0,55991.0,0,55991.0,0,55991.0
478,7361344_13_ld1,2,55991.0,2,55993.0,2,55995.0,0,55997.0,0,55997.0,0,55997.0,2,55997.0,0,55999.0,2,55999.0,0,56001.0,0,56001.0,0,56001.0,2,56001.0,0,56003.0,2,56003.0,0,56005.0,0,56005.0,0,56005.0,2,56005.0,2,56007.0,2,56009.0,0,56011.0,0,56011.0,0,56011.0,2,56011.0,2,56013.0,2,56015.0,0,56017.0,0,56017.0,0,56017.0
479,7370497_3_ld1,2,56017.0,2,56019.0,2,56021.0,0,56023.0,0,56023.0,0,56023.0,2,56023.0,0,56025.0,2,56025.0,0,56027.0,0,56027.0,0,56027.0,2,56027.0,0,56029.0,2,56029.0,0,56031.0,0,56031.0,0,56031.0,2,56031.0,2,56033.0,2,56035.0,0,56037.0,0,56037.0,0,56037.0,2,56037.0,2,56039.0,2,56041.0,0,56043.0,0,56043.0,0,56043.0
480,7366753_13_ld1,3,56043.0,3,56046.0,3,56049.0,0,56052.0,0,56052.0,0,56052.0,3,56052.0,0,56055.0,3,56055.0,0,56058.0,0,56058.0,0,56058.0,3,56058.0,0,56061.0,3,56061.0,0,56064.0,0,56064.0,0,56064.0,3,56064.0,3,56067.0,3,56070.0,0,56073.0,0,56073.0,0,56073.0,3,56073.0,3,56076.0,3,56079.0,0,56082.0,0,56082.0,0,56082.0
481,7364691_18_ld1,2,56082.0,2,56084.0,2,56086.0,0,56088.0,0,56088.0,0,56088.0,2,56088.0,0,56090.0,2,56090.0,0,56092.0,0,56092.0,0,56092.0,2,56092.0,0,56094.0,2,56094.0,0,56096.0,0,56096.0,0,56096.0,2,56096.0,2,56098.0,2,56100.0,0,56102.0,0,56102.0,0,56102.0,2,56102.0,2,56104.0,2,56106.0,0,56108.0,0,56108.0,0,56108.0
482,7365597_8_ld1,11,56108.0,11,56119.0,11,56130.0,0,56141.0,0,56141.0,0,56141.0,11,56141.0,0,56152.0,11,56152.0,0,56163.0,0,56163.0,0,56163.0,11,56163.0,0,56174.0,11,56174.0,0,56185.0,0,56185.0,0,56185.0,11,56185.0,11,56196.0,11,56207.0,0,56218.0,0,56218.0,0,56218.0,11,56218.0,11,56229.0,11,56240.0,0,56251.0,0,56251.0,0,56251.0
483,7365404_2_ld1,2,56251.0,2,56253.0,2,56255.0,0,56257.0,0,56257.0,0,56257.0,2,56257.0,0,56259.0,2,56259.0,0,56261.0,0,56261.0,0,56261.0,2,56261.0,0,56263.0,2,56263.0,0,56265.0,0,56265.0,0,56265.0,2,56265.0,2,56267.0,2,56269.0,0,56271.0,0,56271.0,0,56271.0,2,56271.0,2,56273.0,2,56275.0,0,56277.0,0,56277.0,0,56277.0
484,7370808_13_ld1,1,56277.0,1,56278.0,1,56279.0,0,56280.0,0,56280.0,0,56280.0,1,56280.0,0,56281.0,1,56281.0,0,56282.0,0,56282.0,0,56282.0,1,56282.0,0,56283.0,1,56283.0,0,56284.0,0,56284.0,0,56284.0,1,56284.0,1,56285.0,1,56286.0,0,56287.0,0,56287.0,0,56287.0,1,56287.0,1,56288.0,1,56289.0,0,56290.0,0,56290.0,0,56290.0
485,7363441_8_ld1,1,56290.0,1,56291.0,1,56292.0,0,56293.0,0,56293.0,0,56293.0,1,56293.0,0,56294.0,1,56294.0,0,56295.0,0,56295.0,0,56295.0,1,56295.0,0,56296.0,1,56296.0,0,56297.0,0,56297.0,0,56297.0,1,56297.0,1,56298.0,1,56299.0,0,56300.0,0,56300.0,0,56300.0,1,56300.0,1,56301.0,1,56302.0,0,56303.0,0,56303.0,0,56303.0
486,7365629_23_ld1,4,56303.0,4,56307.0,4,56311.0,0,56315.0,0,56315.0,0,56315.0,4,56315.0,0,56319.0,4,56319.0,0,56323.0,0,56323.0,0,56323.0,4,56323.0,0,56327.0,4,56327.0,0,56331.0,0,56331.0,0,56331.0,4,56331.0,4,56335.0,4,56339.0,0,56343.0,0,56343.0,0,56343.0,4,56343.0,4,56347.0,4,56351.0,0,56355.0,0,56355.0,0,56355.0
487,7365022_8_ld1,4,56355.0,4,56359.0,4,56363.0,0,56367.0,0,56367.0,0,56367.0,4,56367.0,0,56371.0,4,56371.0,0,56375.0,0,56375.0,0,56375.0,4,56375.0,0,56379.0,4,56379.0,0,56383.0,0,56383.0,0,56383.0,4,56383.0,4,56387.0,4,56391.0,0,56395.0,0,56395.0,0,56395.0,4,56395.0,4,56399.0,4,56403.0,0,56407.0,0,56407.0,0,56407.0
488,8394820_8_ld1,1,56407.0,1,56408.0,1,56409.0,0,56410.0,0,56410.0,0,56410.0,1,56410.0,0,56411.0,1,56411.0,0,56412.0,0,56412.0,0,56412.0,1,56412.0,0,56413.0,1,56413.0,0,56414.0,0,56414.0,0,56414.0,1,56414.0,1,56415.0,1,56416.0,0,56417.0,0,56417.0,0,56417.0,1,56417.0,1,56418.0,1,56419.0,0,56420.0,0,56420.0,0,56420.0
489,7366753_3_ld1,7,56420.0,7,56427.0,7,56434.0,0,56441.0,0,56441.0,0,56441.0,7,56441.0,0,56448.0,7,56448.0,0,56455.0,0,56455.0,0,56455.0,7,56455.0,0,56462.0,7,56462.0,0,56469.0,0,56469.0,0,56469.0,7,56469.0,7,56476.0,7,56483.0,0,56490.0,0,56490.0,0,56490.0,7,56490.0,7,56497.0,7,56504.0,0,56511.0,0,56511.0,0,56511.0
490,7366389_13_ld1,2,56511.0,2,56513.0,2,56515.0,0,56517.0,0,56517.0,0,56517.0,2,56517.0,0,56519.0,2,56519.0,0,56521.0,0,56521.0,0,56521.0,2,56521.0,0,56523.0,2,56523.0,0,56525.0,0,56525.0,0,56525.0,2,56525.0,2,56527.0,2,56529.0,0,56531.0,0,56531.0,0,56531.0,2,56531.0,2,56533.0,2,56535.0,0,56537.0,0,56537.0,0,56537.0
491,7363676_3_ld1,1,56537.0,1,56538.0,1,56539.0,0,56540.0,0,56540.0,0,56540.0,1,56540.0,0,56541.0,1,56541.0,0,56542.0,0,56542.0,0,56542.0,1,56542.0,0,56543.0,1,56543.0,0,56544.0,0,56544.0,0,56544.0,1,56544.0,1,56545.0,1,56546.0,0,56547.0,0,56547.0,0,56547.0,1,56547.0,1,56548.0,1,56549.0,0,56550.0,0,56550.0,0,56550.0
492,7366364_3_ld1,1,56550.0,1,56551.0,1,56552.0,0,56553.0,0,56553.0,0,56553.0,1,56553.0,0,56554.0,1,56554.0,0,56555.0,0,56555.0,0,56555.0,1,56555.0,0,56556.0,1,56556.0,0,56557.0,0,56557.0,0,56557.0,1,56557.0,1,56558.0,1,56559.0,0,56560.0,0,56560.0,0,56560.0,1,56560.0,1,56561.0,1,56562.0,0,56563.0,0,56563.0,0,56563.0
493,7366429_18_ld1,2,56563.0,2,56565.0,2,56567.0,0,56569.0,0,56569.0,0,56569.0,2,56569.0,0,56571.0,2,56571.0,0,56573.0,0,56573.0,0,56573.0,2,56573.0,0,56575.0,2,56575.0,0,56577.0,0,56577.0,0,56577.0,2,56577.0,2,56579.0,2,56581.0,0,56583.0,0,56583.0,0,56583.0,2,56583.0,2,56585.0,2,56587.0,0,56589.0,0,56589.0,0,56589.0
494,7367265_17_ld1,2,56589.0,2,56591.0,2,56593.0,0,56595.0,0,56595.0,0,56595.0,2,56595.0,0,56597.0,2,56597.0,0,56599.0,0,56599.0,0,56599.0,2,56599.0,0,56601.0,2,56601.0,0,56603.0,0,56603.0,0,56603.0,2,56603.0,2,56605.0,2,56607.0,0,56609.0,0,56609.0,0,56609.0,2,56609.0,2,56611.0,2,56613.0,0,56615.0,0,56615.0,0,56615.0
495,7370688_8_ld1,1,56615.0,1,56616.0,1,56617.0,0,56618.0,0,56618.0,0,56618.0,1,56618.0,0,56619.0,1,56619.0,0,56620.0,0,56620.0,0,56620.0,1,56620.0,0,56621.0,1,56621.0,0,56622.0,0,56622.0,0,56622.0,1,56622.0,1,56623.0,1,56624.0,0,56625.0,0,56625.0,0,56625.0,1,56625.0,1,56626.0,1,56627.0,0,56628.0,0,56628.0,0,56628.0
496,6709441_13_ld1,1,56628.0,1,56629.0,1,56630.0,0,56631.0,0,56631.0,0,56631.0,1,56631.0,0,56632.0,1,56632.0,0,56633.0,0,56633.0,0,56633.0,1,56633.0,0,56634.0,1,56634.0,0,56635.0,0,56635.0,0,56635.0,1,56635.0,1,56636.0,1,56637.0,0,56638.0,0,56638.0,0,56638.0,1,56638.0,1,56639.0,1,56640.0,0,56641.0,0,56641.0,0,56641.0
497,6709113_9_ld3,2,56641.0,2,56643.0,2,56645.0,0,56647.0,0,56647.0,0,56647.0,2,56647.0,0,56649.0,2,56649.0,0,56651.0,0,56651.0,0,56651.0,2,56651.0,0,56653.0,2,56653.0,0,56655.0,0,56655.0,0,56655.0,2,56655.0,2,56657.0,2,56659.0,0,56661.0,0,56661.0,0,56661.0,2,56661.0,2,56663.0,2,56665.0,0,56667.0,0,56667.0,0,56667.0
498,7358569_13_ld1,5,56667.0,5,56672.0,5,56677.0,0,56682.0,0,56682.0,0,56682.0,5,56682.0,0,56687.0,5,56687.0,0,56692.0,0,56692.0,0,56692.0,5,56692.0,0,56697.0,5,56697.0,0,56702.0,0,56702.0,0,56702.0,5,56702.0,5,56707.0,5,56712.0,0,56717.0,0,56717.0,0,56717.0,5,56717.0,5,56722.0,5,56727.0,0,56732.0,0,56732.0,0,56732.0
499,5009568_3_hdt,1,56732.0,1,56733.0,1,56734.0,0,56735.0,0,56735.0,0,56735.0,1,56735.0,0,56736.0,1,56736.0,0,56737.0,0,56737.0,0,56737.0,1,56737.0,0,56738.0,1,56738.0,0,56739.0,0,56739.0,0,56739.0,1,56739.0,1,56740.0,1,56741.0,0,56742.0,0,56742.0,0,56742.0,1,56742.0,1,56743.0,1,56744.0,0,56745.0,0,56745.0,0,56745.0
500,7367226_4_ld3,9,56745.0,9,56754.0,9,56763.0,0,56772.0,0,56772.0,0,56772.0,9,56772.0,0,56781.0,9,56781.0,0,56790.0,0,56790.0,0,56790.0,9,56790.0,0,56799.0,9,56799.0,0,56808.0,0,56808.0,0,56808.0,9,56808.0,9,56817.0,9,56826.0,0,56835.0,0,56835.0,0,56835.0,9,56835.0,9,56844.0,9,56853.0,0,56862.0,0,56862.0,0,56862.0
501,7366717_4_ld3,1,56862.0,1,56863.0,1,56864.0,0,56865.0,0,56865.0,0,56865.0,1,56865.0,0,56866.0,1,56866.0,0,56867.0,0,56867.0,0,56867.0,1,56867.0,0,56868.0,1,56868.0,0,56869.0,0,56869.0,0,56869.0,1,56869.0,1,56870.0,1,56871.0,0,56872.0,0,56872.0,0,56872.0,1,56872.0,1,56873.0,1,56874.0,0,56875.0,0,56875.0,0,56875.0
502,7369582_14_ld3,1,56875.0,1,56876.0,1,56877.0,0,56878.0,0,56878.0,0,56878.0,1,56878.0,0,56879.0,1,56879.0,0,56880.0,0,56880.0,0,56880.0,1,56880.0,0,56881.0,1,56881.0,0,56882.0,0,56882.0,0,56882.0,1,56882.0,1,56883.0,1,56884.0,0,56885.0,0,56885.0,0,56885.0,1,56885.0,1,56886.0,1,56887.0,0,56888.0,0,56888.0,0,56888.0
503,7366620_44_ld3,4,56888.0,4,56892.0,4,56896.0,0,56900.0,0,56900.0,0,56900.0,4,56900.0,0,56904.0,4,56904.0,0,56908.0,0,56908.0,0,56908.0,4,56908.0,0,56912.0,4,56912.0,0,56916.0,0,56916.0,0,56916.0,4,56916.0,4,56920.0,4,56924.0,0,56928.0,0,56928.0,0,56928.0,4,56928.0,4,56932.0,4,56936.0,0,56940.0,0,56940.0,0,56940.0
504,7368806_14_ld3,2,56940.0,2,56942.0,2,56944.0,0,56946.0,0,56946.0,0,56946.0,2,56946.0,0,56948.0,2,56948.0,0,56950.0,0,56950.0,0,56950.0,2,56950.0,0,56952.0,2,56952.0,0,56954.0,0,56954.0,0,56954.0,2,56954.0,2,56956.0,2,56958.0,0,56960.0,0,56960.0,0,56960.0,2,56960.0,2,56962.0,2,56964.0,0,56966.0,0,56966.0,0,56966.0
505,7361887_8_ld1,7,56966.0,7,56973.0,7,56980.0,0,56987.0,0,56987.0,0,56987.0,7,56987.0,0,56994.0,7,56994.0,0,57001.0,0,57001.0,0,57001.0,7,57001.0,0,57008.0,7,57008.0,0,57015.0,0,57015.0,0,57015.0,7,57015.0,7,57022.0,7,57029.0,0,57036.0,0,57036.0,0,57036.0,7,57036.0,7,57043.0,7,57050.0,0,57057.0,0,57057.0,0,57057.0
506,7365531_14_ld3,8,57057.0,8,57065.0,8,57073.0,0,57081.0,0,57081.0,0,57081.0,8,57081.0,0,57089.0,8,57089.0,0,57097.0,0,57097.0,0,57097.0,8,57097.0,0,57105.0,8,57105.0,0,57113.0,0,57113.0,0,57113.0,8,57113.0,8,57121.0,8,57129.0,0,57137.0,0,57137.0,0,57137.0,8,57137.0,8,57145.0,8,57153.0,0,57161.0,0,57161.0,0,57161.0
507,7366429_15_mdv,2,57161.0,2,57163.0,2,57165.0,0,57167.0,0,57167.0,0,57167.0,2,57167.0,0,57169.0,2,57169.0,0,57171.0,0,57171.0,0,57171.0,2,57171.0,0,57173.0,2,57173.0,0,57175.0,0,57175.0,0,57175.0,2,57175.0,2,57177.0,2,57179.0,0,57181.0,0,57181.0,0,57181.0,2,57181.0,2,57183.0,2,57185.0,0,57187.0,0,57187.0,0,57187.0
508,7369067_13_ld1,2,57187.0,2,57189.0,2,57191.0,0,57193.0,0,57193.0,0,57193.0,2,57193.0,0,57195.0,2,57195.0,0,57197.0,0,57197.0,0,57197.0,2,57197.0,0,57199.0,2,57199.0,0,57201.0,0,57201.0,0,57201.0,2,57201.0,2,57203.0,2,57205.0,0,57207.0,0,57207.0,0,57207.0,2,57207.0,2,57209.0,2,57211.0,0,57213.0,0,57213.0,0,57213.0
509,8395898_13_ld1,3,57213.0,3,57216.0,3,57219.0,0,57222.0,0,57222.0,0,57222.0,3,57222.0,0,57225.0,3,57225.0,0,57228.0,0,57228.0,0,57228.0,3,57228.0,0,57231.0,3,57231.0,0,57234.0,0,57234.0,0,57234.0,3,57234.0,3,57237.0,3,57240.0,0,57243.0,0,57243.0,0,57243.0,3,57243.0,3,57246.0,3,57249.0,0,57252.0,0,57252.0,0,57252.0
510,7373560_15_mdv,1,57252.0,1,57253.0,1,57254.0,0,57255.0,0,57255.0,0,57255.0,1,57255.0,0,57256.0,1,57256.0,0,57257.0,0,57257.0,0,57257.0,1,57257.0,0,57258.0,1,57258.0,0,57259.0,0,57259.0,0,57259.0,1,57259.0,1,57260.0,1,57261.0,0,57262.0,0,57262.0,0,57262.0,1,57262.0,1,57263.0,1,57264.0,0,57265.0,0,57265.0,0,57265.0
511,7373504_34_ld3,1,57265.0,1,57266.0,1,57267.0,0,57268.0,0,57268.0,0,57268.0,1,57268.0,0,57269.0,1,57269.0,0,57270.0,0,57270.0,0,57270.0,1,57270.0,0,57271.0,1,57271.0,0,57272.0,0,57272.0,0,57272.0,1,57272.0,1,57273.0,1,57274.0,0,57275.0,0,57275.0,0,57275.0,1,57275.0,1,57276.0,1,57277.0,0,57278.0,0,57278.0,0,57278.0
512,7373504_2_hdv,1,57278.0,1,57279.0,1,57280.0,0,57281.0,0,57281.0,0,57281.0,1,57281.0,0,57282.0,1,57282.0,0,57283.0,0,57283.0,0,57283.0,1,57283.0,0,57284.0,1,57284.0,0,57285.0,0,57285.0,0,57285.0,1,57285.0,1,57286.0,1,57287.0,0,57288.0,0,57288.0,0,57288.0,1,57288.0,1,57289.0,1,57290.0,0,57291.0,0,57291.0,0,57291.0
513,7369842_34_ld3,2,57291.0,2,57293.0,2,57295.0,0,57297.0,0,57297.0,0,57297.0,2,57297.0,0,57299.0,2,57299.0,0,57301.0,0,57301.0,0,57301.0,2,57301.0,0,57303.0,2,57303.0,0,57305.0,0,57305.0,0,57305.0,2,57305.0,2,57307.0,2,57309.0,0,57311.0,0,57311.0,0,57311.0,2,57311.0,2,57313.0,2,57315.0,0,57317.0,0,57317.0,0,57317.0
514,7369842_28_ld1,1,57317.0,1,57318.0,1,57319.0,0,57320.0,0,57320.0,0,57320.0,1,57320.0,0,57321.0,1,57321.0,0,57322.0,0,57322.0,0,57322.0,1,57322.0,0,57323.0,1,57323.0,0,57324.0,0,57324.0,0,57324.0,1,57324.0,1,57325.0,1,57326.0,0,57327.0,0,57327.0,0,57327.0,1,57327.0,1,57328.0,1,57329.0,0,57330.0,0,57330.0,0,57330.0
515,7370780_4_ld3,2,57330.0,2,57332.0,2,57334.0,0,57336.0,0,57336.0,0,57336.0,2,57336.0,0,57338.0,2,57338.0,0,57340.0,0,57340.0,0,57340.0,2,57340.0,0,57342.0,2,57342.0,0,57344.0,0,57344.0,0,57344.0,2,57344.0,2,57346.0,2,57348.0,0,57350.0,0,57350.0,0,57350.0,2,57350.0,2,57352.0,2,57354.0,0,57356.0,0,57356.0,0,57356.0
516,7369899_8_ld1,2,57356.0,2,57358.0,2,57360.0,0,57362.0,0,57362.0,0,57362.0,2,57362.0,0,57364.0,2,57364.0,0,57366.0,0,57366.0,0,57366.0,2,57366.0,0,57368.0,2,57368.0,0,57370.0,0,57370.0,0,57370.0,2,57370.0,2,57372.0,2,57374.0,0,57376.0,0,57376.0,0,57376.0,2,57376.0,2,57378.0,2,57380.0,0,57382.0,0,57382.0,0,57382.0
517,7373441_4_ld3,2,57382.0,2,57384.0,2,57386.0,0,57388.0,0,57388.0,0,57388.0,2,57388.0,0,57390.0,2,57390.0,0,57392.0,0,57392.0,0,57392.0,2,57392.0,0,57394.0,2,57394.0,0,57396.0,0,57396.0,0,57396.0,2,57396.0,2,57398.0,2,57400.0,0,57402.0,0,57402.0,0,57402.0,2,57402.0,2,57404.0,2,57406.0,0,57408.0,0,57408.0,0,57408.0
518,7373504_23_ld1,1,57408.0,1,57409.0,1,57410.0,0,57411.0,0,57411.0,0,57411.0,1,57411.0,0,57412.0,1,57412.0,0,57413.0,0,57413.0,0,57413.0,1,57413.0,0,57414.0,1,57414.0,0,57415.0,0,57415.0,0,57415.0,1,57415.0,1,57416.0,1,57417.0,0,57418.0,0,57418.0,0,57418.0,1,57418.0,1,57419.0,1,57420.0,0,57421.0,0,57421.0,0,57421.0
519,7187355_17_hdt,12,57421.0,12,57433.0,12,57445.0,0,57457.0,0,57457.0,0,57457.0,12,57457.0,0,57469.0,12,57469.0,0,57481.0,0,57481.0,0,57481.0,12,57481.0,0,57493.0,12,57493.0,0,57505.0,0,57505.0,0,57505.0,12,57505.0,12,57517.0,12,57529.0,0,57541.0,0,57541.0,0,57541.0,12,57541.0,12,57553.0,12,57565.0,0,57577.0,0,57577.0,0,57577.0
520,7189971_8_ld1,7,57577.0,7,57584.0,7,57591.0,0,57598.0,0,57598.0,0,57598.0,7,57598.0,0,57605.0,7,57605.0,0,57612.0,0,57612.0,0,57612.0,7,57612.0,0,57619.0,7,57619.0,0,57626.0,0,57626.0,0,57626.0,7,57626.0,7,57633.0,7,57640.0,0,57647.0,0,57647.0,0,57647.0,7,57647.0,7,57654.0,7,57661.0,0,57668.0,0,57668.0,0,57668.0
521,8370588_4_ld3,3,57668.0,3,57671.0,3,57674.0,0,57677.0,0,57677.0,0,57677.0,3,57677.0,0,57680.0,3,57680.0,0,57683.0,0,57683.0,0,57683.0,3,57683.0,0,57686.0,3,57686.0,0,57689.0,0,57689.0,0,57689.0,3,57689.0,3,57692.0,3,57695.0,0,57698.0,0,57698.0,0,57698.0,3,57698.0,3,57701.0,3,57704.0,0,57707.0,0,57707.0,0,57707.0
522,8371309_2_hdv,1,57707.0,1,57708.0,1,57709.0,0,57710.0,0,57710.0,0,57710.0,1,57710.0,0,57711.0,1,57711.0,0,57712.0,0,57712.0,0,57712.0,1,57712.0,0,57713.0,1,57713.0,0,57714.0,0,57714.0,0,57714.0,1,57714.0,1,57715.0,1,57716.0,0,57717.0,0,57717.0,0,57717.0,1,57717.0,1,57718.0,1,57719.0,0,57720.0,0,57720.0,0,57720.0
523,6382834_1_hdt,1,57720.0,1,57721.0,1,57722.0,0,57723.0,0,57723.0,0,57723.0,1,57723.0,0,57724.0,1,57724.0,0,57725.0,0,57725.0,0,57725.0,1,57725.0,0,57726.0,1,57726.0,0,57727.0,0,57727.0,0,57727.0,1,57727.0,1,57728.0,1,57729.0,0,57730.0,0,57730.0,0,57730.0,1,57730.0,1,57731.0,1,57732.0,0,57733.0,0,57733.0,0,57733.0
524,6725682_8_ld1,1,57733.0,1,57734.0,1,57735.0,0,57736.0,0,57736.0,0,57736.0,1,57736.0,0,57737.0,1,57737.0,0,57738.0,0,57738.0,0,57738.0,1,57738.0,0,57739.0,1,57739.0,0,57740.0,0,57740.0,0,57740.0,1,57740.0,1,57741.0,1,57742.0,0,57743.0,0,57743.0,0,57743.0,1,57743.0,1,57744.0,1,57745.0,0,57746.0,0,57746.0,0,57746.0
525,938456_4_hdt,4,57746.0,4,57750.0,4,57754.0,0,57758.0,0,57758.0,0,57758.0,4,57758.0,0,57762.0,4,57762.0,0,57766.0,0,57766.0,0,57766.0,4,57766.0,0,57770.0,4,57770.0,0,57774.0,0,57774.0,0,57774.0,4,57774.0,4,57778.0,4,57782.0,0,57786.0,0,57786.0,0,57786.0,4,57786.0,4,57790.0,4,57794.0,0,57798.0,0,57798.0,0,57798.0
526,7358798_24_ld3,2,57798.0,2,57800.0,2,57802.0,0,57804.0,0,57804.0,0,57804.0,2,57804.0,0,57806.0,2,57806.0,0,57808.0,0,57808.0,0,57808.0,2,57808.0,0,57810.0,2,57810.0,0,57812.0,0,57812.0,0,57812.0,2,57812.0,2,57814.0,2,57816.0,0,57818.0,0,57818.0,0,57818.0,2,57818.0,2,57820.0,2,57822.0,0,57824.0,0,57824.0,0,57824.0
527,5026789_1_hdt,1,57824.0,1,57825.0,1,57826.0,0,57827.0,0,57827.0,0,57827.0,1,57827.0,0,57828.0,1,57828.0,0,57829.0,0,57829.0,0,57829.0,1,57829.0,0,57830.0,1,57830.0,0,57831.0,0,57831.0,0,57831.0,1,57831.0,1,57832.0,1,57833.0,0,57834.0,0,57834.0,0,57834.0,1,57834.0,1,57835.0,1,57836.0,0,57837.0,0,57837.0,0,57837.0
528,8371134_10_mdv,1,57837.0,1,57838.0,1,57839.0,0,57840.0,0,57840.0,0,57840.0,1,57840.0,0,57841.0,1,57841.0,0,57842.0,0,57842.0,0,57842.0,1,57842.0,0,57843.0,1,57843.0,0,57844.0,0,57844.0,0,57844.0,1,57844.0,1,57845.0,1,57846.0,0,57847.0,0,57847.0,0,57847.0,1,57847.0,1,57848.0,1,57849.0,0,57850.0,0,57850.0,0,57850.0
529,6383796_3_hdt,3,57850.0,3,57853.0,3,57856.0,0,57859.0,0,57859.0,0,57859.0,3,57859.0,0,57862.0,3,57862.0,0,57865.0,0,57865.0,0,57865.0,3,57865.0,0,57868.0,3,57868.0,0,57871.0,0,57871.0,0,57871.0,3,57871.0,3,57874.0,3,57877.0,0,57880.0,0,57880.0,0,57880.0,3,57880.0,3,57883.0,3,57886.0,0,57889.0,0,57889.0,0,57889.0
530,7366738_4_ld3,1,57889.0,1,57890.0,1,57891.0,0,57892.0,0,57892.0,0,57892.0,1,57892.0,0,57893.0,1,57893.0,0,57894.0,0,57894.0,0,57894.0,1,57894.0,0,57895.0,1,57895.0,0,57896.0,0,57896.0,0,57896.0,1,57896.0,1,57897.0,1,57898.0,0,57899.0,0,57899.0,0,57899.0,1,57899.0,1,57900.0,1,57901.0,0,57902.0,0,57902.0,0,57902.0
531,7362690_5_mdv,1,57902.0,1,57903.0,1,57904.0,0,57905.0,0,57905.0,0,57905.0,1,57905.0,0,57906.0,1,57906.0,0,57907.0,0,57907.0,0,57907.0,1,57907.0,0,57908.0,1,57908.0,0,57909.0,0,57909.0,0,57909.0,1,57909.0,1,57910.0,1,57911.0,0,57912.0,0,57912.0,0,57912.0,1,57912.0,1,57913.0,1,57914.0,0,57915.0,0,57915.0,0,57915.0
532,5027517_5_hdt,1,57915.0,1,57916.0,1,57917.0,0,57918.0,0,57918.0,0,57918.0,1,57918.0,0,57919.0,1,57919.0,0,57920.0,0,57920.0,0,57920.0,1,57920.0,0,57921.0,1,57921.0,0,57922.0,0,57922.0,0,57922.0,1,57922.0,1,57923.0,1,57924.0,0,57925.0,0,57925.0,0,57925.0,1,57925.0,1,57926.0,1,57927.0,0,57928.0,0,57928.0,0,57928.0
533,7186237_19_ld3,4,57928.0,4,57932.0,4,57936.0,0,57940.0,0,57940.0,0,57940.0,4,57940.0,0,57944.0,4,57944.0,0,57948.0,0,57948.0,0,57948.0,4,57948.0,0,57952.0,4,57952.0,0,57956.0,0,57956.0,0,57956.0,4,57956.0,4,57960.0,4,57964.0,0,57968.0,0,57968.0,0,57968.0,4,57968.0,4,57972.0,4,57976.0,0,57980.0,0,57980.0,0,57980.0
534,7190780_28_ld1,3,57980.0,3,57983.0,3,57986.0,0,57989.0,0,57989.0,0,57989.0,3,57989.0,0,57992.0,3,57992.0,0,57995.0,0,57995.0,0,57995.0,3,57995.0,0,57998.0,3,57998.0,0,58001.0,0,58001.0,0,58001.0,3,58001.0,3,58004.0,3,58007.0,0,58010.0,0,58010.0,0,58010.0,3,58010.0,3,58013.0,3,58016.0,0,58019.0,0,58019.0,0,58019.0
535,8370767_16_hdt,1,58019.0,1,58020.0,1,58021.0,0,58022.0,0,58022.0,0,58022.0,1,58022.0,0,58023.0,1,58023.0,0,58024.0,0,58024.0,0,58024.0,1,58024.0,0,58025.0,1,58025.0,0,58026.0,0,58026.0,0,58026.0,1,58026.0,1,58027.0,1,58028.0,0,58029.0,0,58029.0,0,58029.0,1,58029.0,1,58030.0,1,58031.0,0,58032.0,0,58032.0,0,58032.0
536,7366547_16_hdt,8,58032.0,8,58040.0,8,58048.0,0,58056.0,0,58056.0,0,58056.0,8,58056.0,0,58064.0,8,58064.0,0,58072.0,0,58072.0,0,58072.0,8,58072.0,0,58080.0,8,58080.0,0,58088.0,0,58088.0,0,58088.0,8,58088.0,8,58096.0,8,58104.0,0,58112.0,0,58112.0,0,58112.0,8,58112.0,8,58120.0,8,58128.0,0,58136.0,0,58136.0,0,58136.0
537,7193815_3_hdt,1,58136.0,1,58137.0,1,58138.0,0,58139.0,0,58139.0,0,58139.0,1,58139.0,0,58140.0,1,58140.0,0,58141.0,0,58141.0,0,58141.0,1,58141.0,0,58142.0,1,58142.0,0,58143.0,0,58143.0,0,58143.0,1,58143.0,1,58144.0,1,58145.0,0,58146.0,0,58146.0,0,58146.0,1,58146.0,1,58147.0,1,58148.0,0,58149.0,0,58149.0,0,58149.0
538,7373608_23_ld1,2,58149.0,2,58151.0,2,58153.0,0,58155.0,0,58155.0,0,58155.0,2,58155.0,0,58157.0,2,58157.0,0,58159.0,0,58159.0,0,58159.0,2,58159.0,0,58161.0,2,58161.0,0,58163.0,0,58163.0,0,58163.0,2,58163.0,2,58165.0,2,58167.0,0,58169.0,0,58169.0,0,58169.0,2,58169.0,2,58171.0,2,58173.0,0,58175.0,0,58175.0,0,58175.0
539,7367751_24_ld3,1,58175.0,1,58176.0,1,58177.0,0,58178.0,0,58178.0,0,58178.0,1,58178.0,0,58179.0,1,58179.0,0,58180.0,0,58180.0,0,58180.0,1,58180.0,0,58181.0,1,58181.0,0,58182.0,0,58182.0,0,58182.0,1,58182.0,1,58183.0,1,58184.0,0,58185.0,0,58185.0,0,58185.0,1,58185.0,1,58186.0,1,58187.0,0,58188.0,0,58188.0,0,58188.0
540,6430159_3_hdt,1,58188.0,1,58189.0,1,58190.0,0,58191.0,0,58191.0,0,58191.0,1,58191.0,0,58192.0,1,58192.0,0,58193.0,0,58193.0,0,58193.0,1,58193.0,0,58194.0,1,58194.0,0,58195.0,0,58195.0,0,58195.0,1,58195.0,1,58196.0,1,58197.0,0,58198.0,0,58198.0,0,58198.0,1,58198.0,1,58199.0,1,58200.0,0,58201.0,0,58201.0,0,58201.0
541,7194683_13_ld1,1,58201.0,1,58202.0,1,58203.0,0,58204.0,0,58204.0,0,58204.0,1,58204.0,0,58205.0,1,58205.0,0,58206.0,0,58206.0,0,58206.0,1,58206.0,0,58207.0,1,58207.0,0,58208.0,0,58208.0,0,58208.0,1,58208.0,1,58209.0,1,58210.0,0,58211.0,0,58211.0,0,58211.0,1,58211.0,1,58212.0,1,58213.0,0,58214.0,0,58214.0,0,58214.0
542,4981073_4_hdt,1,58214.0,1,58215.0,1,58216.0,0,58217.0,0,58217.0,0,58217.0,1,58217.0,0,58218.0,1,58218.0,0,58219.0,0,58219.0,0,58219.0,1,58219.0,0,58220.0,1,58220.0,0,58221.0,0,58221.0,0,58221.0,1,58221.0,1,58222.0,1,58223.0,0,58224.0,0,58224.0,0,58224.0,1,58224.0,1,58225.0,1,58226.0,0,58227.0,0,58227.0,0,58227.0
543,7189742_12_hdv,1,58227.0,1,58228.0,1,58229.0,0,58230.0,0,58230.0,0,58230.0,1,58230.0,0,58231.0,1,58231.0,0,58232.0,0,58232.0,0,58232.0,1,58232.0,0,58233.0,1,58233.0,0,58234.0,0,58234.0,0,58234.0,1,58234.0,1,58235.0,1,58236.0,0,58237.0,0,58237.0,0,58237.0,1,58237.0,1,58238.0,1,58239.0,0,58240.0,0,58240.0,0,58240.0
544,6654939_4_ld3,3,58240.0,3,58243.0,3,58246.0,0,58249.0,0,58249.0,0,58249.0,3,58249.0,0,58252.0,3,58252.0,0,58255.0,0,58255.0,0,58255.0,3,58255.0,0,58258.0,3,58258.0,0,58261.0,0,58261.0,0,58261.0,3,58261.0,3,58264.0,3,58267.0,0,58270.0,0,58270.0,0,58270.0,3,58270.0,3,58273.0,3,58276.0,0,58279.0,0,58279.0,0,58279.0
545,8409859_5_ld1,3,58279.0,3,58282.0,3,58285.0,0,58288.0,0,58288.0,0,58288.0,3,58288.0,0,58291.0,3,58291.0,0,58294.0,0,58294.0,0,58294.0,3,58294.0,0,58297.0,3,58297.0,0,58300.0,0,58300.0,0,58300.0,3,58300.0,3,58303.0,3,58306.0,0,58309.0,0,58309.0,0,58309.0,3,58309.0,3,58312.0,3,58315.0,0,58318.0,0,58318.0,0,58318.0
546,961322_2_hdt,2,58318.0,2,58320.0,2,58322.0,0,58324.0,0,58324.0,0,58324.0,2,58324.0,0,58326.0,2,58326.0,0,58328.0,0,58328.0,0,58328.0,2,58328.0,0,58330.0,2,58330.0,0,58332.0,0,58332.0,0,58332.0,2,58332.0,2,58334.0,2,58336.0,0,58338.0,0,58338.0,0,58338.0,2,58338.0,2,58340.0,2,58342.0,0,58344.0,0,58344.0,0,58344.0
547,603748_2_hdt,4,58344.0,4,58348.0,4,58352.0,0,58356.0,0,58356.0,0,58356.0,4,58356.0,0,58360.0,4,58360.0,0,58364.0,0,58364.0,0,58364.0,4,58364.0,0,58368.0,4,58368.0,0,58372.0,0,58372.0,0,58372.0,4,58372.0,4,58376.0,4,58380.0,0,58384.0,0,58384.0,0,58384.0,4,58384.0,4,58388.0,4,58392.0,0,58396.0,0,58396.0,0,58396.0
548,6679072_8_ld1,1,58396.0,1,58397.0,1,58398.0,0,58399.0,0,58399.0,0,58399.0,1,58399.0,0,58400.0,1,58400.0,0,58401.0,0,58401.0,0,58401.0,1,58401.0,0,58402.0,1,58402.0,0,58403.0,0,58403.0,0,58403.0,1,58403.0,1,58404.0,1,58405.0,0,58406.0,0,58406.0,0,58406.0,1,58406.0,1,58407.0,1,58408.0,0,58409.0,0,58409.0,0,58409.0
549,6712309_8_ld1,1,58409.0,1,58410.0,1,58411.0,0,58412.0,0,58412.0,0,58412.0,1,58412.0,0,58413.0,1,58413.0,0,58414.0,0,58414.0,0,58414.0,1,58414.0,0,58415.0,1,58415.0,0,58416.0,0,58416.0,0,58416.0,1,58416.0,1,58417.0,1,58418.0,0,58419.0,0,58419.0,0,58419.0,1,58419.0,1,58420.0,1,58421.0,0,58422.0,0,58422.0,0,58422.0
550,6700974_8_ld1,1,58422.0,1,58423.0,1,58424.0,0,58425.0,0,58425.0,0,58425.0,1,58425.0,0,58426.0,1,58426.0,0,58427.0,0,58427.0,0,58427.0,1,58427.0,0,58428.0,1,58428.0,0,58429.0,0,58429.0,0,58429.0,1,58429.0,1,58430.0,1,58431.0,0,58432.0,0,58432.0,0,58432.0,1,58432.0,1,58433.0,1,58434.0,0,58435.0,0,58435.0,0,58435.0
551,6674937_3_ld1,1,58435.0,1,58436.0,1,58437.0,0,58438.0,0,58438.0,0,58438.0,1,58438.0,0,58439.0,1,58439.0,0,58440.0,0,58440.0,0,58440.0,1,58440.0,0,58441.0,1,58441.0,0,58442.0,0,58442.0,0,58442.0,1,58442.0,1,58443.0,1,58444.0,0,58445.0,0,58445.0,0,58445.0,1,58445.0,1,58446.0,1,58447.0,0,58448.0,0,58448.0,0,58448.0
552,6713706_4_ld3,1,58448.0,1,58449.0,1,58450.0,0,58451.0,0,58451.0,0,58451.0,1,58451.0,0,58452.0,1,58452.0,0,58453.0,0,58453.0,0,58453.0,1,58453.0,0,58454.0,1,58454.0,0,58455.0,0,58455.0,0,58455.0,1,58455.0,1,58456.0,1,58457.0,0,58458.0,0,58458.0,0,58458.0,1,58458.0,1,58459.0,1,58460.0,0,58461.0,0,58461.0,0,58461.0
553,6711731_13_ld1,1,58461.0,1,58462.0,1,58463.0,0,58464.0,0,58464.0,0,58464.0,1,58464.0,0,58465.0,1,58465.0,0,58466.0,0,58466.0,0,58466.0,1,58466.0,0,58467.0,1,58467.0,0,58468.0,0,58468.0,0,58468.0,1,58468.0,1,58469.0,1,58470.0,0,58471.0,0,58471.0,0,58471.0,1,58471.0,1,58472.0,1,58473.0,0,58474.0,0,58474.0,0,58474.0
554,725056_3_hdt,7,58474.0,7,58481.0,7,58488.0,0,58495.0,0,58495.0,0,58495.0,7,58495.0,0,58502.0,7,58502.0,0,58509.0,0,58509.0,0,58509.0,7,58509.0,0,58516.0,7,58516.0,0,58523.0,0,58523.0,0,58523.0,7,58523.0,7,58530.0,7,58537.0,0,58544.0,0,58544.0,0,58544.0,7,58544.0,7,58551.0,7,58558.0,0,58565.0,0,58565.0,0,58565.0
555,6713040_2_hdv,1,58565.0,1,58566.0,1,58567.0,0,58568.0,0,58568.0,0,58568.0,1,58568.0,0,58569.0,1,58569.0,0,58570.0,0,58570.0,0,58570.0,1,58570.0,0,58571.0,1,58571.0,0,58572.0,0,58572.0,0,58572.0,1,58572.0,1,58573.0,1,58574.0,0,58575.0,0,58575.0,0,58575.0,1,58575.0,1,58576.0,1,58577.0,0,58578.0,0,58578.0,0,58578.0
556,6695318_4_ld3,3,58578.0,3,58581.0,3,58584.0,0,58587.0,0,58587.0,0,58587.0,3,58587.0,0,58590.0,3,58590.0,0,58593.0,0,58593.0,0,58593.0,3,58593.0,0,58596.0,3,58596.0,0,58599.0,0,58599.0,0,58599.0,3,58599.0,3,58602.0,3,58605.0,0,58608.0,0,58608.0,0,58608.0,3,58608.0,3,58611.0,3,58614.0,0,58617.0,0,58617.0,0,58617.0
557,8304984_9_ld1,2,58617.0,2,58619.0,2,58621.0,0,58623.0,0,58623.0,0,58623.0,2,58623.0,0,58625.0,2,58625.0,0,58627.0,0,58627.0,0,58627.0,2,58627.0,0,58629.0,2,58629.0,0,58631.0,0,58631.0,0,58631.0,2,58631.0,2,58633.0,2,58635.0,0,58637.0,0,58637.0,0,58637.0,2,58637.0,2,58639.0,2,58641.0,0,58643.0,0,58643.0,0,58643.0
558,346254_1_hdt,3,58643.0,3,58646.0,3,58649.0,0,58652.0,0,58652.0,0,58652.0,3,58652.0,0,58655.0,3,58655.0,0,58658.0,0,58658.0,0,58658.0,3,58658.0,0,58661.0,3,58661.0,0,58664.0,0,58664.0,0,58664.0,3,58664.0,3,58667.0,3,58670.0,0,58673.0,0,58673.0,0,58673.0,3,58673.0,3,58676.0,3,58679.0,0,58682.0,0,58682.0,0,58682.0
559,6657331_8_ld1,1,58682.0,1,58683.0,1,58684.0,0,58685.0,0,58685.0,0,58685.0,1,58685.0,0,58686.0,1,58686.0,0,58687.0,0,58687.0,0,58687.0,1,58687.0,0,58688.0,1,58688.0,0,58689.0,0,58689.0,0,58689.0,1,58689.0,1,58690.0,1,58691.0,0,58692.0,0,58692.0,0,58692.0,1,58692.0,1,58693.0,1,58694.0,0,58695.0,0,58695.0,0,58695.0
560,7365547_4_ld3,3,58695.0,3,58698.0,3,58701.0,0,58704.0,0,58704.0,0,58704.0,3,58704.0,0,58707.0,3,58707.0,0,58710.0,0,58710.0,0,58710.0,3,58710.0,0,58713.0,3,58713.0,0,58716.0,0,58716.0,0,58716.0,3,58716.0,3,58719.0,3,58722.0,0,58725.0,0,58725.0,0,58725.0,3,58725.0,3,58728.0,3,58731.0,0,58734.0,0,58734.0,0,58734.0
561,8395045_8_ld1,3,58734.0,3,58737.0,3,58740.0,0,58743.0,0,58743.0,0,58743.0,3,58743.0,0,58746.0,3,58746.0,0,58749.0,0,58749.0,0,58749.0,3,58749.0,0,58752.0,3,58752.0,0,58755.0,0,58755.0,0,58755.0,3,58755.0,3,58758.0,3,58761.0,0,58764.0,0,58764.0,0,58764.0,3,58764.0,3,58767.0,3,58770.0,0,58773.0,0,58773.0,0,58773.0
562,7326636_9_hdt,2,58773.0,2,58775.0,2,58777.0,0,58779.0,0,58779.0,0,58779.0,2,58779.0,0,58781.0,2,58781.0,0,58783.0,0,58783.0,0,58783.0,2,58783.0,0,58785.0,2,58785.0,0,58787.0,0,58787.0,0,58787.0,2,58787.0,2,58789.0,2,58791.0,0,58793.0,0,58793.0,0,58793.0,2,58793.0,2,58795.0,2,58797.0,0,58799.0,0,58799.0,0,58799.0
563,7367751_23_ld1,1,58799.0,1,58800.0,1,58801.0,0,58802.0,0,58802.0,0,58802.0,1,58802.0,0,58803.0,1,58803.0,0,58804.0,0,58804.0,0,58804.0,1,58804.0,0,58805.0,1,58805.0,0,58806.0,0,58806.0,0,58806.0,1,58806.0,1,58807.0,1,58808.0,0,58809.0,0,58809.0,0,58809.0,1,58809.0,1,58810.0,1,58811.0,0,58812.0,0,58812.0,0,58812.0
564,7367756_14_ld3,1,58812.0,1,58813.0,1,58814.0,0,58815.0,0,58815.0,0,58815.0,1,58815.0,0,58816.0,1,58816.0,0,58817.0,0,58817.0,0,58817.0,1,58817.0,0,58818.0,1,58818.0,0,58819.0,0,58819.0,0,58819.0,1,58819.0,1,58820.0,1,58821.0,0,58822.0,0,58822.0,0,58822.0,1,58822.0,1,58823.0,1,58824.0,0,58825.0,0,58825.0,0,58825.0
565,7358854_9_ld3,1,58825.0,1,58826.0,1,58827.0,0,58828.0,0,58828.0,0,58828.0,1,58828.0,0,58829.0,1,58829.0,0,58830.0,0,58830.0,0,58830.0,1,58830.0,0,58831.0,1,58831.0,0,58832.0,0,58832.0,0,58832.0,1,58832.0,1,58833.0,1,58834.0,0,58835.0,0,58835.0,0,58835.0,1,58835.0,1,58836.0,1,58837.0,0,58838.0,0,58838.0,0,58838.0
566,6738135_1_hdt,13,58838.0,13,58851.0,13,58864.0,0,58877.0,0,58877.0,0,58877.0,13,58877.0,0,58890.0,13,58890.0,0,58903.0,0,58903.0,0,58903.0,13,58903.0,0,58916.0,13,58916.0,0,58929.0,0,58929.0,0,58929.0,13,58929.0,13,58942.0,13,58955.0,0,58968.0,0,58968.0,0,58968.0,13,58968.0,13,58981.0,13,58994.0,0,59007.0,0,59007.0,0,59007.0
567,6726362_5_mdv,4,59007.0,4,59011.0,4,59015.0,0,59019.0,0,59019.0,0,59019.0,4,59019.0,0,59023.0,4,59023.0,0,59027.0,0,59027.0,0,59027.0,4,59027.0,0,59031.0,4,59031.0,0,59035.0,0,59035.0,0,59035.0,4,59035.0,4,59039.0,4,59043.0,0,59047.0,0,59047.0,0,59047.0,4,59047.0,4,59051.0,4,59055.0,0,59059.0,0,59059.0,0,59059.0
568,6703529_1_hdt,15,59059.0,15,59074.0,15,59089.0,0,59104.0,0,59104.0,0,59104.0,15,59104.0,0,59119.0,15,59119.0,0,59134.0,0,59134.0,0,59134.0,15,59134.0,0,59149.0,15,59149.0,0,59164.0,0,59164.0,0,59164.0,15,59164.0,15,59179.0,15,59194.0,0,59209.0,0,59209.0,0,59209.0,15,59209.0,15,59224.0,15,59239.0,0,59254.0,0,59254.0,0,59254.0
569,6742442_10_mdv,4,59254.0,4,59258.0,4,59262.0,0,59266.0,0,59266.0,0,59266.0,4,59266.0,0,59270.0,4,59270.0,0,59274.0,0,59274.0,0,59274.0,4,59274.0,0,59278.0,4,59278.0,0,59282.0,0,59282.0,0,59282.0,4,59282.0,4,59286.0,4,59290.0,0,59294.0,0,59294.0,0,59294.0,4,59294.0,4,59298.0,4,59302.0,0,59306.0,0,59306.0,0,59306.0
570,6854341_31_hdt,40,59306.0,40,59346.0,40,59386.0,0,59426.0,0,59426.0,0,59426.0,40,59426.0,0,59466.0,40,59466.0,0,59506.0,0,59506.0,0,59506.0,40,59506.0,0,59546.0,40,59546.0,0,59586.0,0,59586.0,0,59586.0,40,59586.0,40,59626.0,40,59666.0,0,59706.0,0,59706.0,0,59706.0,40,59706.0,40,59746.0,40,59786.0,0,59826.0,0,59826.0,0,59826.0
571,8324482_15_mdv,11,59826.0,11,59837.0,11,59848.0,0,59859.0,0,59859.0,0,59859.0,11,59859.0,0,59870.0,11,59870.0,0,59881.0,0,59881.0,0,59881.0,11,59881.0,0,59892.0,11,59892.0,0,59903.0,0,59903.0,0,59903.0,11,59903.0,11,59914.0,11,59925.0,0,59936.0,0,59936.0,0,59936.0,11,59936.0,11,59947.0,11,59958.0,0,59969.0,0,59969.0,0,59969.0
572,3654449_5_hdt,3,59969.0,3,59972.0,3,59975.0,0,59978.0,0,59978.0,0,59978.0,3,59978.0,0,59981.0,3,59981.0,0,59984.0,0,59984.0,0,59984.0,3,59984.0,0,59987.0,3,59987.0,0,59990.0,0,59990.0,0,59990.0,3,59990.0,3,59993.0,3,59996.0,0,59999.0,0,59999.0,0,59999.0,3,59999.0,3,60002.0,3,60005.0,0,60008.0,0,60008.0,0,60008.0
573,7007742_15_mdv,2,60008.0,2,60010.0,2,60012.0,0,60014.0,0,60014.0,0,60014.0,2,60014.0,0,60016.0,2,60016.0,0,60018.0,0,60018.0,0,60018.0,2,60018.0,0,60020.0,2,60020.0,0,60022.0,0,60022.0,0,60022.0,2,60022.0,2,60024.0,2,60026.0,0,60028.0,0,60028.0,0,60028.0,2,60028.0,2,60030.0,2,60032.0,0,60034.0,0,60034.0,0,60034.0
574,7007773_1_hdt,7,60034.0,7,60041.0,7,60048.0,0,60055.0,0,60055.0,0,60055.0,7,60055.0,0,60062.0,7,60062.0,0,60069.0,0,60069.0,0,60069.0,7,60069.0,0,60076.0,7,60076.0,0,60083.0,0,60083.0,0,60083.0,7,60083.0,7,60090.0,7,60097.0,0,60104.0,0,60104.0,0,60104.0,7,60104.0,7,60111.0,7,60118.0,0,60125.0,0,60125.0,0,60125.0
575,6547138_1_hdt,10,60125.0,10,60135.0,10,60145.0,0,60155.0,0,60155.0,0,60155.0,10,60155.0,0,60165.0,10,60165.0,0,60175.0,0,60175.0,0,60175.0,10,60175.0,0,60185.0,10,60185.0,0,60195.0,0,60195.0,0,60195.0,10,60195.0,10,60205.0,10,60215.0,0,60225.0,0,60225.0,0,60225.0,10,60225.0,10,60235.0,10,60245.0,0,60255.0,0,60255.0,0,60255.0
576,7380036_10_mdv,4,60255.0,4,60259.0,4,60263.0,0,60267.0,0,60267.0,0,60267.0,4,60267.0,0,60271.0,4,60271.0,0,60275.0,0,60275.0,0,60275.0,4,60275.0,0,60279.0,4,60279.0,0,60283.0,0,60283.0,0,60283.0,4,60283.0,4,60287.0,4,60291.0,0,60295.0,0,60295.0,0,60295.0,4,60295.0,4,60299.0,4,60303.0,0,60307.0,0,60307.0,0,60307.0
577,6680233_15_hdt,19,60307.0,19,60326.0,19,60345.0,0,60364.0,0,60364.0,0,60364.0,19,60364.0,0,60383.0,19,60383.0,0,60402.0,0,60402.0,0,60402.0,19,60402.0,0,60421.0,19,60421.0,0,60440.0,0,60440.0,0,60440.0,19,60440.0,19,60459.0,19,60478.0,0,60497.0,0,60497.0,0,60497.0,19,60497.0,19,60516.0,19,60535.0,0,60554.0,0,60554.0,0,60554.0
578,6698936_34_mdv,3,60554.0,3,60557.0,3,60560.0,0,60563.0,0,60563.0,0,60563.0,3,60563.0,0,60566.0,3,60566.0,0,60569.0,0,60569.0,0,60569.0,3,60569.0,0,60572.0,3,60572.0,0,60575.0,0,60575.0,0,60575.0,3,60575.0,3,60578.0,3,60581.0,0,60584.0,0,60584.0,0,60584.0,3,60584.0,3,60587.0,3,60590.0,0,60593.0,0,60593.0,0,60593.0
579,7373894_37_hdv,2,60593.0,2,60595.0,2,60597.0,0,60599.0,0,60599.0,0,60599.0,2,60599.0,0,60601.0,2,60601.0,0,60603.0,0,60603.0,0,60603.0,2,60603.0,0,60605.0,2,60605.0,0,60607.0,0,60607.0,0,60607.0,2,60607.0,2,60609.0,2,60611.0,0,60613.0,0,60613.0,0,60613.0,2,60613.0,2,60615.0,2,60617.0,0,60619.0,0,60619.0,0,60619.0
580,7373762_6_hdt,7,60619.0,7,60626.0,7,60633.0,0,60640.0,0,60640.0,0,60640.0,7,60640.0,0,60647.0,7,60647.0,0,60654.0,0,60654.0,0,60654.0,7,60654.0,0,60661.0,7,60661.0,0,60668.0,0,60668.0,0,60668.0,7,60668.0,7,60675.0,7,60682.0,0,60689.0,0,60689.0,0,60689.0,7,60689.0,7,60696.0,7,60703.0,0,60710.0,0,60710.0,0,60710.0
581,7374212_12_hdv,3,60710.0,3,60713.0,3,60716.0,0,60719.0,0,60719.0,0,60719.0,3,60719.0,0,60722.0,3,60722.0,0,60725.0,0,60725.0,0,60725.0,3,60725.0,0,60728.0,3,60728.0,0,60731.0,0,60731.0,0,60731.0,3,60731.0,3,60734.0,3,60737.0,0,60740.0,0,60740.0,0,60740.0,3,60740.0,3,60743.0,3,60746.0,0,60749.0,0,60749.0,0,60749.0
582,7374212_7_hdv,3,60749.0,3,60752.0,3,60755.0,0,60758.0,0,60758.0,0,60758.0,3,60758.0,0,60761.0,3,60761.0,0,60764.0,0,60764.0,0,60764.0,3,60764.0,0,60767.0,3,60767.0,0,60770.0,0,60770.0,0,60770.0,3,60770.0,3,60773.0,3,60776.0,0,60779.0,0,60779.0,0,60779.0,3,60779.0,3,60782.0,3,60785.0,0,60788.0,0,60788.0,0,60788.0
583,7374212_17_hdv,3,60788.0,3,60791.0,3,60794.0,0,60797.0,0,60797.0,0,60797.0,3,60797.0,0,60800.0,3,60800.0,0,60803.0,0,60803.0,0,60803.0,3,60803.0,0,60806.0,3,60806.0,0,60809.0,0,60809.0,0,60809.0,3,60809.0,3,60812.0,3,60815.0,0,60818.0,0,60818.0,0,60818.0,3,60818.0,3,60821.0,3,60824.0,0,60827.0,0,60827.0,0,60827.0
584,7374212_2_hdv,2,60827.0,2,60829.0,2,60831.0,0,60833.0,0,60833.0,0,60833.0,2,60833.0,0,60835.0,2,60835.0,0,60837.0,0,60837.0,0,60837.0,2,60837.0,0,60839.0,2,60839.0,0,60841.0,0,60841.0,0,60841.0,2,60841.0,2,60843.0,2,60845.0,0,60847.0,0,60847.0,0,60847.0,2,60847.0,2,60849.0,2,60851.0,0,60853.0,0,60853.0,0,60853.0
585,7373894_22_hdv,2,60853.0,2,60855.0,2,60857.0,0,60859.0,0,60859.0,0,60859.0,2,60859.0,0,60861.0,2,60861.0,0,60863.0,0,60863.0,0,60863.0,2,60863.0,0,60865.0,2,60865.0,0,60867.0,0,60867.0,0,60867.0,2,60867.0,2,60869.0,2,60871.0,0,60873.0,0,60873.0,0,60873.0,2,60873.0,2,60875.0,2,60877.0,0,60879.0,0,60879.0,0,60879.0
586,7374093_2_hdv,2,60879.0,2,60881.0,2,60883.0,0,60885.0,0,60885.0,0,60885.0,2,60885.0,0,60887.0,2,60887.0,0,60889.0,0,60889.0,0,60889.0,2,60889.0,0,60891.0,2,60891.0,0,60893.0,0,60893.0,0,60893.0,2,60893.0,2,60895.0,2,60897.0,0,60899.0,0,60899.0,0,60899.0,2,60899.0,2,60901.0,2,60903.0,0,60905.0,0,60905.0,0,60905.0
587,7374212_32_hdv,4,60905.0,4,60909.0,4,60913.0,0,60917.0,0,60917.0,0,60917.0,4,60917.0,0,60921.0,4,60921.0,0,60925.0,0,60925.0,0,60925.0,4,60925.0,0,60929.0,4,60929.0,0,60933.0,0,60933.0,0,60933.0,4,60933.0,4,60937.0,4,60941.0,0,60945.0,0,60945.0,0,60945.0,4,60945.0,4,60949.0,4,60953.0,0,60957.0,0,60957.0,0,60957.0
588,7373894_27_hdv,2,60957.0,2,60959.0,2,60961.0,0,60963.0,0,60963.0,0,60963.0,2,60963.0,0,60965.0,2,60965.0,0,60967.0,0,60967.0,0,60967.0,2,60967.0,0,60969.0,2,60969.0,0,60971.0,0,60971.0,0,60971.0,2,60971.0,2,60973.0,2,60975.0,0,60977.0,0,60977.0,0,60977.0,2,60977.0,2,60979.0,2,60981.0,0,60983.0,0,60983.0,0,60983.0
589,7369829_2_hdv,2,60983.0,2,60985.0,2,60987.0,0,60989.0,0,60989.0,0,60989.0,2,60989.0,0,60991.0,2,60991.0,0,60993.0,0,60993.0,0,60993.0,2,60993.0,0,60995.0,2,60995.0,0,60997.0,0,60997.0,0,60997.0,2,60997.0,2,60999.0,2,61001.0,0,61003.0,0,61003.0,0,61003.0,2,61003.0,2,61005.0,2,61007.0,0,61009.0,0,61009.0,0,61009.0
590,7374212_22_hdv,3,61009.0,3,61012.0,3,61015.0,0,61018.0,0,61018.0,0,61018.0,3,61018.0,0,61021.0,3,61021.0,0,61024.0,0,61024.0,0,61024.0,3,61024.0,0,61027.0,3,61027.0,0,61030.0,0,61030.0,0,61030.0,3,61030.0,3,61033.0,3,61036.0,0,61039.0,0,61039.0,0,61039.0,3,61039.0,3,61042.0,3,61045.0,0,61048.0,0,61048.0,0,61048.0
591,7374249_7_hdv,2,61048.0,2,61050.0,2,61052.0,0,61054.0,0,61054.0,0,61054.0,2,61054.0,0,61056.0,2,61056.0,0,61058.0,0,61058.0,0,61058.0,2,61058.0,0,61060.0,2,61060.0,0,61062.0,0,61062.0,0,61062.0,2,61062.0,2,61064.0,2,61066.0,0,61068.0,0,61068.0,0,61068.0,2,61068.0,2,61070.0,2,61072.0,0,61074.0,0,61074.0,0,61074.0
592,7374250_2_hdv,2,61074.0,2,61076.0,2,61078.0,0,61080.0,0,61080.0,0,61080.0,2,61080.0,0,61082.0,2,61082.0,0,61084.0,0,61084.0,0,61084.0,2,61084.0,0,61086.0,2,61086.0,0,61088.0,0,61088.0,0,61088.0,2,61088.0,2,61090.0,2,61092.0,0,61094.0,0,61094.0,0,61094.0,2,61094.0,2,61096.0,2,61098.0,0,61100.0,0,61100.0,0,61100.0
593,7373894_2_hdv,3,61100.0,3,61103.0,3,61106.0,0,61109.0,0,61109.0,0,61109.0,3,61109.0,0,61112.0,3,61112.0,0,61115.0,0,61115.0,0,61115.0,3,61115.0,0,61118.0,3,61118.0,0,61121.0,0,61121.0,0,61121.0,3,61121.0,3,61124.0,3,61127.0,0,61130.0,0,61130.0,0,61130.0,3,61130.0,3,61133.0,3,61136.0,0,61139.0,0,61139.0,0,61139.0
594,7374212_37_hdv,3,61139.0,3,61142.0,3,61145.0,0,61148.0,0,61148.0,0,61148.0,3,61148.0,0,61151.0,3,61151.0,0,61154.0,0,61154.0,0,61154.0,3,61154.0,0,61157.0,3,61157.0,0,61160.0,0,61160.0,0,61160.0,3,61160.0,3,61163.0,3,61166.0,0,61169.0,0,61169.0,0,61169.0,3,61169.0,3,61172.0,3,61175.0,0,61178.0,0,61178.0,0,61178.0
595,6404098_1_hdt,1,61178.0,1,61179.0,1,61180.0,0,61181.0,0,61181.0,0,61181.0,1,61181.0,0,61182.0,1,61182.0,0,61183.0,0,61183.0,0,61183.0,1,61183.0,0,61184.0,1,61184.0,0,61185.0,0,61185.0,0,61185.0,1,61185.0,1,61186.0,1,61187.0,0,61188.0,0,61188.0,0,61188.0,1,61188.0,1,61189.0,1,61190.0,0,61191.0,0,61191.0,0,61191.0
596,3600987_2_hdt,1,61191.0,1,61192.0,1,61193.0,0,61194.0,0,61194.0,0,61194.0,1,61194.0,0,61195.0,1,61195.0,0,61196.0,0,61196.0,0,61196.0,1,61196.0,0,61197.0,1,61197.0,0,61198.0,0,61198.0,0,61198.0,1,61198.0,1,61199.0,1,61200.0,0,61201.0,0,61201.0,0,61201.0,1,61201.0,1,61202.0,1,61203.0,0,61204.0,0,61204.0,0,61204.0
597,6085234_3_hdt,1,61204.0,1,61205.0,1,61206.0,0,61207.0,0,61207.0,0,61207.0,1,61207.0,0,61208.0,1,61208.0,0,61209.0,0,61209.0,0,61209.0,1,61209.0,0,61210.0,1,61210.0,0,61211.0,0,61211.0,0,61211.0,1,61211.0,1,61212.0,1,61213.0,0,61214.0,0,61214.0,0,61214.0,1,61214.0,1,61215.0,1,61216.0,0,61217.0,0,61217.0,0,61217.0
598,6302069_3_hdt,1,61217.0,1,61218.0,1,61219.0,0,61220.0,0,61220.0,0,61220.0,1,61220.0,0,61221.0,1,61221.0,0,61222.0,0,61222.0,0,61222.0,1,61222.0,0,61223.0,1,61223.0,0,61224.0,0,61224.0,0,61224.0,1,61224.0,1,61225.0,1,61226.0,0,61227.0,0,61227.0,0,61227.0,1,61227.0,1,61228.0,1,61229.0,0,61230.0,0,61230.0,0,61230.0
599,5004492_5_hdt,1,61230.0,1,61231.0,1,61232.0,0,61233.0,0,61233.0,0,61233.0,1,61233.0,0,61234.0,1,61234.0,0,61235.0,0,61235.0,0,61235.0,1,61235.0,0,61236.0,1,61236.0,0,61237.0,0,61237.0,0,61237.0,1,61237.0,1,61238.0,1,61239.0,0,61240.0,0,61240.0,0,61240.0,1,61240.0,1,61241.0,1,61242.0,0,61243.0,0,61243.0,0,61243.0
600,7373762_7_hdv,3,61243.0,3,61246.0,3,61249.0,0,61252.0,0,61252.0,0,61252.0,3,61252.0,0,61255.0,3,61255.0,0,61258.0,0,61258.0,0,61258.0,3,61258.0,0,61261.0,3,61261.0,0,61264.0,0,61264.0,0,61264.0,3,61264.0,3,61267.0,3,61270.0,0,61273.0,0,61273.0,0,61273.0,3,61273.0,3,61276.0,3,61279.0,0,61282.0,0,61282.0,0,61282.0
601,7359564_12_hdv,1,61282.0,1,61283.0,1,61284.0,0,61285.0,0,61285.0,0,61285.0,1,61285.0,0,61286.0,1,61286.0,0,61287.0,0,61287.0,0,61287.0,1,61287.0,0,61288.0,1,61288.0,0,61289.0,0,61289.0,0,61289.0,1,61289.0,1,61290.0,1,61291.0,0,61292.0,0,61292.0,0,61292.0,1,61292.0,1,61293.0,1,61294.0,0,61295.0,0,61295.0,0,61295.0
602,7358523_6_hdt,1,61295.0,1,61296.0,1,61297.0,0,61298.0,0,61298.0,0,61298.0,1,61298.0,0,61299.0,1,61299.0,0,61300.0,0,61300.0,0,61300.0,1,61300.0,0,61301.0,1,61301.0,0,61302.0,0,61302.0,0,61302.0,1,61302.0,1,61303.0,1,61304.0,0,61305.0,0,61305.0,0,61305.0,1,61305.0,1,61306.0,1,61307.0,0,61308.0,0,61308.0,0,61308.0
603,6444410_6_hdt,1,61308.0,1,61309.0,1,61310.0,0,61311.0,0,61311.0,0,61311.0,1,61311.0,0,61312.0,1,61312.0,0,61313.0,0,61313.0,0,61313.0,1,61313.0,0,61314.0,1,61314.0,0,61315.0,0,61315.0,0,61315.0,1,61315.0,1,61316.0,1,61317.0,0,61318.0,0,61318.0,0,61318.0,1,61318.0,1,61319.0,1,61320.0,0,61321.0,0,61321.0,0,61321.0
604,6318469_1_hdt,3,61321.0,3,61324.0,3,61327.0,0,61330.0,0,61330.0,0,61330.0,3,61330.0,0,61333.0,3,61333.0,0,61336.0,0,61336.0,0,61336.0,3,61336.0,0,61339.0,3,61339.0,0,61342.0,0,61342.0,0,61342.0,3,61342.0,3,61345.0,3,61348.0,0,61351.0,0,61351.0,0,61351.0,3,61351.0,3,61354.0,3,61357.0,0,61360.0,0,61360.0,0,61360.0
605,7361951_9_ld3,1,61360.0,1,61361.0,1,61362.0,0,61363.0,0,61363.0,0,61363.0,1,61363.0,0,61364.0,1,61364.0,0,61365.0,0,61365.0,0,61365.0,1,61365.0,0,61366.0,1,61366.0,0,61367.0,0,61367.0,0,61367.0,1,61367.0,1,61368.0,1,61369.0,0,61370.0,0,61370.0,0,61370.0,1,61370.0,1,61371.0,1,61372.0,0,61373.0,0,61373.0,0,61373.0
606,7372638_17_hdv,1,61373.0,1,61374.0,1,61375.0,0,61376.0,0,61376.0,0,61376.0,1,61376.0,0,61377.0,1,61377.0,0,61378.0,0,61378.0,0,61378.0,1,61378.0,0,61379.0,1,61379.0,0,61380.0,0,61380.0,0,61380.0,1,61380.0,1,61381.0,1,61382.0,0,61383.0,0,61383.0,0,61383.0,1,61383.0,1,61384.0,1,61385.0,0,61386.0,0,61386.0,0,61386.0
607,8370767_12_hdv,4,61386.0,4,61390.0,4,61394.0,0,61398.0,0,61398.0,0,61398.0,4,61398.0,0,61402.0,4,61402.0,0,61406.0,0,61406.0,0,61406.0,4,61406.0,0,61410.0,4,61410.0,0,61414.0,0,61414.0,0,61414.0,4,61414.0,4,61418.0,4,61422.0,0,61426.0,0,61426.0,0,61426.0,4,61426.0,4,61430.0,4,61434.0,0,61438.0,0,61438.0,0,61438.0
608,7373894_36_hdt,4,61438.0,4,61442.0,4,61446.0,0,61450.0,0,61450.0,0,61450.0,4,61450.0,0,61454.0,4,61454.0,0,61458.0,0,61458.0,0,61458.0,4,61458.0,0,61462.0,4,61462.0,0,61466.0,0,61466.0,0,61466.0,4,61466.0,4,61470.0,4,61474.0,0,61478.0,0,61478.0,0,61478.0,4,61478.0,4,61482.0,4,61486.0,0,61490.0,0,61490.0,0,61490.0
609,7369982_2_hdv,1,61490.0,1,61491.0,1,61492.0,0,61493.0,0,61493.0,0,61493.0,1,61493.0,0,61494.0,1,61494.0,0,61495.0,0,61495.0,0,61495.0,1,61495.0,0,61496.0,1,61496.0,0,61497.0,0,61497.0,0,61497.0,1,61497.0,1,61498.0,1,61499.0,0,61500.0,0,61500.0,0,61500.0,1,61500.0,1,61501.0,1,61502.0,0,61503.0,0,61503.0,0,61503.0
610,7369840_11_hdt,3,61503.0,3,61506.0,3,61509.0,0,61512.0,0,61512.0,0,61512.0,3,61512.0,0,61515.0,3,61515.0,0,61518.0,0,61518.0,0,61518.0,3,61518.0,0,61521.0,3,61521.0,0,61524.0,0,61524.0,0,61524.0,3,61524.0,3,61527.0,3,61530.0,0,61533.0,0,61533.0,0,61533.0,3,61533.0,3,61536.0,3,61539.0,0,61542.0,0,61542.0,0,61542.0
611,7371557_1_hdt,11,61542.0,11,61553.0,11,61564.0,0,61575.0,0,61575.0,0,61575.0,11,61575.0,0,61586.0,11,61586.0,0,61597.0,0,61597.0,0,61597.0,11,61597.0,0,61608.0,11,61608.0,0,61619.0,0,61619.0,0,61619.0,11,61619.0,11,61630.0,11,61641.0,0,61652.0,0,61652.0,0,61652.0,11,61652.0,11,61663.0,11,61674.0,0,61685.0,0,61685.0,0,61685.0
612,8395620_5_hdv,10,61685.0,10,61695.0,10,61705.0,0,61715.0,0,61715.0,0,61715.0,10,61715.0,0,61725.0,10,61725.0,0,61735.0,0,61735.0,0,61735.0,10,61735.0,0,61745.0,10,61745.0,0,61755.0,0,61755.0,0,61755.0,10,61755.0,10,61765.0,10,61775.0,0,61785.0,0,61785.0,0,61785.0,10,61785.0,10,61795.0,10,61805.0,0,61815.0,0,61815.0,0,61815.0
613,8394327_5_hdv,6,61815.0,6,61821.0,6,61827.0,0,61833.0,0,61833.0,0,61833.0,6,61833.0,0,61839.0,6,61839.0,0,61845.0,0,61845.0,0,61845.0,6,61845.0,0,61851.0,6,61851.0,0,61857.0,0,61857.0,0,61857.0,6,61857.0,6,61863.0,6,61869.0,0,61875.0,0,61875.0,0,61875.0,6,61875.0,6,61881.0,6,61887.0,0,61893.0,0,61893.0,0,61893.0
614,7371556_16_hdt,10,61893.0,10,61903.0,10,61913.0,0,61923.0,0,61923.0,0,61923.0,10,61923.0,0,61933.0,10,61933.0,0,61943.0,0,61943.0,0,61943.0,10,61943.0,0,61953.0,10,61953.0,0,61963.0,0,61963.0,0,61963.0,10,61963.0,10,61973.0,10,61983.0,0,61993.0,0,61993.0,0,61993.0,10,61993.0,10,62003.0,10,62013.0,0,62023.0,0,62023.0,0,62023.0
615,8395473_4_hdt,26,62023.0,26,62049.0,26,62075.0,0,62101.0,0,62101.0,0,62101.0,26,62101.0,0,62127.0,26,62127.0,0,62153.0,0,62153.0,0,62153.0,26,62153.0,0,62179.0,26,62179.0,0,62205.0,0,62205.0,0,62205.0,26,62205.0,26,62231.0,26,62257.0,0,62283.0,0,62283.0,0,62283.0,26,62283.0,26,62309.0,26,62335.0,0,62361.0,0,62361.0,0,62361.0
616,7373762_2_hdv,2,62361.0,2,62363.0,2,62365.0,0,62367.0,0,62367.0,0,62367.0,2,62367.0,0,62369.0,2,62369.0,0,62371.0,0,62371.0,0,62371.0,2,62371.0,0,62373.0,2,62373.0,0,62375.0,0,62375.0,0,62375.0,2,62375.0,2,62377.0,2,62379.0,0,62381.0,0,62381.0,0,62381.0,2,62381.0,2,62383.0,2,62385.0,0,62387.0,0,62387.0,0,62387.0
617,7374274_17_hdv,2,62387.0,2,62389.0,2,62391.0,0,62393.0,0,62393.0,0,62393.0,2,62393.0,0,62395.0,2,62395.0,0,62397.0,0,62397.0,0,62397.0,2,62397.0,0,62399.0,2,62399.0,0,62401.0,0,62401.0,0,62401.0,2,62401.0,2,62403.0,2,62405.0,0,62407.0,0,62407.0,0,62407.0,2,62407.0,2,62409.0,2,62411.0,0,62413.0,0,62413.0,0,62413.0
618,7374249_2_hdv,2,62413.0,2,62415.0,2,62417.0,0,62419.0,0,62419.0,0,62419.0,2,62419.0,0,62421.0,2,62421.0,0,62423.0,0,62423.0,0,62423.0,2,62423.0,0,62425.0,2,62425.0,0,62427.0,0,62427.0,0,62427.0,2,62427.0,2,62429.0,2,62431.0,0,62433.0,0,62433.0,0,62433.0,2,62433.0,2,62435.0,2,62437.0,0,62439.0,0,62439.0,0,62439.0
619,7374158_27_hdv,2,62439.0,2,62441.0,2,62443.0,0,62445.0,0,62445.0,0,62445.0,2,62445.0,0,62447.0,2,62447.0,0,62449.0,0,62449.0,0,62449.0,2,62449.0,0,62451.0,2,62451.0,0,62453.0,0,62453.0,0,62453.0,2,62453.0,2,62455.0,2,62457.0,0,62459.0,0,62459.0,0,62459.0,2,62459.0,2,62461.0,2,62463.0,0,62465.0,0,62465.0,0,62465.0
620,7374249_32_hdv,1,62465.0,1,62466.0,1,62467.0,0,62468.0,0,62468.0,0,62468.0,1,62468.0,0,62469.0,1,62469.0,0,62470.0,0,62470.0,0,62470.0,1,62470.0,0,62471.0,1,62471.0,0,62472.0,0,62472.0,0,62472.0,1,62472.0,1,62473.0,1,62474.0,0,62475.0,0,62475.0,0,62475.0,1,62475.0,1,62476.0,1,62477.0,0,62478.0,0,62478.0,0,62478.0
621,7374158_12_hdv,3,62478.0,3,62481.0,3,62484.0,0,62487.0,0,62487.0,0,62487.0,3,62487.0,0,62490.0,3,62490.0,0,62493.0,0,62493.0,0,62493.0,3,62493.0,0,62496.0,3,62496.0,0,62499.0,0,62499.0,0,62499.0,3,62499.0,3,62502.0,3,62505.0,0,62508.0,0,62508.0,0,62508.0,3,62508.0,3,62511.0,3,62514.0,0,62517.0,0,62517.0,0,62517.0
622,7374250_17_hdv,3,62517.0,3,62520.0,3,62523.0,0,62526.0,0,62526.0,0,62526.0,3,62526.0,0,62529.0,3,62529.0,0,62532.0,0,62532.0,0,62532.0,3,62532.0,0,62535.0,3,62535.0,0,62538.0,0,62538.0,0,62538.0,3,62538.0,3,62541.0,3,62544.0,0,62547.0,0,62547.0,0,62547.0,3,62547.0,3,62550.0,3,62553.0,0,62556.0,0,62556.0,0,62556.0
623,7374158_2_hdv,3,62556.0,3,62559.0,3,62562.0,0,62565.0,0,62565.0,0,62565.0,3,62565.0,0,62568.0,3,62568.0,0,62571.0,0,62571.0,0,62571.0,3,62571.0,0,62574.0,3,62574.0,0,62577.0,0,62577.0,0,62577.0,3,62577.0,3,62580.0,3,62583.0,0,62586.0,0,62586.0,0,62586.0,3,62586.0,3,62589.0,3,62592.0,0,62595.0,0,62595.0,0,62595.0
624,7374250_7_hdv,3,62595.0,3,62598.0,3,62601.0,0,62604.0,0,62604.0,0,62604.0,3,62604.0,0,62607.0,3,62607.0,0,62610.0,0,62610.0,0,62610.0,3,62610.0,0,62613.0,3,62613.0,0,62616.0,0,62616.0,0,62616.0,3,62616.0,3,62619.0,3,62622.0,0,62625.0,0,62625.0,0,62625.0,3,62625.0,3,62628.0,3,62631.0,0,62634.0,0,62634.0,0,62634.0
625,7373762_17_hdv,2,62634.0,2,62636.0,2,62638.0,0,62640.0,0,62640.0,0,62640.0,2,62640.0,0,62642.0,2,62642.0,0,62644.0,0,62644.0,0,62644.0,2,62644.0,0,62646.0,2,62646.0,0,62648.0,0,62648.0,0,62648.0,2,62648.0,2,62650.0,2,62652.0,0,62654.0,0,62654.0,0,62654.0,2,62654.0,2,62656.0,2,62658.0,0,62660.0,0,62660.0,0,62660.0
626,7374297_7_hdv,3,62660.0,3,62663.0,3,62666.0,0,62669.0,0,62669.0,0,62669.0,3,62669.0,0,62672.0,3,62672.0,0,62675.0,0,62675.0,0,62675.0,3,62675.0,0,62678.0,3,62678.0,0,62681.0,0,62681.0,0,62681.0,3,62681.0,3,62684.0,3,62687.0,0,62690.0,0,62690.0,0,62690.0,3,62690.0,3,62693.0,3,62696.0,0,62699.0,0,62699.0,0,62699.0
627,7371556_11_hdt,12,62699.0,12,62711.0,12,62723.0,0,62735.0,0,62735.0,0,62735.0,12,62735.0,0,62747.0,12,62747.0,0,62759.0,0,62759.0,0,62759.0,12,62759.0,0,62771.0,12,62771.0,0,62783.0,0,62783.0,0,62783.0,12,62783.0,12,62795.0,12,62807.0,0,62819.0,0,62819.0,0,62819.0,12,62819.0,12,62831.0,12,62843.0,0,62855.0,0,62855.0,0,62855.0
628,7374305_2_hdv,3,62855.0,3,62858.0,3,62861.0,0,62864.0,0,62864.0,0,62864.0,3,62864.0,0,62867.0,3,62867.0,0,62870.0,0,62870.0,0,62870.0,3,62870.0,0,62873.0,3,62873.0,0,62876.0,0,62876.0,0,62876.0,3,62876.0,3,62879.0,3,62882.0,0,62885.0,0,62885.0,0,62885.0,3,62885.0,3,62888.0,3,62891.0,0,62894.0,0,62894.0,0,62894.0
629,7374250_52_hdv,3,62894.0,3,62897.0,3,62900.0,0,62903.0,0,62903.0,0,62903.0,3,62903.0,0,62906.0,3,62906.0,0,62909.0,0,62909.0,0,62909.0,3,62909.0,0,62912.0,3,62912.0,0,62915.0,0,62915.0,0,62915.0,3,62915.0,3,62918.0,3,62921.0,0,62924.0,0,62924.0,0,62924.0,3,62924.0,3,62927.0,3,62930.0,0,62933.0,0,62933.0,0,62933.0
630,7374250_42_hdv,3,62933.0,3,62936.0,3,62939.0,0,62942.0,0,62942.0,0,62942.0,3,62942.0,0,62945.0,3,62945.0,0,62948.0,0,62948.0,0,62948.0,3,62948.0,0,62951.0,3,62951.0,0,62954.0,0,62954.0,0,62954.0,3,62954.0,3,62957.0,3,62960.0,0,62963.0,0,62963.0,0,62963.0,3,62963.0,3,62966.0,3,62969.0,0,62972.0,0,62972.0,0,62972.0
631,7374250_37_hdv,2,62972.0,2,62974.0,2,62976.0,0,62978.0,0,62978.0,0,62978.0,2,62978.0,0,62980.0,2,62980.0,0,62982.0,0,62982.0,0,62982.0,2,62982.0,0,62984.0,2,62984.0,0,62986.0,0,62986.0,0,62986.0,2,62986.0,2,62988.0,2,62990.0,0,62992.0,0,62992.0,0,62992.0,2,62992.0,2,62994.0,2,62996.0,0,62998.0,0,62998.0,0,62998.0
632,7374249_22_hdv,3,62998.0,3,63001.0,3,63004.0,0,63007.0,0,63007.0,0,63007.0,3,63007.0,0,63010.0,3,63010.0,0,63013.0,0,63013.0,0,63013.0,3,63013.0,0,63016.0,3,63016.0,0,63019.0,0,63019.0,0,63019.0,3,63019.0,3,63022.0,3,63025.0,0,63028.0,0,63028.0,0,63028.0,3,63028.0,3,63031.0,3,63034.0,0,63037.0,0,63037.0,0,63037.0
633,7374250_47_hdv,1,63037.0,1,63038.0,1,63039.0,0,63040.0,0,63040.0,0,63040.0,1,63040.0,0,63041.0,1,63041.0,0,63042.0,0,63042.0,0,63042.0,1,63042.0,0,63043.0,1,63043.0,0,63044.0,0,63044.0,0,63044.0,1,63044.0,1,63045.0,1,63046.0,0,63047.0,0,63047.0,0,63047.0,1,63047.0,1,63048.0,1,63049.0,0,63050.0,0,63050.0,0,63050.0
634,7374250_22_hdv,3,63050.0,3,63053.0,3,63056.0,0,63059.0,0,63059.0,0,63059.0,3,63059.0,0,63062.0,3,63062.0,0,63065.0,0,63065.0,0,63065.0,3,63065.0,0,63068.0,3,63068.0,0,63071.0,0,63071.0,0,63071.0,3,63071.0,3,63074.0,3,63077.0,0,63080.0,0,63080.0,0,63080.0,3,63080.0,3,63083.0,3,63086.0,0,63089.0,0,63089.0,0,63089.0
635,8394801_5_ld3,8,63089.0,8,63097.0,8,63105.0,0,63113.0,0,63113.0,0,63113.0,8,63113.0,0,63121.0,8,63121.0,0,63129.0,0,63129.0,0,63129.0,8,63129.0,0,63137.0,8,63137.0,0,63145.0,0,63145.0,0,63145.0,8,63145.0,8,63153.0,8,63161.0,0,63169.0,0,63169.0,0,63169.0,8,63169.0,8,63177.0,8,63185.0,0,63193.0,0,63193.0,0,63193.0
636,7370497_2_hdv,2,63193.0,2,63195.0,2,63197.0,0,63199.0,0,63199.0,0,63199.0,2,63199.0,0,63201.0,2,63201.0,0,63203.0,0,63203.0,0,63203.0,2,63203.0,0,63205.0,2,63205.0,0,63207.0,0,63207.0,0,63207.0,2,63207.0,2,63209.0,2,63211.0,0,63213.0,0,63213.0,0,63213.0,2,63213.0,2,63215.0,2,63217.0,0,63219.0,0,63219.0,0,63219.0
637,7365023_10_mdv,1,63219.0,1,63220.0,1,63221.0,0,63222.0,0,63222.0,0,63222.0,1,63222.0,0,63223.0,1,63223.0,0,63224.0,0,63224.0,0,63224.0,1,63224.0,0,63225.0,1,63225.0,0,63226.0,0,63226.0,0,63226.0,1,63226.0,1,63227.0,1,63228.0,0,63229.0,0,63229.0,0,63229.0,1,63229.0,1,63230.0,1,63231.0,0,63232.0,0,63232.0,0,63232.0
638,7365629_29_ld3,1,63232.0,1,63233.0,1,63234.0,0,63235.0,0,63235.0,0,63235.0,1,63235.0,0,63236.0,1,63236.0,0,63237.0,0,63237.0,0,63237.0,1,63237.0,0,63238.0,1,63238.0,0,63239.0,0,63239.0,0,63239.0,1,63239.0,1,63240.0,1,63241.0,0,63242.0,0,63242.0,0,63242.0,1,63242.0,1,63243.0,1,63244.0,0,63245.0,0,63245.0,0,63245.0
639,7359565_1_hdt,1,63245.0,1,63246.0,1,63247.0,0,63248.0,0,63248.0,0,63248.0,1,63248.0,0,63249.0,1,63249.0,0,63250.0,0,63250.0,0,63250.0,1,63250.0,0,63251.0,1,63251.0,0,63252.0,0,63252.0,0,63252.0,1,63252.0,1,63253.0,1,63254.0,0,63255.0,0,63255.0,0,63255.0,1,63255.0,1,63256.0,1,63257.0,0,63258.0,0,63258.0,0,63258.0
640,7359564_11_hdt,2,63258.0,2,63260.0,2,63262.0,0,63264.0,0,63264.0,0,63264.0,2,63264.0,0,63266.0,2,63266.0,0,63268.0,0,63268.0,0,63268.0,2,63268.0,0,63270.0,2,63270.0,0,63272.0,0,63272.0,0,63272.0,2,63272.0,2,63274.0,2,63276.0,0,63278.0,0,63278.0,0,63278.0,2,63278.0,2,63280.0,2,63282.0,0,63284.0,0,63284.0,0,63284.0
641,7359835_19_ld3,1,63284.0,1,63285.0,1,63286.0,0,63287.0,0,63287.0,0,63287.0,1,63287.0,0,63288.0,1,63288.0,0,63289.0,0,63289.0,0,63289.0,1,63289.0,0,63290.0,1,63290.0,0,63291.0,0,63291.0,0,63291.0,1,63291.0,1,63292.0,1,63293.0,0,63294.0,0,63294.0,0,63294.0,1,63294.0,1,63295.0,1,63296.0,0,63297.0,0,63297.0,0,63297.0
642,7033196_6_hdt,3,63297.0,3,63300.0,3,63303.0,0,63306.0,0,63306.0,0,63306.0,3,63306.0,0,63309.0,3,63309.0,0,63312.0,0,63312.0,0,63312.0,3,63312.0,0,63315.0,3,63315.0,0,63318.0,0,63318.0,0,63318.0,3,63318.0,3,63321.0,3,63324.0,0,63327.0,0,63327.0,0,63327.0,3,63327.0,3,63330.0,3,63333.0,0,63336.0,0,63336.0,0,63336.0
643,7359745_13_hdt,2,63336.0,2,63338.0,2,63340.0,0,63342.0,0,63342.0,0,63342.0,2,63342.0,0,63344.0,2,63344.0,0,63346.0,0,63346.0,0,63346.0,2,63346.0,0,63348.0,2,63348.0,0,63350.0,0,63350.0,0,63350.0,2,63350.0,2,63352.0,2,63354.0,0,63356.0,0,63356.0,0,63356.0,2,63356.0,2,63358.0,2,63360.0,0,63362.0,0,63362.0,0,63362.0
644,8371136_3_ld1,4,63362.0,4,63366.0,4,63370.0,0,63374.0,0,63374.0,0,63374.0,4,63374.0,0,63378.0,4,63378.0,0,63382.0,0,63382.0,0,63382.0,4,63382.0,0,63386.0,4,63386.0,0,63390.0,0,63390.0,0,63390.0,4,63390.0,4,63394.0,4,63398.0,0,63402.0,0,63402.0,0,63402.0,4,63402.0,4,63406.0,4,63410.0,0,63414.0,0,63414.0,0,63414.0
645,6420862_1_hdt,1,63414.0,1,63415.0,1,63416.0,0,63417.0,0,63417.0,0,63417.0,1,63417.0,0,63418.0,1,63418.0,0,63419.0,0,63419.0,0,63419.0,1,63419.0,0,63420.0,1,63420.0,0,63421.0,0,63421.0,0,63421.0,1,63421.0,1,63422.0,1,63423.0,0,63424.0,0,63424.0,0,63424.0,1,63424.0,1,63425.0,1,63426.0,0,63427.0,0,63427.0,0,63427.0
646,8370792_15_ld3,33,63427.0,33,63460.0,33,63493.0,0,63526.0,0,63526.0,0,63526.0,33,63526.0,0,63559.0,33,63559.0,0,63592.0,0,63592.0,0,63592.0,33,63592.0,0,63625.0,33,63625.0,0,63658.0,0,63658.0,0,63658.0,33,63658.0,33,63691.0,33,63724.0,0,63757.0,0,63757.0,0,63757.0,33,63757.0,33,63790.0,33,63823.0,0,63856.0,0,63856.0,0,63856.0
647,7362972_5_mdv,8,63856.0,8,63864.0,8,63872.0,0,63880.0,0,63880.0,0,63880.0,8,63880.0,0,63888.0,8,63888.0,0,63896.0,0,63896.0,0,63896.0,8,63896.0,0,63904.0,8,63904.0,0,63912.0,0,63912.0,0,63912.0,8,63912.0,8,63920.0,8,63928.0,0,63936.0,0,63936.0,0,63936.0,8,63936.0,8,63944.0,8,63952.0,0,63960.0,0,63960.0,0,63960.0
648,7370749_13_ld1,2,63960.0,2,63962.0,2,63964.0,0,63966.0,0,63966.0,0,63966.0,2,63966.0,0,63968.0,2,63968.0,0,63970.0,0,63970.0,0,63970.0,2,63970.0,0,63972.0,2,63972.0,0,63974.0,0,63974.0,0,63974.0,2,63974.0,2,63976.0,2,63978.0,0,63980.0,0,63980.0,0,63980.0,2,63980.0,2,63982.0,2,63984.0,0,63986.0,0,63986.0,0,63986.0
649,7367415_23_ld1,1,63986.0,1,63987.0,1,63988.0,0,63989.0,0,63989.0,0,63989.0,1,63989.0,0,63990.0,1,63990.0,0,63991.0,0,63991.0,0,63991.0,1,63991.0,0,63992.0,1,63992.0,0,63993.0,0,63993.0,0,63993.0,1,63993.0,1,63994.0,1,63995.0,0,63996.0,0,63996.0,0,63996.0,1,63996.0,1,63997.0,1,63998.0,0,63999.0,0,63999.0,0,63999.0
650,6370064_2_hdt,3,63999.0,3,64002.0,3,64005.0,0,64008.0,0,64008.0,0,64008.0,3,64008.0,0,64011.0,3,64011.0,0,64014.0,0,64014.0,0,64014.0,3,64014.0,0,64017.0,3,64017.0,0,64020.0,0,64020.0,0,64020.0,3,64020.0,3,64023.0,3,64026.0,0,64029.0,0,64029.0,0,64029.0,3,64029.0,3,64032.0,3,64035.0,0,64038.0,0,64038.0,0,64038.0
651,7365038_8_ld1,1,64038.0,1,64039.0,1,64040.0,0,64041.0,0,64041.0,0,64041.0,1,64041.0,0,64042.0,1,64042.0,0,64043.0,0,64043.0,0,64043.0,1,64043.0,0,64044.0,1,64044.0,0,64045.0,0,64045.0,0,64045.0,1,64045.0,1,64046.0,1,64047.0,0,64048.0,0,64048.0,0,64048.0,1,64048.0,1,64049.0,1,64050.0,0,64051.0,0,64051.0,0,64051.0
652,7370688_13_ld1,1,64051.0,1,64052.0,1,64053.0,0,64054.0,0,64054.0,0,64054.0,1,64054.0,0,64055.0,1,64055.0,0,64056.0,0,64056.0,0,64056.0,1,64056.0,0,64057.0,1,64057.0,0,64058.0,0,64058.0,0,64058.0,1,64058.0,1,64059.0,1,64060.0,0,64061.0,0,64061.0,0,64061.0,1,64061.0,1,64062.0,1,64063.0,0,64064.0,0,64064.0,0,64064.0
653,7366738_8_ld1,8,64064.0,8,64072.0,8,64080.0,0,64088.0,0,64088.0,0,64088.0,8,64088.0,0,64096.0,8,64096.0,0,64104.0,0,64104.0,0,64104.0,8,64104.0,0,64112.0,8,64112.0,0,64120.0,0,64120.0,0,64120.0,8,64120.0,8,64128.0,8,64136.0,0,64144.0,0,64144.0,0,64144.0,8,64144.0,8,64152.0,8,64160.0,0,64168.0,0,64168.0,0,64168.0
654,7363676_13_ld1,2,64168.0,2,64170.0,2,64172.0,0,64174.0,0,64174.0,0,64174.0,2,64174.0,0,64176.0,2,64176.0,0,64178.0,0,64178.0,0,64178.0,2,64178.0,0,64180.0,2,64180.0,0,64182.0,0,64182.0,0,64182.0,2,64182.0,2,64184.0,2,64186.0,0,64188.0,0,64188.0,0,64188.0,2,64188.0,2,64190.0,2,64192.0,0,64194.0,0,64194.0,0,64194.0
655,7362972_28_ld1,1,64194.0,1,64195.0,1,64196.0,0,64197.0,0,64197.0,0,64197.0,1,64197.0,0,64198.0,1,64198.0,0,64199.0,0,64199.0,0,64199.0,1,64199.0,0,64200.0,1,64200.0,0,64201.0,0,64201.0,0,64201.0,1,64201.0,1,64202.0,1,64203.0,0,64204.0,0,64204.0,0,64204.0,1,64204.0,1,64205.0,1,64206.0,0,64207.0,0,64207.0,0,64207.0
656,7365531_3_ld1,1,64207.0,1,64208.0,1,64209.0,0,64210.0,0,64210.0,0,64210.0,1,64210.0,0,64211.0,1,64211.0,0,64212.0,0,64212.0,0,64212.0,1,64212.0,0,64213.0,1,64213.0,0,64214.0,0,64214.0,0,64214.0,1,64214.0,1,64215.0,1,64216.0,0,64217.0,0,64217.0,0,64217.0,1,64217.0,1,64218.0,1,64219.0,0,64220.0,0,64220.0,0,64220.0
657,7370550_13_ld1,1,64220.0,1,64221.0,1,64222.0,0,64223.0,0,64223.0,0,64223.0,1,64223.0,0,64224.0,1,64224.0,0,64225.0,0,64225.0,0,64225.0,1,64225.0,0,64226.0,1,64226.0,0,64227.0,0,64227.0,0,64227.0,1,64227.0,1,64228.0,1,64229.0,0,64230.0,0,64230.0,0,64230.0,1,64230.0,1,64231.0,1,64232.0,0,64233.0,0,64233.0,0,64233.0
658,7364918_8_ld1,1,64233.0,1,64234.0,1,64235.0,0,64236.0,0,64236.0,0,64236.0,1,64236.0,0,64237.0,1,64237.0,0,64238.0,0,64238.0,0,64238.0,1,64238.0,0,64239.0,1,64239.0,0,64240.0,0,64240.0,0,64240.0,1,64240.0,1,64241.0,1,64242.0,0,64243.0,0,64243.0,0,64243.0,1,64243.0,1,64244.0,1,64245.0,0,64246.0,0,64246.0,0,64246.0
659,7361145_2_ld1,1,64246.0,1,64247.0,1,64248.0,0,64249.0,0,64249.0,0,64249.0,1,64249.0,0,64250.0,1,64250.0,0,64251.0,0,64251.0,0,64251.0,1,64251.0,0,64252.0,1,64252.0,0,64253.0,0,64253.0,0,64253.0,1,64253.0,1,64254.0,1,64255.0,0,64256.0,0,64256.0,0,64256.0,1,64256.0,1,64257.0,1,64258.0,0,64259.0,0,64259.0,0,64259.0
660,7367225_8_ld1,2,64259.0,2,64261.0,2,64263.0,0,64265.0,0,64265.0,0,64265.0,2,64265.0,0,64267.0,2,64267.0,0,64269.0,0,64269.0,0,64269.0,2,64269.0,0,64271.0,2,64271.0,0,64273.0,0,64273.0,0,64273.0,2,64273.0,2,64275.0,2,64277.0,0,64279.0,0,64279.0,0,64279.0,2,64279.0,2,64281.0,2,64283.0,0,64285.0,0,64285.0,0,64285.0
661,7366753_12_hdv,2,64285.0,2,64287.0,2,64289.0,0,64291.0,0,64291.0,0,64291.0,2,64291.0,0,64293.0,2,64293.0,0,64295.0,0,64295.0,0,64295.0,2,64295.0,0,64297.0,2,64297.0,0,64299.0,0,64299.0,0,64299.0,2,64299.0,2,64301.0,2,64303.0,0,64305.0,0,64305.0,0,64305.0,2,64305.0,2,64307.0,2,64309.0,0,64311.0,0,64311.0,0,64311.0
662,7362972_3_ld1,1,64311.0,1,64312.0,1,64313.0,0,64314.0,0,64314.0,0,64314.0,1,64314.0,0,64315.0,1,64315.0,0,64316.0,0,64316.0,0,64316.0,1,64316.0,0,64317.0,1,64317.0,0,64318.0,0,64318.0,0,64318.0,1,64318.0,1,64319.0,1,64320.0,0,64321.0,0,64321.0,0,64321.0,1,64321.0,1,64322.0,1,64323.0,0,64324.0,0,64324.0,0,64324.0
663,7370808_3_ld1,3,64324.0,3,64327.0,3,64330.0,0,64333.0,0,64333.0,0,64333.0,3,64333.0,0,64336.0,3,64336.0,0,64339.0,0,64339.0,0,64339.0,3,64339.0,0,64342.0,3,64342.0,0,64345.0,0,64345.0,0,64345.0,3,64345.0,3,64348.0,3,64351.0,0,64354.0,0,64354.0,0,64354.0,3,64354.0,3,64357.0,3,64360.0,0,64363.0,0,64363.0,0,64363.0
664,7364691_3_ld1,1,64363.0,1,64364.0,1,64365.0,0,64366.0,0,64366.0,0,64366.0,1,64366.0,0,64367.0,1,64367.0,0,64368.0,0,64368.0,0,64368.0,1,64368.0,0,64369.0,1,64369.0,0,64370.0,0,64370.0,0,64370.0,1,64370.0,1,64371.0,1,64372.0,0,64373.0,0,64373.0,0,64373.0,1,64373.0,1,64374.0,1,64375.0,0,64376.0,0,64376.0,0,64376.0
665,7371582_18_ld1,1,64376.0,1,64377.0,1,64378.0,0,64379.0,0,64379.0,0,64379.0,1,64379.0,0,64380.0,1,64380.0,0,64381.0,0,64381.0,0,64381.0,1,64381.0,0,64382.0,1,64382.0,0,64383.0,0,64383.0,0,64383.0,1,64383.0,1,64384.0,1,64385.0,0,64386.0,0,64386.0,0,64386.0,1,64386.0,1,64387.0,1,64388.0,0,64389.0,0,64389.0,0,64389.0
666,7365531_18_ld1,3,64389.0,3,64392.0,3,64395.0,0,64398.0,0,64398.0,0,64398.0,3,64398.0,0,64401.0,3,64401.0,0,64404.0,0,64404.0,0,64404.0,3,64404.0,0,64407.0,3,64407.0,0,64410.0,0,64410.0,0,64410.0,3,64410.0,3,64413.0,3,64416.0,0,64419.0,0,64419.0,0,64419.0,3,64419.0,3,64422.0,3,64425.0,0,64428.0,0,64428.0,0,64428.0
667,7369529_4_ld3,1,64428.0,1,64429.0,1,64430.0,0,64431.0,0,64431.0,0,64431.0,1,64431.0,0,64432.0,1,64432.0,0,64433.0,0,64433.0,0,64433.0,1,64433.0,0,64434.0,1,64434.0,0,64435.0,0,64435.0,0,64435.0,1,64435.0,1,64436.0,1,64437.0,0,64438.0,0,64438.0,0,64438.0,1,64438.0,1,64439.0,1,64440.0,0,64441.0,0,64441.0,0,64441.0
668,7373120_8_ld1,1,64441.0,1,64442.0,1,64443.0,0,64444.0,0,64444.0,0,64444.0,1,64444.0,0,64445.0,1,64445.0,0,64446.0,0,64446.0,0,64446.0,1,64446.0,0,64447.0,1,64447.0,0,64448.0,0,64448.0,0,64448.0,1,64448.0,1,64449.0,1,64450.0,0,64451.0,0,64451.0,0,64451.0,1,64451.0,1,64452.0,1,64453.0,0,64454.0,0,64454.0,0,64454.0
669,7362972_29_ld3,6,64454.0,6,64460.0,6,64466.0,0,64472.0,0,64472.0,0,64472.0,6,64472.0,0,64478.0,6,64478.0,0,64484.0,0,64484.0,0,64484.0,6,64484.0,0,64490.0,6,64490.0,0,64496.0,0,64496.0,0,64496.0,6,64496.0,6,64502.0,6,64508.0,0,64514.0,0,64514.0,0,64514.0,6,64514.0,6,64520.0,6,64526.0,0,64532.0,0,64532.0,0,64532.0
670,7364692_2_ld1,10,64532.0,10,64542.0,10,64552.0,0,64562.0,0,64562.0,0,64562.0,10,64562.0,0,64572.0,10,64572.0,0,64582.0,0,64582.0,0,64582.0,10,64582.0,0,64592.0,10,64592.0,0,64602.0,0,64602.0,0,64602.0,10,64602.0,10,64612.0,10,64622.0,0,64632.0,0,64632.0,0,64632.0,10,64632.0,10,64642.0,10,64652.0,0,64662.0,0,64662.0,0,64662.0
671,8394820_10_mdv,3,64662.0,3,64665.0,3,64668.0,0,64671.0,0,64671.0,0,64671.0,3,64671.0,0,64674.0,3,64674.0,0,64677.0,0,64677.0,0,64677.0,3,64677.0,0,64680.0,3,64680.0,0,64683.0,0,64683.0,0,64683.0,3,64683.0,3,64686.0,3,64689.0,0,64692.0,0,64692.0,0,64692.0,3,64692.0,3,64695.0,3,64698.0,0,64701.0,0,64701.0,0,64701.0
672,6410606_4_hdt,7,64701.0,7,64708.0,7,64715.0,0,64722.0,0,64722.0,0,64722.0,7,64722.0,0,64729.0,7,64729.0,0,64736.0,0,64736.0,0,64736.0,7,64736.0,0,64743.0,7,64743.0,0,64750.0,0,64750.0,0,64750.0,7,64750.0,7,64757.0,7,64764.0,0,64771.0,0,64771.0,0,64771.0,7,64771.0,7,64778.0,7,64785.0,0,64792.0,0,64792.0,0,64792.0
673,8389776_6_ld1,2,64792.0,2,64794.0,2,64796.0,0,64798.0,0,64798.0,0,64798.0,2,64798.0,0,64800.0,2,64800.0,0,64802.0,0,64802.0,0,64802.0,2,64802.0,0,64804.0,2,64804.0,0,64806.0,0,64806.0,0,64806.0,2,64806.0,2,64808.0,2,64810.0,0,64812.0,0,64812.0,0,64812.0,2,64812.0,2,64814.0,2,64816.0,0,64818.0,0,64818.0,0,64818.0
674,7332590_2_hdv,1,64818.0,1,64819.0,1,64820.0,0,64821.0,0,64821.0,0,64821.0,1,64821.0,0,64822.0,1,64822.0,0,64823.0,0,64823.0,0,64823.0,1,64823.0,0,64824.0,1,64824.0,0,64825.0,0,64825.0,0,64825.0,1,64825.0,1,64826.0,1,64827.0,0,64828.0,0,64828.0,0,64828.0,1,64828.0,1,64829.0,1,64830.0,0,64831.0,0,64831.0,0,64831.0
675,6071682_1_hdt,3,64831.0,3,64834.0,3,64837.0,0,64840.0,0,64840.0,0,64840.0,3,64840.0,0,64843.0,3,64843.0,0,64846.0,0,64846.0,0,64846.0,3,64846.0,0,64849.0,3,64849.0,0,64852.0,0,64852.0,0,64852.0,3,64852.0,3,64855.0,3,64858.0,0,64861.0,0,64861.0,0,64861.0,3,64861.0,3,64864.0,3,64867.0,0,64870.0,0,64870.0,0,64870.0
676,7371649_4_ld3,1,64870.0,1,64871.0,1,64872.0,0,64873.0,0,64873.0,0,64873.0,1,64873.0,0,64874.0,1,64874.0,0,64875.0,0,64875.0,0,64875.0,1,64875.0,0,64876.0,1,64876.0,0,64877.0,0,64877.0,0,64877.0,1,64877.0,1,64878.0,1,64879.0,0,64880.0,0,64880.0,0,64880.0,1,64880.0,1,64881.0,1,64882.0,0,64883.0,0,64883.0,0,64883.0
677,8394433_18_ld1,21,64883.0,21,64904.0,21,64925.0,0,64946.0,0,64946.0,0,64946.0,21,64946.0,0,64967.0,21,64967.0,0,64988.0,0,64988.0,0,64988.0,21,64988.0,0,65009.0,21,65009.0,0,65030.0,0,65030.0,0,65030.0,21,65030.0,21,65051.0,21,65072.0,0,65093.0,0,65093.0,0,65093.0,21,65093.0,21,65114.0,21,65135.0,0,65156.0,0,65156.0,0,65156.0
678,8395583_4_ld3,15,65156.0,15,65171.0,15,65186.0,0,65201.0,0,65201.0,0,65201.0,15,65201.0,0,65216.0,15,65216.0,0,65231.0,0,65231.0,0,65231.0,15,65231.0,0,65246.0,15,65246.0,0,65261.0,0,65261.0,0,65261.0,15,65261.0,15,65276.0,15,65291.0,0,65306.0,0,65306.0,0,65306.0,15,65306.0,15,65321.0,15,65336.0,0,65351.0,0,65351.0,0,65351.0
679,7365629_20_mdv,3,65351.0,3,65354.0,3,65357.0,0,65360.0,0,65360.0,0,65360.0,3,65360.0,0,65363.0,3,65363.0,0,65366.0,0,65366.0,0,65366.0,3,65366.0,0,65369.0,3,65369.0,0,65372.0,0,65372.0,0,65372.0,3,65372.0,3,65375.0,3,65378.0,0,65381.0,0,65381.0,0,65381.0,3,65381.0,3,65384.0,3,65387.0,0,65390.0,0,65390.0,0,65390.0
680,6365509_3_hdt,2,65390.0,2,65392.0,2,65394.0,0,65396.0,0,65396.0,0,65396.0,2,65396.0,0,65398.0,2,65398.0,0,65400.0,0,65400.0,0,65400.0,2,65400.0,0,65402.0,2,65402.0,0,65404.0,0,65404.0,0,65404.0,2,65404.0,2,65406.0,2,65408.0,0,65410.0,0,65410.0,0,65410.0,2,65410.0,2,65412.0,2,65414.0,0,65416.0,0,65416.0,0,65416.0
681,7373120_4_ld3,1,65416.0,1,65417.0,1,65418.0,0,65419.0,0,65419.0,0,65419.0,1,65419.0,0,65420.0,1,65420.0,0,65421.0,0,65421.0,0,65421.0,1,65421.0,0,65422.0,1,65422.0,0,65423.0,0,65423.0,0,65423.0,1,65423.0,1,65424.0,1,65425.0,0,65426.0,0,65426.0,0,65426.0,1,65426.0,1,65427.0,1,65428.0,0,65429.0,0,65429.0,0,65429.0
682,3699868_3_hdt,3,65429.0,3,65432.0,3,65435.0,0,65438.0,0,65438.0,0,65438.0,3,65438.0,0,65441.0,3,65441.0,0,65444.0,0,65444.0,0,65444.0,3,65444.0,0,65447.0,3,65447.0,0,65450.0,0,65450.0,0,65450.0,3,65450.0,3,65453.0,3,65456.0,0,65459.0,0,65459.0,0,65459.0,3,65459.0,3,65462.0,3,65465.0,0,65468.0,0,65468.0,0,65468.0
683,7361108_26_ld1,4,65468.0,4,65472.0,4,65476.0,0,65480.0,0,65480.0,0,65480.0,4,65480.0,0,65484.0,4,65484.0,0,65488.0,0,65488.0,0,65488.0,4,65488.0,0,65492.0,4,65492.0,0,65496.0,0,65496.0,0,65496.0,4,65496.0,4,65500.0,4,65504.0,0,65508.0,0,65508.0,0,65508.0,4,65508.0,4,65512.0,4,65516.0,0,65520.0,0,65520.0,0,65520.0
684,8394328_11_ld3,4,65520.0,4,65524.0,4,65528.0,0,65532.0,0,65532.0,0,65532.0,4,65532.0,0,65536.0,4,65536.0,0,65540.0,0,65540.0,0,65540.0,4,65540.0,0,65544.0,4,65544.0,0,65548.0,0,65548.0,0,65548.0,4,65548.0,4,65552.0,4,65556.0,0,65560.0,0,65560.0,0,65560.0,4,65560.0,4,65564.0,4,65568.0,0,65572.0,0,65572.0,0,65572.0
685,7369842_19_ld3,2,65572.0,2,65574.0,2,65576.0,0,65578.0,0,65578.0,0,65578.0,2,65578.0,0,65580.0,2,65580.0,0,65582.0,0,65582.0,0,65582.0,2,65582.0,0,65584.0,2,65584.0,0,65586.0,0,65586.0,0,65586.0,2,65586.0,2,65588.0,2,65590.0,0,65592.0,0,65592.0,0,65592.0,2,65592.0,2,65594.0,2,65596.0,0,65598.0,0,65598.0,0,65598.0
686,8351030_13_ld1,1,65598.0,1,65599.0,1,65600.0,0,65601.0,0,65601.0,0,65601.0,1,65601.0,0,65602.0,1,65602.0,0,65603.0,0,65603.0,0,65603.0,1,65603.0,0,65604.0,1,65604.0,0,65605.0,0,65605.0,0,65605.0,1,65605.0,1,65606.0,1,65607.0,0,65608.0,0,65608.0,0,65608.0,1,65608.0,1,65609.0,1,65610.0,0,65611.0,0,65611.0,0,65611.0
687,7043728_1_hdt,3,65611.0,3,65614.0,3,65617.0,0,65620.0,0,65620.0,0,65620.0,3,65620.0,0,65623.0,3,65623.0,0,65626.0,0,65626.0,0,65626.0,3,65626.0,0,65629.0,3,65629.0,0,65632.0,0,65632.0,0,65632.0,3,65632.0,3,65635.0,3,65638.0,0,65641.0,0,65641.0,0,65641.0,3,65641.0,3,65644.0,3,65647.0,0,65650.0,0,65650.0,0,65650.0
688,7373762_3_ld1,2,65650.0,2,65652.0,2,65654.0,0,65656.0,0,65656.0,0,65656.0,2,65656.0,0,65658.0,2,65658.0,0,65660.0,0,65660.0,0,65660.0,2,65660.0,0,65662.0,2,65662.0,0,65664.0,0,65664.0,0,65664.0,2,65664.0,2,65666.0,2,65668.0,0,65670.0,0,65670.0,0,65670.0,2,65670.0,2,65672.0,2,65674.0,0,65676.0,0,65676.0,0,65676.0
689,6444409_3_hdt,2,65676.0,2,65678.0,2,65680.0,0,65682.0,0,65682.0,0,65682.0,2,65682.0,0,65684.0,2,65684.0,0,65686.0,0,65686.0,0,65686.0,2,65686.0,0,65688.0,2,65688.0,0,65690.0,0,65690.0,0,65690.0,2,65690.0,2,65692.0,2,65694.0,0,65696.0,0,65696.0,0,65696.0,2,65696.0,2,65698.0,2,65700.0,0,65702.0,0,65702.0,0,65702.0
690,7374297_12_hdv,1,65702.0,1,65703.0,1,65704.0,0,65705.0,0,65705.0,0,65705.0,1,65705.0,0,65706.0,1,65706.0,0,65707.0,0,65707.0,0,65707.0,1,65707.0,0,65708.0,1,65708.0,0,65709.0,0,65709.0,0,65709.0,1,65709.0,1,65710.0,1,65711.0,0,65712.0,0,65712.0,0,65712.0,1,65712.0,1,65713.0,1,65714.0,0,65715.0,0,65715.0,0,65715.0
691,6703161_2_hdv,1,65715.0,1,65716.0,1,65717.0,0,65718.0,0,65718.0,0,65718.0,1,65718.0,0,65719.0,1,65719.0,0,65720.0,0,65720.0,0,65720.0,1,65720.0,0,65721.0,1,65721.0,0,65722.0,0,65722.0,0,65722.0,1,65722.0,1,65723.0,1,65724.0,0,65725.0,0,65725.0,0,65725.0,1,65725.0,1,65726.0,1,65727.0,0,65728.0,0,65728.0,0,65728.0
692,7365629_25_mdv,4,65728.0,4,65732.0,4,65736.0,0,65740.0,0,65740.0,0,65740.0,4,65740.0,0,65744.0,4,65744.0,0,65748.0,0,65748.0,0,65748.0,4,65748.0,0,65752.0,4,65752.0,0,65756.0,0,65756.0,0,65756.0,4,65756.0,4,65760.0,4,65764.0,0,65768.0,0,65768.0,0,65768.0,4,65768.0,4,65772.0,4,65776.0,0,65780.0,0,65780.0,0,65780.0
693,7371483_8_ld1,12,65780.0,12,65792.0,12,65804.0,0,65816.0,0,65816.0,0,65816.0,12,65816.0,0,65828.0,12,65828.0,0,65840.0,0,65840.0,0,65840.0,12,65840.0,0,65852.0,12,65852.0,0,65864.0,0,65864.0,0,65864.0,12,65864.0,12,65876.0,12,65888.0,0,65900.0,0,65900.0,0,65900.0,12,65900.0,12,65912.0,12,65924.0,0,65936.0,0,65936.0,0,65936.0
694,6420473_3_hdt,1,65936.0,1,65937.0,1,65938.0,0,65939.0,0,65939.0,0,65939.0,1,65939.0,0,65940.0,1,65940.0,0,65941.0,0,65941.0,0,65941.0,1,65941.0,0,65942.0,1,65942.0,0,65943.0,0,65943.0,0,65943.0,1,65943.0,1,65944.0,1,65945.0,0,65946.0,0,65946.0,0,65946.0,1,65946.0,1,65947.0,1,65948.0,0,65949.0,0,65949.0,0,65949.0
695,6692310_43_hdt,1,65949.0,1,65950.0,1,65951.0,0,65952.0,0,65952.0,0,65952.0,1,65952.0,0,65953.0,1,65953.0,0,65954.0,0,65954.0,0,65954.0,1,65954.0,0,65955.0,1,65955.0,0,65956.0,0,65956.0,0,65956.0,1,65956.0,1,65957.0,1,65958.0,0,65959.0,0,65959.0,0,65959.0,1,65959.0,1,65960.0,1,65961.0,0,65962.0,0,65962.0,0,65962.0
696,2608570_2_hdt,1,65962.0,1,65963.0,1,65964.0,0,65965.0,0,65965.0,0,65965.0,1,65965.0,0,65966.0,1,65966.0,0,65967.0,0,65967.0,0,65967.0,1,65967.0,0,65968.0,1,65968.0,0,65969.0,0,65969.0,0,65969.0,1,65969.0,1,65970.0,1,65971.0,0,65972.0,0,65972.0,0,65972.0,1,65972.0,1,65973.0,1,65974.0,0,65975.0,0,65975.0,0,65975.0
697,512473_1_hdt,1,65975.0,1,65976.0,1,65977.0,0,65978.0,0,65978.0,0,65978.0,1,65978.0,0,65979.0,1,65979.0,0,65980.0,0,65980.0,0,65980.0,1,65980.0,0,65981.0,1,65981.0,0,65982.0,0,65982.0,0,65982.0,1,65982.0,1,65983.0,1,65984.0,0,65985.0,0,65985.0,0,65985.0,1,65985.0,1,65986.0,1,65987.0,0,65988.0,0,65988.0,0,65988.0
698,7366429_20_mdv,3,65988.0,3,65991.0,3,65994.0,0,65997.0,0,65997.0,0,65997.0,3,65997.0,0,66000.0,3,66000.0,0,66003.0,0,66003.0,0,66003.0,3,66003.0,0,66006.0,3,66006.0,0,66009.0,0,66009.0,0,66009.0,3,66009.0,3,66012.0,3,66015.0,0,66018.0,0,66018.0,0,66018.0,3,66018.0,3,66021.0,3,66024.0,0,66027.0,0,66027.0,0,66027.0
699,7365629_39_ld3,12,66027.0,12,66039.0,12,66051.0,0,66063.0,0,66063.0,0,66063.0,12,66063.0,0,66075.0,12,66075.0,0,66087.0,0,66087.0,0,66087.0,12,66087.0,0,66099.0,12,66099.0,0,66111.0,0,66111.0,0,66111.0,12,66111.0,12,66123.0,12,66135.0,0,66147.0,0,66147.0,0,66147.0,12,66147.0,12,66159.0,12,66171.0,0,66183.0,0,66183.0,0,66183.0
700,7365629_37_hdv,1,66183.0,1,66184.0,1,66185.0,0,66186.0,0,66186.0,0,66186.0,1,66186.0,0,66187.0,1,66187.0,0,66188.0,0,66188.0,0,66188.0,1,66188.0,0,66189.0,1,66189.0,0,66190.0,0,66190.0,0,66190.0,1,66190.0,1,66191.0,1,66192.0,0,66193.0,0,66193.0,0,66193.0,1,66193.0,1,66194.0,1,66195.0,0,66196.0,0,66196.0,0,66196.0
701,6407481_4_hdt,1,66196.0,1,66197.0,1,66198.0,0,66199.0,0,66199.0,0,66199.0,1,66199.0,0,66200.0,1,66200.0,0,66201.0,0,66201.0,0,66201.0,1,66201.0,0,66202.0,1,66202.0,0,66203.0,0,66203.0,0,66203.0,1,66203.0,1,66204.0,1,66205.0,0,66206.0,0,66206.0,0,66206.0,1,66206.0,1,66207.0,1,66208.0,0,66209.0,0,66209.0,0,66209.0
702,7364918_9_ld3,4,66209.0,4,66213.0,4,66217.0,0,66221.0,0,66221.0,0,66221.0,4,66221.0,0,66225.0,4,66225.0,0,66229.0,0,66229.0,0,66229.0,4,66229.0,0,66233.0,4,66233.0,0,66237.0,0,66237.0,0,66237.0,4,66237.0,4,66241.0,4,66245.0,0,66249.0,0,66249.0,0,66249.0,4,66249.0,4,66253.0,4,66257.0,0,66261.0,0,66261.0,0,66261.0
703,6395643_8_hdt,1,66261.0,1,66262.0,1,66263.0,0,66264.0,0,66264.0,0,66264.0,1,66264.0,0,66265.0,1,66265.0,0,66266.0,0,66266.0,0,66266.0,1,66266.0,0,66267.0,1,66267.0,0,66268.0,0,66268.0,0,66268.0,1,66268.0,1,66269.0,1,66270.0,0,66271.0,0,66271.0,0,66271.0,1,66271.0,1,66272.0,1,66273.0,0,66274.0,0,66274.0,0,66274.0
704,7373561_3_ld1,1,66274.0,1,66275.0,1,66276.0,0,66277.0,0,66277.0,0,66277.0,1,66277.0,0,66278.0,1,66278.0,0,66279.0,0,66279.0,0,66279.0,1,66279.0,0,66280.0,1,66280.0,0,66281.0,0,66281.0,0,66281.0,1,66281.0,1,66282.0,1,66283.0,0,66284.0,0,66284.0,0,66284.0,1,66284.0,1,66285.0,1,66286.0,0,66287.0,0,66287.0,0,66287.0
705,4953020_2_hdt,1,66287.0,1,66288.0,1,66289.0,0,66290.0,0,66290.0,0,66290.0,1,66290.0,0,66291.0,1,66291.0,0,66292.0,0,66292.0,0,66292.0,1,66292.0,0,66293.0,1,66293.0,0,66294.0,0,66294.0,0,66294.0,1,66294.0,1,66295.0,1,66296.0,0,66297.0,0,66297.0,0,66297.0,1,66297.0,1,66298.0,1,66299.0,0,66300.0,0,66300.0,0,66300.0
706,3592024_1_hdt,2,66300.0,2,66302.0,2,66304.0,0,66306.0,0,66306.0,0,66306.0,2,66306.0,0,66308.0,2,66308.0,0,66310.0,0,66310.0,0,66310.0,2,66310.0,0,66312.0,2,66312.0,0,66314.0,0,66314.0,0,66314.0,2,66314.0,2,66316.0,2,66318.0,0,66320.0,0,66320.0,0,66320.0,2,66320.0,2,66322.0,2,66324.0,0,66326.0,0,66326.0,0,66326.0
707,6441495_3_hdt,5,66326.0,5,66331.0,5,66336.0,0,66341.0,0,66341.0,0,66341.0,5,66341.0,0,66346.0,5,66346.0,0,66351.0,0,66351.0,0,66351.0,5,66351.0,0,66356.0,5,66356.0,0,66361.0,0,66361.0,0,66361.0,5,66361.0,5,66366.0,5,66371.0,0,66376.0,0,66376.0,0,66376.0,5,66376.0,5,66381.0,5,66386.0,0,66391.0,0,66391.0,0,66391.0
708,7374249_19_ld3,2,66391.0,2,66393.0,2,66395.0,0,66397.0,0,66397.0,0,66397.0,2,66397.0,0,66399.0,2,66399.0,0,66401.0,0,66401.0,0,66401.0,2,66401.0,0,66403.0,2,66403.0,0,66405.0,0,66405.0,0,66405.0,2,66405.0,2,66407.0,2,66409.0,0,66411.0,0,66411.0,0,66411.0,2,66411.0,2,66413.0,2,66415.0,0,66417.0,0,66417.0,0,66417.0
709,7374226_8_ld1,1,66417.0,1,66418.0,1,66419.0,0,66420.0,0,66420.0,0,66420.0,1,66420.0,0,66421.0,1,66421.0,0,66422.0,0,66422.0,0,66422.0,1,66422.0,0,66423.0,1,66423.0,0,66424.0,0,66424.0,0,66424.0,1,66424.0,1,66425.0,1,66426.0,0,66427.0,0,66427.0,0,66427.0,1,66427.0,1,66428.0,1,66429.0,0,66430.0,0,66430.0,0,66430.0
710,7194071_18_ld1,1,66430.0,1,66431.0,1,66432.0,0,66433.0,0,66433.0,0,66433.0,1,66433.0,0,66434.0,1,66434.0,0,66435.0,0,66435.0,0,66435.0,1,66435.0,0,66436.0,1,66436.0,0,66437.0,0,66437.0,0,66437.0,1,66437.0,1,66438.0,1,66439.0,0,66440.0,0,66440.0,0,66440.0,1,66440.0,1,66441.0,1,66442.0,0,66443.0,0,66443.0,0,66443.0
711,8395898_5_ld1,1,66443.0,1,66444.0,1,66445.0,0,66446.0,0,66446.0,0,66446.0,1,66446.0,0,66447.0,1,66447.0,0,66448.0,0,66448.0,0,66448.0,1,66448.0,0,66449.0,1,66449.0,0,66450.0,0,66450.0,0,66450.0,1,66450.0,1,66451.0,1,66452.0,0,66453.0,0,66453.0,0,66453.0,1,66453.0,1,66454.0,1,66455.0,0,66456.0,0,66456.0,0,66456.0
712,7373504_40_mdv,3,66456.0,3,66459.0,3,66462.0,0,66465.0,0,66465.0,0,66465.0,3,66465.0,0,66468.0,3,66468.0,0,66471.0,0,66471.0,0,66471.0,3,66471.0,0,66474.0,3,66474.0,0,66477.0,0,66477.0,0,66477.0,3,66477.0,3,66480.0,3,66483.0,0,66486.0,0,66486.0,0,66486.0,3,66486.0,3,66489.0,3,66492.0,0,66495.0,0,66495.0,0,66495.0
713,7373608_9_ld3,1,66495.0,1,66496.0,1,66497.0,0,66498.0,0,66498.0,0,66498.0,1,66498.0,0,66499.0,1,66499.0,0,66500.0,0,66500.0,0,66500.0,1,66500.0,0,66501.0,1,66501.0,0,66502.0,0,66502.0,0,66502.0,1,66502.0,1,66503.0,1,66504.0,0,66505.0,0,66505.0,0,66505.0,1,66505.0,1,66506.0,1,66507.0,0,66508.0,0,66508.0,0,66508.0
714,6314378_3_hdt,1,66508.0,1,66509.0,1,66510.0,0,66511.0,0,66511.0,0,66511.0,1,66511.0,0,66512.0,1,66512.0,0,66513.0,0,66513.0,0,66513.0,1,66513.0,0,66514.0,1,66514.0,0,66515.0,0,66515.0,0,66515.0,1,66515.0,1,66516.0,1,66517.0,0,66518.0,0,66518.0,0,66518.0,1,66518.0,1,66519.0,1,66520.0,0,66521.0,0,66521.0,0,66521.0
715,7369899_18_ld1,1,66521.0,1,66522.0,1,66523.0,0,66524.0,0,66524.0,0,66524.0,1,66524.0,0,66525.0,1,66525.0,0,66526.0,0,66526.0,0,66526.0,1,66526.0,0,66527.0,1,66527.0,0,66528.0,0,66528.0,0,66528.0,1,66528.0,1,66529.0,1,66530.0,0,66531.0,0,66531.0,0,66531.0,1,66531.0,1,66532.0,1,66533.0,0,66534.0,0,66534.0,0,66534.0
716,7186306_26_ld1,1,66534.0,1,66535.0,1,66536.0,0,66537.0,0,66537.0,0,66537.0,1,66537.0,0,66538.0,1,66538.0,0,66539.0,0,66539.0,0,66539.0,1,66539.0,0,66540.0,1,66540.0,0,66541.0,0,66541.0,0,66541.0,1,66541.0,1,66542.0,1,66543.0,0,66544.0,0,66544.0,0,66544.0,1,66544.0,1,66545.0,1,66546.0,0,66547.0,0,66547.0,0,66547.0
717,8371133_4_ld3,1,66547.0,1,66548.0,1,66549.0,0,66550.0,0,66550.0,0,66550.0,1,66550.0,0,66551.0,1,66551.0,0,66552.0,0,66552.0,0,66552.0,1,66552.0,0,66553.0,1,66553.0,0,66554.0,0,66554.0,0,66554.0,1,66554.0,1,66555.0,1,66556.0,0,66557.0,0,66557.0,0,66557.0,1,66557.0,1,66558.0,1,66559.0,0,66560.0,0,66560.0,0,66560.0
718,6726707_8_ld1,1,66560.0,1,66561.0,1,66562.0,0,66563.0,0,66563.0,0,66563.0,1,66563.0,0,66564.0,1,66564.0,0,66565.0,0,66565.0,0,66565.0,1,66565.0,0,66566.0,1,66566.0,0,66567.0,0,66567.0,0,66567.0,1,66567.0,1,66568.0,1,66569.0,0,66570.0,0,66570.0,0,66570.0,1,66570.0,1,66571.0,1,66572.0,0,66573.0,0,66573.0,0,66573.0
719,7373440_3_ld1,2,66573.0,2,66575.0,2,66577.0,0,66579.0,0,66579.0,0,66579.0,2,66579.0,0,66581.0,2,66581.0,0,66583.0,0,66583.0,0,66583.0,2,66583.0,0,66585.0,2,66585.0,0,66587.0,0,66587.0,0,66587.0,2,66587.0,2,66589.0,2,66591.0,0,66593.0,0,66593.0,0,66593.0,2,66593.0,2,66595.0,2,66597.0,0,66599.0,0,66599.0,0,66599.0
720,8395898_6_ld3,2,66599.0,2,66601.0,2,66603.0,0,66605.0,0,66605.0,0,66605.0,2,66605.0,0,66607.0,2,66607.0,0,66609.0,0,66609.0,0,66609.0,2,66609.0,0,66611.0,2,66611.0,0,66613.0,0,66613.0,0,66613.0,2,66613.0,2,66615.0,2,66617.0,0,66619.0,0,66619.0,0,66619.0,2,66619.0,2,66621.0,2,66623.0,0,66625.0,0,66625.0,0,66625.0
721,7360003_18_ld1,2,66625.0,2,66627.0,2,66629.0,0,66631.0,0,66631.0,0,66631.0,2,66631.0,0,66633.0,2,66633.0,0,66635.0,0,66635.0,0,66635.0,2,66635.0,0,66637.0,2,66637.0,0,66639.0,0,66639.0,0,66639.0,2,66639.0,2,66641.0,2,66643.0,0,66645.0,0,66645.0,0,66645.0,2,66645.0,2,66647.0,2,66649.0,0,66651.0,0,66651.0,0,66651.0
722,7373608_19_ld3,2,66651.0,2,66653.0,2,66655.0,0,66657.0,0,66657.0,0,66657.0,2,66657.0,0,66659.0,2,66659.0,0,66661.0,0,66661.0,0,66661.0,2,66661.0,0,66663.0,2,66663.0,0,66665.0,0,66665.0,0,66665.0,2,66665.0,2,66667.0,2,66669.0,0,66671.0,0,66671.0,0,66671.0,2,66671.0,2,66673.0,2,66675.0,0,66677.0,0,66677.0,0,66677.0
723,7361803_20_ld1,2,66677.0,2,66679.0,2,66681.0,0,66683.0,0,66683.0,0,66683.0,2,66683.0,0,66685.0,2,66685.0,0,66687.0,0,66687.0,0,66687.0,2,66687.0,0,66689.0,2,66689.0,0,66691.0,0,66691.0,0,66691.0,2,66691.0,2,66693.0,2,66695.0,0,66697.0,0,66697.0,0,66697.0,2,66697.0,2,66699.0,2,66701.0,0,66703.0,0,66703.0,0,66703.0
724,7365597_5_ld1,5,66703.0,5,66708.0,5,66713.0,0,66718.0,0,66718.0,0,66718.0,5,66718.0,0,66723.0,5,66723.0,0,66728.0,0,66728.0,0,66728.0,5,66728.0,0,66733.0,5,66733.0,0,66738.0,0,66738.0,0,66738.0,5,66738.0,5,66743.0,5,66748.0,0,66753.0,0,66753.0,0,66753.0,5,66753.0,5,66758.0,5,66763.0,0,66768.0,0,66768.0,0,66768.0
725,6369281_7_hdt,1,66768.0,1,66769.0,1,66770.0,0,66771.0,0,66771.0,0,66771.0,1,66771.0,0,66772.0,1,66772.0,0,66773.0,0,66773.0,0,66773.0,1,66773.0,0,66774.0,1,66774.0,0,66775.0,0,66775.0,0,66775.0,1,66775.0,1,66776.0,1,66777.0,0,66778.0,0,66778.0,0,66778.0,1,66778.0,1,66779.0,1,66780.0,0,66781.0,0,66781.0,0,66781.0
726,7363266_19_ld3,3,66781.0,3,66784.0,3,66787.0,0,66790.0,0,66790.0,0,66790.0,3,66790.0,0,66793.0,3,66793.0,0,66796.0,0,66796.0,0,66796.0,3,66796.0,0,66799.0,3,66799.0,0,66802.0,0,66802.0,0,66802.0,3,66802.0,3,66805.0,3,66808.0,0,66811.0,0,66811.0,0,66811.0,3,66811.0,3,66814.0,3,66817.0,0,66820.0,0,66820.0,0,66820.0
727,7366620_43_ld1,2,66820.0,2,66822.0,2,66824.0,0,66826.0,0,66826.0,0,66826.0,2,66826.0,0,66828.0,2,66828.0,0,66830.0,0,66830.0,0,66830.0,2,66830.0,0,66832.0,2,66832.0,0,66834.0,0,66834.0,0,66834.0,2,66834.0,2,66836.0,2,66838.0,0,66840.0,0,66840.0,0,66840.0,2,66840.0,2,66842.0,2,66844.0,0,66846.0,0,66846.0,0,66846.0
728,7362109_14_ld1,1,66846.0,1,66847.0,1,66848.0,0,66849.0,0,66849.0,0,66849.0,1,66849.0,0,66850.0,1,66850.0,0,66851.0,0,66851.0,0,66851.0,1,66851.0,0,66852.0,1,66852.0,0,66853.0,0,66853.0,0,66853.0,1,66853.0,1,66854.0,1,66855.0,0,66856.0,0,66856.0,0,66856.0,1,66856.0,1,66857.0,1,66858.0,0,66859.0,0,66859.0,0,66859.0
729,7365038_9_ld3,4,66859.0,4,66863.0,4,66867.0,0,66871.0,0,66871.0,0,66871.0,4,66871.0,0,66875.0,4,66875.0,0,66879.0,0,66879.0,0,66879.0,4,66879.0,0,66883.0,4,66883.0,0,66887.0,0,66887.0,0,66887.0,4,66887.0,4,66891.0,4,66895.0,0,66899.0,0,66899.0,0,66899.0,4,66899.0,4,66903.0,4,66907.0,0,66911.0,0,66911.0,0,66911.0
730,7361802_16_hdt,1,66911.0,1,66912.0,1,66913.0,0,66914.0,0,66914.0,0,66914.0,1,66914.0,0,66915.0,1,66915.0,0,66916.0,0,66916.0,0,66916.0,1,66916.0,0,66917.0,1,66917.0,0,66918.0,0,66918.0,0,66918.0,1,66918.0,1,66919.0,1,66920.0,0,66921.0,0,66921.0,0,66921.0,1,66921.0,1,66922.0,1,66923.0,0,66924.0,0,66924.0,0,66924.0
731,7370550_4_ld3,2,66924.0,2,66926.0,2,66928.0,0,66930.0,0,66930.0,0,66930.0,2,66930.0,0,66932.0,2,66932.0,0,66934.0,0,66934.0,0,66934.0,2,66934.0,0,66936.0,2,66936.0,0,66938.0,0,66938.0,0,66938.0,2,66938.0,2,66940.0,2,66942.0,0,66944.0,0,66944.0,0,66944.0,2,66944.0,2,66946.0,2,66948.0,0,66950.0,0,66950.0,0,66950.0
732,7370550_15_mdv,1,66950.0,1,66951.0,1,66952.0,0,66953.0,0,66953.0,0,66953.0,1,66953.0,0,66954.0,1,66954.0,0,66955.0,0,66955.0,0,66955.0,1,66955.0,0,66956.0,1,66956.0,0,66957.0,0,66957.0,0,66957.0,1,66957.0,1,66958.0,1,66959.0,0,66960.0,0,66960.0,0,66960.0,1,66960.0,1,66961.0,1,66962.0,0,66963.0,0,66963.0,0,66963.0
733,7367226_9_ld3,1,66963.0,1,66964.0,1,66965.0,0,66966.0,0,66966.0,0,66966.0,1,66966.0,0,66967.0,1,66967.0,0,66968.0,0,66968.0,0,66968.0,1,66968.0,0,66969.0,1,66969.0,0,66970.0,0,66970.0,0,66970.0,1,66970.0,1,66971.0,1,66972.0,0,66973.0,0,66973.0,0,66973.0,1,66973.0,1,66974.0,1,66975.0,0,66976.0,0,66976.0,0,66976.0
734,7367415_2_hdv,1,66976.0,1,66977.0,1,66978.0,0,66979.0,0,66979.0,0,66979.0,1,66979.0,0,66980.0,1,66980.0,0,66981.0,0,66981.0,0,66981.0,1,66981.0,0,66982.0,1,66982.0,0,66983.0,0,66983.0,0,66983.0,1,66983.0,1,66984.0,1,66985.0,0,66986.0,0,66986.0,0,66986.0,1,66986.0,1,66987.0,1,66988.0,0,66989.0,0,66989.0,0,66989.0
735,6036683_2_hdt,7,66989.0,7,66996.0,7,67003.0,0,67010.0,0,67010.0,0,67010.0,7,67010.0,0,67017.0,7,67017.0,0,67024.0,0,67024.0,0,67024.0,7,67024.0,0,67031.0,7,67031.0,0,67038.0,0,67038.0,0,67038.0,7,67038.0,7,67045.0,7,67052.0,0,67059.0,0,67059.0,0,67059.0,7,67059.0,7,67066.0,7,67073.0,0,67080.0,0,67080.0,0,67080.0
736,7330913_11_ld3,1,67080.0,1,67081.0,1,67082.0,0,67083.0,0,67083.0,0,67083.0,1,67083.0,0,67084.0,1,67084.0,0,67085.0,0,67085.0,0,67085.0,1,67085.0,0,67086.0,1,67086.0,0,67087.0,0,67087.0,0,67087.0,1,67087.0,1,67088.0,1,67089.0,0,67090.0,0,67090.0,0,67090.0,1,67090.0,1,67091.0,1,67092.0,0,67093.0,0,67093.0,0,67093.0
737,6375895_2_hdt,1,67093.0,1,67094.0,1,67095.0,0,67096.0,0,67096.0,0,67096.0,1,67096.0,0,67097.0,1,67097.0,0,67098.0,0,67098.0,0,67098.0,1,67098.0,0,67099.0,1,67099.0,0,67100.0,0,67100.0,0,67100.0,1,67100.0,1,67101.0,1,67102.0,0,67103.0,0,67103.0,0,67103.0,1,67103.0,1,67104.0,1,67105.0,0,67106.0,0,67106.0,0,67106.0
738,7367225_14_ld3,1,67106.0,1,67107.0,1,67108.0,0,67109.0,0,67109.0,0,67109.0,1,67109.0,0,67110.0,1,67110.0,0,67111.0,0,67111.0,0,67111.0,1,67111.0,0,67112.0,1,67112.0,0,67113.0,0,67113.0,0,67113.0,1,67113.0,1,67114.0,1,67115.0,0,67116.0,0,67116.0,0,67116.0,1,67116.0,1,67117.0,1,67118.0,0,67119.0,0,67119.0,0,67119.0
739,4959461_3_hdt,1,67119.0,1,67120.0,1,67121.0,0,67122.0,0,67122.0,0,67122.0,1,67122.0,0,67123.0,1,67123.0,0,67124.0,0,67124.0,0,67124.0,1,67124.0,0,67125.0,1,67125.0,0,67126.0,0,67126.0,0,67126.0,1,67126.0,1,67127.0,1,67128.0,0,67129.0,0,67129.0,0,67129.0,1,67129.0,1,67130.0,1,67131.0,0,67132.0,0,67132.0,0,67132.0
740,932544_4_hdt,1,67132.0,1,67133.0,1,67134.0,0,67135.0,0,67135.0,0,67135.0,1,67135.0,0,67136.0,1,67136.0,0,67137.0,0,67137.0,0,67137.0,1,67137.0,0,67138.0,1,67138.0,0,67139.0,0,67139.0,0,67139.0,1,67139.0,1,67140.0,1,67141.0,0,67142.0,0,67142.0,0,67142.0,1,67142.0,1,67143.0,1,67144.0,0,67145.0,0,67145.0,0,67145.0
741,8307055_8_ld1,2,67145.0,2,67147.0,2,67149.0,0,67151.0,0,67151.0,0,67151.0,2,67151.0,0,67153.0,2,67153.0,0,67155.0,0,67155.0,0,67155.0,2,67155.0,0,67157.0,2,67157.0,0,67159.0,0,67159.0,0,67159.0,2,67159.0,2,67161.0,2,67163.0,0,67165.0,0,67165.0,0,67165.0,2,67165.0,2,67167.0,2,67169.0,0,67171.0,0,67171.0,0,67171.0
742,7327860_8_ld3,1,67171.0,1,67172.0,1,67173.0,0,67174.0,0,67174.0,0,67174.0,1,67174.0,0,67175.0,1,67175.0,0,67176.0,0,67176.0,0,67176.0,1,67176.0,0,67177.0,1,67177.0,0,67178.0,0,67178.0,0,67178.0,1,67178.0,1,67179.0,1,67180.0,0,67181.0,0,67181.0,0,67181.0,1,67181.0,1,67182.0,1,67183.0,0,67184.0,0,67184.0,0,67184.0
743,7361949_18_ld1,1,67184.0,1,67185.0,1,67186.0,0,67187.0,0,67187.0,0,67187.0,1,67187.0,0,67188.0,1,67188.0,0,67189.0,0,67189.0,0,67189.0,1,67189.0,0,67190.0,1,67190.0,0,67191.0,0,67191.0,0,67191.0,1,67191.0,1,67192.0,1,67193.0,0,67194.0,0,67194.0,0,67194.0,1,67194.0,1,67195.0,1,67196.0,0,67197.0,0,67197.0,0,67197.0
744,6440369_1_hdt,1,67197.0,1,67198.0,1,67199.0,0,67200.0,0,67200.0,0,67200.0,1,67200.0,0,67201.0,1,67201.0,0,67202.0,0,67202.0,0,67202.0,1,67202.0,0,67203.0,1,67203.0,0,67204.0,0,67204.0,0,67204.0,1,67204.0,1,67205.0,1,67206.0,0,67207.0,0,67207.0,0,67207.0,1,67207.0,1,67208.0,1,67209.0,0,67210.0,0,67210.0,0,67210.0
745,7373894_4_ld3,3,67210.0,3,67213.0,3,67216.0,0,67219.0,0,67219.0,0,67219.0,3,67219.0,0,67222.0,3,67222.0,0,67225.0,0,67225.0,0,67225.0,3,67225.0,0,67228.0,3,67228.0,0,67231.0,0,67231.0,0,67231.0,3,67231.0,3,67234.0,3,67237.0,0,67240.0,0,67240.0,0,67240.0,3,67240.0,3,67243.0,3,67246.0,0,67249.0,0,67249.0,0,67249.0
746,7374212_23_ld1,2,67249.0,2,67251.0,2,67253.0,0,67255.0,0,67255.0,0,67255.0,2,67255.0,0,67257.0,2,67257.0,0,67259.0,0,67259.0,0,67259.0,2,67259.0,0,67261.0,2,67261.0,0,67263.0,0,67263.0,0,67263.0,2,67263.0,2,67265.0,2,67267.0,0,67269.0,0,67269.0,0,67269.0,2,67269.0,2,67271.0,2,67273.0,0,67275.0,0,67275.0,0,67275.0
747,7366620_38_ld1,8,67275.0,8,67283.0,8,67291.0,0,67299.0,0,67299.0,0,67299.0,8,67299.0,0,67307.0,8,67307.0,0,67315.0,0,67315.0,0,67315.0,8,67315.0,0,67323.0,8,67323.0,0,67331.0,0,67331.0,0,67331.0,8,67331.0,8,67339.0,8,67347.0,0,67355.0,0,67355.0,0,67355.0,8,67355.0,8,67363.0,8,67371.0,0,67379.0,0,67379.0,0,67379.0
748,7366364_15_mdv,1,67379.0,1,67380.0,1,67381.0,0,67382.0,0,67382.0,0,67382.0,1,67382.0,0,67383.0,1,67383.0,0,67384.0,0,67384.0,0,67384.0,1,67384.0,0,67385.0,1,67385.0,0,67386.0,0,67386.0,0,67386.0,1,67386.0,1,67387.0,1,67388.0,0,67389.0,0,67389.0,0,67389.0,1,67389.0,1,67390.0,1,67391.0,0,67392.0,0,67392.0,0,67392.0
749,7367415_9_ld3,3,67392.0,3,67395.0,3,67398.0,0,67401.0,0,67401.0,0,67401.0,3,67401.0,0,67404.0,3,67404.0,0,67407.0,0,67407.0,0,67407.0,3,67407.0,0,67410.0,3,67410.0,0,67413.0,0,67413.0,0,67413.0,3,67413.0,3,67416.0,3,67419.0,0,67422.0,0,67422.0,0,67422.0,3,67422.0,3,67425.0,3,67428.0,0,67431.0,0,67431.0,0,67431.0
750,7367226_11_hdt,2,67431.0,2,67433.0,2,67435.0,0,67437.0,0,67437.0,0,67437.0,2,67437.0,0,67439.0,2,67439.0,0,67441.0,0,67441.0,0,67441.0,2,67441.0,0,67443.0,2,67443.0,0,67445.0,0,67445.0,0,67445.0,2,67445.0,2,67447.0,2,67449.0,0,67451.0,0,67451.0,0,67451.0,2,67451.0,2,67453.0,2,67455.0,0,67457.0,0,67457.0,0,67457.0
751,7367763_13_ld1,1,67457.0,1,67458.0,1,67459.0,0,67460.0,0,67460.0,0,67460.0,1,67460.0,0,67461.0,1,67461.0,0,67462.0,0,67462.0,0,67462.0,1,67462.0,0,67463.0,1,67463.0,0,67464.0,0,67464.0,0,67464.0,1,67464.0,1,67465.0,1,67466.0,0,67467.0,0,67467.0,0,67467.0,1,67467.0,1,67468.0,1,67469.0,0,67470.0,0,67470.0,0,67470.0
752,7186306_11_ld1,2,67470.0,2,67472.0,2,67474.0,0,67476.0,0,67476.0,0,67476.0,2,67476.0,0,67478.0,2,67478.0,0,67480.0,0,67480.0,0,67480.0,2,67480.0,0,67482.0,2,67482.0,0,67484.0,0,67484.0,0,67484.0,2,67484.0,2,67486.0,2,67488.0,0,67490.0,0,67490.0,0,67490.0,2,67490.0,2,67492.0,2,67494.0,0,67496.0,0,67496.0,0,67496.0
753,7194683_18_ld1,1,67496.0,1,67497.0,1,67498.0,0,67499.0,0,67499.0,0,67499.0,1,67499.0,0,67500.0,1,67500.0,0,67501.0,0,67501.0,0,67501.0,1,67501.0,0,67502.0,1,67502.0,0,67503.0,0,67503.0,0,67503.0,1,67503.0,1,67504.0,1,67505.0,0,67506.0,0,67506.0,0,67506.0,1,67506.0,1,67507.0,1,67508.0,0,67509.0,0,67509.0,0,67509.0
754,7365629_4_ld3,2,67509.0,2,67511.0,2,67513.0,0,67515.0,0,67515.0,0,67515.0,2,67515.0,0,67517.0,2,67517.0,0,67519.0,0,67519.0,0,67519.0,2,67519.0,0,67521.0,2,67521.0,0,67523.0,0,67523.0,0,67523.0,2,67523.0,2,67525.0,2,67527.0,0,67529.0,0,67529.0,0,67529.0,2,67529.0,2,67531.0,2,67533.0,0,67535.0,0,67535.0,0,67535.0
755,7371740_8_ld1,2,67535.0,2,67537.0,2,67539.0,0,67541.0,0,67541.0,0,67541.0,2,67541.0,0,67543.0,2,67543.0,0,67545.0,0,67545.0,0,67545.0,2,67545.0,0,67547.0,2,67547.0,0,67549.0,0,67549.0,0,67549.0,2,67549.0,2,67551.0,2,67553.0,0,67555.0,0,67555.0,0,67555.0,2,67555.0,2,67557.0,2,67559.0,0,67561.0,0,67561.0,0,67561.0
756,7367265_5_ld1,2,67561.0,2,67563.0,2,67565.0,0,67567.0,0,67567.0,0,67567.0,2,67567.0,0,67569.0,2,67569.0,0,67571.0,0,67571.0,0,67571.0,2,67571.0,0,67573.0,2,67573.0,0,67575.0,0,67575.0,0,67575.0,2,67575.0,2,67577.0,2,67579.0,0,67581.0,0,67581.0,0,67581.0,2,67581.0,2,67583.0,2,67585.0,0,67587.0,0,67587.0,0,67587.0
757,6376339_1_hdt,1,67587.0,1,67588.0,1,67589.0,0,67590.0,0,67590.0,0,67590.0,1,67590.0,0,67591.0,1,67591.0,0,67592.0,0,67592.0,0,67592.0,1,67592.0,0,67593.0,1,67593.0,0,67594.0,0,67594.0,0,67594.0,1,67594.0,1,67595.0,1,67596.0,0,67597.0,0,67597.0,0,67597.0,1,67597.0,1,67598.0,1,67599.0,0,67600.0,0,67600.0,0,67600.0
758,7365629_3_ld1,8,67600.0,8,67608.0,8,67616.0,0,67624.0,0,67624.0,0,67624.0,8,67624.0,0,67632.0,8,67632.0,0,67640.0,0,67640.0,0,67640.0,8,67640.0,0,67648.0,8,67648.0,0,67656.0,0,67656.0,0,67656.0,8,67656.0,8,67664.0,8,67672.0,0,67680.0,0,67680.0,0,67680.0,8,67680.0,8,67688.0,8,67696.0,0,67704.0,0,67704.0,0,67704.0
759,7364691_4_ld3,4,67704.0,4,67708.0,4,67712.0,0,67716.0,0,67716.0,0,67716.0,4,67716.0,0,67720.0,4,67720.0,0,67724.0,0,67724.0,0,67724.0,4,67724.0,0,67728.0,4,67728.0,0,67732.0,0,67732.0,0,67732.0,4,67732.0,4,67736.0,4,67740.0,0,67744.0,0,67744.0,0,67744.0,4,67744.0,4,67748.0,4,67752.0,0,67756.0,0,67756.0,0,67756.0
760,7367415_10_mdv,1,67756.0,1,67757.0,1,67758.0,0,67759.0,0,67759.0,0,67759.0,1,67759.0,0,67760.0,1,67760.0,0,67761.0,0,67761.0,0,67761.0,1,67761.0,0,67762.0,1,67762.0,0,67763.0,0,67763.0,0,67763.0,1,67763.0,1,67764.0,1,67765.0,0,67766.0,0,67766.0,0,67766.0,1,67766.0,1,67767.0,1,67768.0,0,67769.0,0,67769.0,0,67769.0
761,6293773_10_ld1,3,67769.0,3,67772.0,3,67775.0,0,67778.0,0,67778.0,0,67778.0,3,67778.0,0,67781.0,3,67781.0,0,67784.0,0,67784.0,0,67784.0,3,67784.0,0,67787.0,3,67787.0,0,67790.0,0,67790.0,0,67790.0,3,67790.0,3,67793.0,3,67796.0,0,67799.0,0,67799.0,0,67799.0,3,67799.0,3,67802.0,3,67805.0,0,67808.0,0,67808.0,0,67808.0
762,7369170_34_ld3,1,67808.0,1,67809.0,1,67810.0,0,67811.0,0,67811.0,0,67811.0,1,67811.0,0,67812.0,1,67812.0,0,67813.0,0,67813.0,0,67813.0,1,67813.0,0,67814.0,1,67814.0,0,67815.0,0,67815.0,0,67815.0,1,67815.0,1,67816.0,1,67817.0,0,67818.0,0,67818.0,0,67818.0,1,67818.0,1,67819.0,1,67820.0,0,67821.0,0,67821.0,0,67821.0
763,6308300_2_hdt,1,67821.0,1,67822.0,1,67823.0,0,67824.0,0,67824.0,0,67824.0,1,67824.0,0,67825.0,1,67825.0,0,67826.0,0,67826.0,0,67826.0,1,67826.0,0,67827.0,1,67827.0,0,67828.0,0,67828.0,0,67828.0,1,67828.0,1,67829.0,1,67830.0,0,67831.0,0,67831.0,0,67831.0,1,67831.0,1,67832.0,1,67833.0,0,67834.0,0,67834.0,0,67834.0
764,7358961_8_ld1,5,67834.0,5,67839.0,5,67844.0,0,67849.0,0,67849.0,0,67849.0,5,67849.0,0,67854.0,5,67854.0,0,67859.0,0,67859.0,0,67859.0,5,67859.0,0,67864.0,5,67864.0,0,67869.0,0,67869.0,0,67869.0,5,67869.0,5,67874.0,5,67879.0,0,67884.0,0,67884.0,0,67884.0,5,67884.0,5,67889.0,5,67894.0,0,67899.0,0,67899.0,0,67899.0
765,7192983_31_hdt,5,67899.0,5,67904.0,5,67909.0,0,67914.0,0,67914.0,0,67914.0,5,67914.0,0,67919.0,5,67919.0,0,67924.0,0,67924.0,0,67924.0,5,67924.0,0,67929.0,5,67929.0,0,67934.0,0,67934.0,0,67934.0,5,67934.0,5,67939.0,5,67944.0,0,67949.0,0,67949.0,0,67949.0,5,67949.0,5,67954.0,5,67959.0,0,67964.0,0,67964.0,0,67964.0
766,7194106_10_mdv,1,67964.0,1,67965.0,1,67966.0,0,67967.0,0,67967.0,0,67967.0,1,67967.0,0,67968.0,1,67968.0,0,67969.0,0,67969.0,0,67969.0,1,67969.0,0,67970.0,1,67970.0,0,67971.0,0,67971.0,0,67971.0,1,67971.0,1,67972.0,1,67973.0,0,67974.0,0,67974.0,0,67974.0,1,67974.0,1,67975.0,1,67976.0,0,67977.0,0,67977.0,0,67977.0
767,6069112_2_hdt,4,67977.0,4,67981.0,4,67985.0,0,67989.0,0,67989.0,0,67989.0,4,67989.0,0,67993.0,4,67993.0,0,67997.0,0,67997.0,0,67997.0,4,67997.0,0,68001.0,4,68001.0,0,68005.0,0,68005.0,0,68005.0,4,68005.0,4,68009.0,4,68013.0,0,68017.0,0,68017.0,0,68017.0,4,68017.0,4,68021.0,4,68025.0,0,68029.0,0,68029.0,0,68029.0
768,7331092_19_ld3,2,68029.0,2,68031.0,2,68033.0,0,68035.0,0,68035.0,0,68035.0,2,68035.0,0,68037.0,2,68037.0,0,68039.0,0,68039.0,0,68039.0,2,68039.0,0,68041.0,2,68041.0,0,68043.0,0,68043.0,0,68043.0,2,68043.0,2,68045.0,2,68047.0,0,68049.0,0,68049.0,0,68049.0,2,68049.0,2,68051.0,2,68053.0,0,68055.0,0,68055.0,0,68055.0
769,8390227_14_ld1,3,68055.0,3,68058.0,3,68061.0,0,68064.0,0,68064.0,0,68064.0,3,68064.0,0,68067.0,3,68067.0,0,68070.0,0,68070.0,0,68070.0,3,68070.0,0,68073.0,3,68073.0,0,68076.0,0,68076.0,0,68076.0,3,68076.0,3,68079.0,3,68082.0,0,68085.0,0,68085.0,0,68085.0,3,68085.0,3,68088.0,3,68091.0,0,68094.0,0,68094.0,0,68094.0
770,7370550_14_ld3,3,68094.0,3,68097.0,3,68100.0,0,68103.0,0,68103.0,0,68103.0,3,68103.0,0,68106.0,3,68106.0,0,68109.0,0,68109.0,0,68109.0,3,68109.0,0,68112.0,3,68112.0,0,68115.0,0,68115.0,0,68115.0,3,68115.0,3,68118.0,3,68121.0,0,68124.0,0,68124.0,0,68124.0,3,68124.0,3,68127.0,3,68130.0,0,68133.0,0,68133.0,0,68133.0
771,7366738_3_ld1,1,68133.0,1,68134.0,1,68135.0,0,68136.0,0,68136.0,0,68136.0,1,68136.0,0,68137.0,1,68137.0,0,68138.0,0,68138.0,0,68138.0,1,68138.0,0,68139.0,1,68139.0,0,68140.0,0,68140.0,0,68140.0,1,68140.0,1,68141.0,1,68142.0,0,68143.0,0,68143.0,0,68143.0,1,68143.0,1,68144.0,1,68145.0,0,68146.0,0,68146.0,0,68146.0
772,7367265_3_mdv,7,68146.0,7,68153.0,7,68160.0,0,68167.0,0,68167.0,0,68167.0,7,68167.0,0,68174.0,7,68174.0,0,68181.0,0,68181.0,0,68181.0,7,68181.0,0,68188.0,7,68188.0,0,68195.0,0,68195.0,0,68195.0,7,68195.0,7,68202.0,7,68209.0,0,68216.0,0,68216.0,0,68216.0,7,68216.0,7,68223.0,7,68230.0,0,68237.0,0,68237.0,0,68237.0
773,7366389_4_ld3,1,68237.0,1,68238.0,1,68239.0,0,68240.0,0,68240.0,0,68240.0,1,68240.0,0,68241.0,1,68241.0,0,68242.0,0,68242.0,0,68242.0,1,68242.0,0,68243.0,1,68243.0,0,68244.0,0,68244.0,0,68244.0,1,68244.0,1,68245.0,1,68246.0,0,68247.0,0,68247.0,0,68247.0,1,68247.0,1,68248.0,1,68249.0,0,68250.0,0,68250.0,0,68250.0
774,7364692_5_ld1,1,68250.0,1,68251.0,1,68252.0,0,68253.0,0,68253.0,0,68253.0,1,68253.0,0,68254.0,1,68254.0,0,68255.0,0,68255.0,0,68255.0,1,68255.0,0,68256.0,1,68256.0,0,68257.0,0,68257.0,0,68257.0,1,68257.0,1,68258.0,1,68259.0,0,68260.0,0,68260.0,0,68260.0,1,68260.0,1,68261.0,1,68262.0,0,68263.0,0,68263.0,0,68263.0
775,7366364_14_ld3,2,68263.0,2,68265.0,2,68267.0,0,68269.0,0,68269.0,0,68269.0,2,68269.0,0,68271.0,2,68271.0,0,68273.0,0,68273.0,0,68273.0,2,68273.0,0,68275.0,2,68275.0,0,68277.0,0,68277.0,0,68277.0,2,68277.0,2,68279.0,2,68281.0,0,68283.0,0,68283.0,0,68283.0,2,68283.0,2,68285.0,2,68287.0,0,68289.0,0,68289.0,0,68289.0
776,7365547_3_ld1,1,68289.0,1,68290.0,1,68291.0,0,68292.0,0,68292.0,0,68292.0,1,68292.0,0,68293.0,1,68293.0,0,68294.0,0,68294.0,0,68294.0,1,68294.0,0,68295.0,1,68295.0,0,68296.0,0,68296.0,0,68296.0,1,68296.0,1,68297.0,1,68298.0,0,68299.0,0,68299.0,0,68299.0,1,68299.0,1,68300.0,1,68301.0,0,68302.0,0,68302.0,0,68302.0
777,7365531_13_ld1,1,68302.0,1,68303.0,1,68304.0,0,68305.0,0,68305.0,0,68305.0,1,68305.0,0,68306.0,1,68306.0,0,68307.0,0,68307.0,0,68307.0,1,68307.0,0,68308.0,1,68308.0,0,68309.0,0,68309.0,0,68309.0,1,68309.0,1,68310.0,1,68311.0,0,68312.0,0,68312.0,0,68312.0,1,68312.0,1,68313.0,1,68314.0,0,68315.0,0,68315.0,0,68315.0
778,7364691_33_ld1,2,68315.0,2,68317.0,2,68319.0,0,68321.0,0,68321.0,0,68321.0,2,68321.0,0,68323.0,2,68323.0,0,68325.0,0,68325.0,0,68325.0,2,68325.0,0,68327.0,2,68327.0,0,68329.0,0,68329.0,0,68329.0,2,68329.0,2,68331.0,2,68333.0,0,68335.0,0,68335.0,0,68335.0,2,68335.0,2,68337.0,2,68339.0,0,68341.0,0,68341.0,0,68341.0
779,7365023_9_ld3,4,68341.0,4,68345.0,4,68349.0,0,68353.0,0,68353.0,0,68353.0,4,68353.0,0,68357.0,4,68357.0,0,68361.0,0,68361.0,0,68361.0,4,68361.0,0,68365.0,4,68365.0,0,68369.0,0,68369.0,0,68369.0,4,68369.0,4,68373.0,4,68377.0,0,68381.0,0,68381.0,0,68381.0,4,68381.0,4,68385.0,4,68389.0,0,68393.0,0,68393.0,0,68393.0
780,7370497_14_ld3,8,68393.0,8,68401.0,8,68409.0,0,68417.0,0,68417.0,0,68417.0,8,68417.0,0,68425.0,8,68425.0,0,68433.0,0,68433.0,0,68433.0,8,68433.0,0,68441.0,8,68441.0,0,68449.0,0,68449.0,0,68449.0,8,68449.0,8,68457.0,8,68465.0,0,68473.0,0,68473.0,0,68473.0,8,68473.0,8,68481.0,8,68489.0,0,68497.0,0,68497.0,0,68497.0
781,7363441_24_ld3,3,68497.0,3,68500.0,3,68503.0,0,68506.0,0,68506.0,0,68506.0,3,68506.0,0,68509.0,3,68509.0,0,68512.0,0,68512.0,0,68512.0,3,68512.0,0,68515.0,3,68515.0,0,68518.0,0,68518.0,0,68518.0,3,68518.0,3,68521.0,3,68524.0,0,68527.0,0,68527.0,0,68527.0,3,68527.0,3,68530.0,3,68533.0,0,68536.0,0,68536.0,0,68536.0
782,7366429_13_ld1,1,68536.0,1,68537.0,1,68538.0,0,68539.0,0,68539.0,0,68539.0,1,68539.0,0,68540.0,1,68540.0,0,68541.0,0,68541.0,0,68541.0,1,68541.0,0,68542.0,1,68542.0,0,68543.0,0,68543.0,0,68543.0,1,68543.0,1,68544.0,1,68545.0,0,68546.0,0,68546.0,0,68546.0,1,68546.0,1,68547.0,1,68548.0,0,68549.0,0,68549.0,0,68549.0
783,7370943_3_ld1,1,68549.0,1,68550.0,1,68551.0,0,68552.0,0,68552.0,0,68552.0,1,68552.0,0,68553.0,1,68553.0,0,68554.0,0,68554.0,0,68554.0,1,68554.0,0,68555.0,1,68555.0,0,68556.0,0,68556.0,0,68556.0,1,68556.0,1,68557.0,1,68558.0,0,68559.0,0,68559.0,0,68559.0,1,68559.0,1,68560.0,1,68561.0,0,68562.0,0,68562.0,0,68562.0
784,7370749_14_ld3,1,68562.0,1,68563.0,1,68564.0,0,68565.0,0,68565.0,0,68565.0,1,68565.0,0,68566.0,1,68566.0,0,68567.0,0,68567.0,0,68567.0,1,68567.0,0,68568.0,1,68568.0,0,68569.0,0,68569.0,0,68569.0,1,68569.0,1,68570.0,1,68571.0,0,68572.0,0,68572.0,0,68572.0,1,68572.0,1,68573.0,1,68574.0,0,68575.0,0,68575.0,0,68575.0
785,7365531_19_ld3,1,68575.0,1,68576.0,1,68577.0,0,68578.0,0,68578.0,0,68578.0,1,68578.0,0,68579.0,1,68579.0,0,68580.0,0,68580.0,0,68580.0,1,68580.0,0,68581.0,1,68581.0,0,68582.0,0,68582.0,0,68582.0,1,68582.0,1,68583.0,1,68584.0,0,68585.0,0,68585.0,0,68585.0,1,68585.0,1,68586.0,1,68587.0,0,68588.0,0,68588.0,0,68588.0
786,7365022_1_hdt,2,68588.0,2,68590.0,2,68592.0,0,68594.0,0,68594.0,0,68594.0,2,68594.0,0,68596.0,2,68596.0,0,68598.0,0,68598.0,0,68598.0,2,68598.0,0,68600.0,2,68600.0,0,68602.0,0,68602.0,0,68602.0,2,68602.0,2,68604.0,2,68606.0,0,68608.0,0,68608.0,0,68608.0,2,68608.0,2,68610.0,2,68612.0,0,68614.0,0,68614.0,0,68614.0
787,7365597_14_ld1,1,68614.0,1,68615.0,1,68616.0,0,68617.0,0,68617.0,0,68617.0,1,68617.0,0,68618.0,1,68618.0,0,68619.0,0,68619.0,0,68619.0,1,68619.0,0,68620.0,1,68620.0,0,68621.0,0,68621.0,0,68621.0,1,68621.0,1,68622.0,1,68623.0,0,68624.0,0,68624.0,0,68624.0,1,68624.0,1,68625.0,1,68626.0,0,68627.0,0,68627.0,0,68627.0
788,8394820_9_ld3,3,68627.0,3,68630.0,3,68633.0,0,68636.0,0,68636.0,0,68636.0,3,68636.0,0,68639.0,3,68639.0,0,68642.0,0,68642.0,0,68642.0,3,68642.0,0,68645.0,3,68645.0,0,68648.0,0,68648.0,0,68648.0,3,68648.0,3,68651.0,3,68654.0,0,68657.0,0,68657.0,0,68657.0,3,68657.0,3,68660.0,3,68663.0,0,68666.0,0,68666.0,0,68666.0
789,7366389_14_ld3,1,68666.0,1,68667.0,1,68668.0,0,68669.0,0,68669.0,0,68669.0,1,68669.0,0,68670.0,1,68670.0,0,68671.0,0,68671.0,0,68671.0,1,68671.0,0,68672.0,1,68672.0,0,68673.0,0,68673.0,0,68673.0,1,68673.0,1,68674.0,1,68675.0,0,68676.0,0,68676.0,0,68676.0,1,68676.0,1,68677.0,1,68678.0,0,68679.0,0,68679.0,0,68679.0
790,7366364_4_ld3,1,68679.0,1,68680.0,1,68681.0,0,68682.0,0,68682.0,0,68682.0,1,68682.0,0,68683.0,1,68683.0,0,68684.0,0,68684.0,0,68684.0,1,68684.0,0,68685.0,1,68685.0,0,68686.0,0,68686.0,0,68686.0,1,68686.0,1,68687.0,1,68688.0,0,68689.0,0,68689.0,0,68689.0,1,68689.0,1,68690.0,1,68691.0,0,68692.0,0,68692.0,0,68692.0
791,7367225_9_ld3,2,68692.0,2,68694.0,2,68696.0,0,68698.0,0,68698.0,0,68698.0,2,68698.0,0,68700.0,2,68700.0,0,68702.0,0,68702.0,0,68702.0,2,68702.0,0,68704.0,2,68704.0,0,68706.0,0,68706.0,0,68706.0,2,68706.0,2,68708.0,2,68710.0,0,68712.0,0,68712.0,0,68712.0,2,68712.0,2,68714.0,2,68716.0,0,68718.0,0,68718.0,0,68718.0
792,7365629_9_ld3,3,68718.0,3,68721.0,3,68724.0,0,68727.0,0,68727.0,0,68727.0,3,68727.0,0,68730.0,3,68730.0,0,68733.0,0,68733.0,0,68733.0,3,68733.0,0,68736.0,3,68736.0,0,68739.0,0,68739.0,0,68739.0,3,68739.0,3,68742.0,3,68745.0,0,68748.0,0,68748.0,0,68748.0,3,68748.0,3,68751.0,3,68754.0,0,68757.0,0,68757.0,0,68757.0
793,7366501_24_ld3,1,68757.0,1,68758.0,1,68759.0,0,68760.0,0,68760.0,0,68760.0,1,68760.0,0,68761.0,1,68761.0,0,68762.0,0,68762.0,0,68762.0,1,68762.0,0,68763.0,1,68763.0,0,68764.0,0,68764.0,0,68764.0,1,68764.0,1,68765.0,1,68766.0,0,68767.0,0,68767.0,0,68767.0,1,68767.0,1,68768.0,1,68769.0,0,68770.0,0,68770.0,0,68770.0
794,7365022_9_ld3,1,68770.0,1,68771.0,1,68772.0,0,68773.0,0,68773.0,0,68773.0,1,68773.0,0,68774.0,1,68774.0,0,68775.0,0,68775.0,0,68775.0,1,68775.0,0,68776.0,1,68776.0,0,68777.0,0,68777.0,0,68777.0,1,68777.0,1,68778.0,1,68779.0,0,68780.0,0,68780.0,0,68780.0,1,68780.0,1,68781.0,1,68782.0,0,68783.0,0,68783.0,0,68783.0
795,7367470_4_ld3,3,68783.0,3,68786.0,3,68789.0,0,68792.0,0,68792.0,0,68792.0,3,68792.0,0,68795.0,3,68795.0,0,68798.0,0,68798.0,0,68798.0,3,68798.0,0,68801.0,3,68801.0,0,68804.0,0,68804.0,0,68804.0,3,68804.0,3,68807.0,3,68810.0,0,68813.0,0,68813.0,0,68813.0,3,68813.0,3,68816.0,3,68819.0,0,68822.0,0,68822.0,0,68822.0
796,7370808_4_ld3,1,68822.0,1,68823.0,1,68824.0,0,68825.0,0,68825.0,0,68825.0,1,68825.0,0,68826.0,1,68826.0,0,68827.0,0,68827.0,0,68827.0,1,68827.0,0,68828.0,1,68828.0,0,68829.0,0,68829.0,0,68829.0,1,68829.0,1,68830.0,1,68831.0,0,68832.0,0,68832.0,0,68832.0,1,68832.0,1,68833.0,1,68834.0,0,68835.0,0,68835.0,0,68835.0
797,7365629_24_ld3,1,68835.0,1,68836.0,1,68837.0,0,68838.0,0,68838.0,0,68838.0,1,68838.0,0,68839.0,1,68839.0,0,68840.0,0,68840.0,0,68840.0,1,68840.0,0,68841.0,1,68841.0,0,68842.0,0,68842.0,0,68842.0,1,68842.0,1,68843.0,1,68844.0,0,68845.0,0,68845.0,0,68845.0,1,68845.0,1,68846.0,1,68847.0,0,68848.0,0,68848.0,0,68848.0
798,7366429_24_ld3,1,68848.0,1,68849.0,1,68850.0,0,68851.0,0,68851.0,0,68851.0,1,68851.0,0,68852.0,1,68852.0,0,68853.0,0,68853.0,0,68853.0,1,68853.0,0,68854.0,1,68854.0,0,68855.0,0,68855.0,0,68855.0,1,68855.0,1,68856.0,1,68857.0,0,68858.0,0,68858.0,0,68858.0,1,68858.0,1,68859.0,1,68860.0,0,68861.0,0,68861.0,0,68861.0
799,7370497_4_ld3,1,68861.0,1,68862.0,1,68863.0,0,68864.0,0,68864.0,0,68864.0,1,68864.0,0,68865.0,1,68865.0,0,68866.0,0,68866.0,0,68866.0,1,68866.0,0,68867.0,1,68867.0,0,68868.0,0,68868.0,0,68868.0,1,68868.0,1,68869.0,1,68870.0,0,68871.0,0,68871.0,0,68871.0,1,68871.0,1,68872.0,1,68873.0,0,68874.0,0,68874.0,0,68874.0
800,7366364_9_ld3,1,68874.0,1,68875.0,1,68876.0,0,68877.0,0,68877.0,0,68877.0,1,68877.0,0,68878.0,1,68878.0,0,68879.0,0,68879.0,0,68879.0,1,68879.0,0,68880.0,1,68880.0,0,68881.0,0,68881.0,0,68881.0,1,68881.0,1,68882.0,1,68883.0,0,68884.0,0,68884.0,0,68884.0,1,68884.0,1,68885.0,1,68886.0,0,68887.0,0,68887.0,0,68887.0
801,7365629_19_ld3,1,68887.0,1,68888.0,1,68889.0,0,68890.0,0,68890.0,0,68890.0,1,68890.0,0,68891.0,1,68891.0,0,68892.0,0,68892.0,0,68892.0,1,68892.0,0,68893.0,1,68893.0,0,68894.0,0,68894.0,0,68894.0,1,68894.0,1,68895.0,1,68896.0,0,68897.0,0,68897.0,0,68897.0,1,68897.0,1,68898.0,1,68899.0,0,68900.0,0,68900.0,0,68900.0
802,7366753_4_ld3,1,68900.0,1,68901.0,1,68902.0,0,68903.0,0,68903.0,0,68903.0,1,68903.0,0,68904.0,1,68904.0,0,68905.0,0,68905.0,0,68905.0,1,68905.0,0,68906.0,1,68906.0,0,68907.0,0,68907.0,0,68907.0,1,68907.0,1,68908.0,1,68909.0,0,68910.0,0,68910.0,0,68910.0,1,68910.0,1,68911.0,1,68912.0,0,68913.0,0,68913.0,0,68913.0
803,7370748_4_ld3,1,68913.0,1,68914.0,1,68915.0,0,68916.0,0,68916.0,0,68916.0,1,68916.0,0,68917.0,1,68917.0,0,68918.0,0,68918.0,0,68918.0,1,68918.0,0,68919.0,1,68919.0,0,68920.0,0,68920.0,0,68920.0,1,68920.0,1,68921.0,1,68922.0,0,68923.0,0,68923.0,0,68923.0,1,68923.0,1,68924.0,1,68925.0,0,68926.0,0,68926.0,0,68926.0
804,7366501_9_ld3,1,68926.0,1,68927.0,1,68928.0,0,68929.0,0,68929.0,0,68929.0,1,68929.0,0,68930.0,1,68930.0,0,68931.0,0,68931.0,0,68931.0,1,68931.0,0,68932.0,1,68932.0,0,68933.0,0,68933.0,0,68933.0,1,68933.0,1,68934.0,1,68935.0,0,68936.0,0,68936.0,0,68936.0,1,68936.0,1,68937.0,1,68938.0,0,68939.0,0,68939.0,0,68939.0
805,932699_1_hdt,1,68939.0,1,68940.0,1,68941.0,0,68942.0,0,68942.0,0,68942.0,1,68942.0,0,68943.0,1,68943.0,0,68944.0,0,68944.0,0,68944.0,1,68944.0,0,68945.0,1,68945.0,0,68946.0,0,68946.0,0,68946.0,1,68946.0,1,68947.0,1,68948.0,0,68949.0,0,68949.0,0,68949.0,1,68949.0,1,68950.0,1,68951.0,0,68952.0,0,68952.0,0,68952.0
806,6734315_4_ld3,2,68952.0,2,68954.0,2,68956.0,0,68958.0,0,68958.0,0,68958.0,2,68958.0,0,68960.0,2,68960.0,0,68962.0,0,68962.0,0,68962.0,2,68962.0,0,68964.0,2,68964.0,0,68966.0,0,68966.0,0,68966.0,2,68966.0,2,68968.0,2,68970.0,0,68972.0,0,68972.0,0,68972.0,2,68972.0,2,68974.0,2,68976.0,0,68978.0,0,68978.0,0,68978.0
807,6726337_3_ld1,1,68978.0,1,68979.0,1,68980.0,0,68981.0,0,68981.0,0,68981.0,1,68981.0,0,68982.0,1,68982.0,0,68983.0,0,68983.0,0,68983.0,1,68983.0,0,68984.0,1,68984.0,0,68985.0,0,68985.0,0,68985.0,1,68985.0,1,68986.0,1,68987.0,0,68988.0,0,68988.0,0,68988.0,1,68988.0,1,68989.0,1,68990.0,0,68991.0,0,68991.0,0,68991.0
808,6297494_7_hdt,2,68991.0,2,68993.0,2,68995.0,0,68997.0,0,68997.0,0,68997.0,2,68997.0,0,68999.0,2,68999.0,0,69001.0,0,69001.0,0,69001.0,2,69001.0,0,69003.0,2,69003.0,0,69005.0,0,69005.0,0,69005.0,2,69005.0,2,69007.0,2,69009.0,0,69011.0,0,69011.0,0,69011.0,2,69011.0,2,69013.0,2,69015.0,0,69017.0,0,69017.0,0,69017.0
809,7370688_9_ld3,3,69017.0,3,69020.0,3,69023.0,0,69026.0,0,69026.0,0,69026.0,3,69026.0,0,69029.0,3,69029.0,0,69032.0,0,69032.0,0,69032.0,3,69032.0,0,69035.0,3,69035.0,0,69038.0,0,69038.0,0,69038.0,3,69038.0,3,69041.0,3,69044.0,0,69047.0,0,69047.0,0,69047.0,3,69047.0,3,69050.0,3,69053.0,0,69056.0,0,69056.0,0,69056.0
810,6375896_2_hdt,1,69056.0,1,69057.0,1,69058.0,0,69059.0,0,69059.0,0,69059.0,1,69059.0,0,69060.0,1,69060.0,0,69061.0,0,69061.0,0,69061.0,1,69061.0,0,69062.0,1,69062.0,0,69063.0,0,69063.0,0,69063.0,1,69063.0,1,69064.0,1,69065.0,0,69066.0,0,69066.0,0,69066.0,1,69066.0,1,69067.0,1,69068.0,0,69069.0,0,69069.0,0,69069.0
811,7193662_23_ld1,1,69069.0,1,69070.0,1,69071.0,0,69072.0,0,69072.0,0,69072.0,1,69072.0,0,69073.0,1,69073.0,0,69074.0,0,69074.0,0,69074.0,1,69074.0,0,69075.0,1,69075.0,0,69076.0,0,69076.0,0,69076.0,1,69076.0,1,69077.0,1,69078.0,0,69079.0,0,69079.0,0,69079.0,1,69079.0,1,69080.0,1,69081.0,0,69082.0,0,69082.0,0,69082.0
812,6308187_1_hdt,1,69082.0,1,69083.0,1,69084.0,0,69085.0,0,69085.0,0,69085.0,1,69085.0,0,69086.0,1,69086.0,0,69087.0,0,69087.0,0,69087.0,1,69087.0,0,69088.0,1,69088.0,0,69089.0,0,69089.0,0,69089.0,1,69089.0,1,69090.0,1,69091.0,0,69092.0,0,69092.0,0,69092.0,1,69092.0,1,69093.0,1,69094.0,0,69095.0,0,69095.0,0,69095.0
813,7373894_11_hdt,1,69095.0,1,69096.0,1,69097.0,0,69098.0,0,69098.0,0,69098.0,1,69098.0,0,69099.0,1,69099.0,0,69100.0,0,69100.0,0,69100.0,1,69100.0,0,69101.0,1,69101.0,0,69102.0,0,69102.0,0,69102.0,1,69102.0,1,69103.0,1,69104.0,0,69105.0,0,69105.0,0,69105.0,1,69105.0,1,69106.0,1,69107.0,0,69108.0,0,69108.0,0,69108.0
814,7193733_3_ld1,1,69108.0,1,69109.0,1,69110.0,0,69111.0,0,69111.0,0,69111.0,1,69111.0,0,69112.0,1,69112.0,0,69113.0,0,69113.0,0,69113.0,1,69113.0,0,69114.0,1,69114.0,0,69115.0,0,69115.0,0,69115.0,1,69115.0,1,69116.0,1,69117.0,0,69118.0,0,69118.0,0,69118.0,1,69118.0,1,69119.0,1,69120.0,0,69121.0,0,69121.0,0,69121.0
815,7373068_35_ld1,1,69121.0,1,69122.0,1,69123.0,0,69124.0,0,69124.0,0,69124.0,1,69124.0,0,69125.0,1,69125.0,0,69126.0,0,69126.0,0,69126.0,1,69126.0,0,69127.0,1,69127.0,0,69128.0,0,69128.0,0,69128.0,1,69128.0,1,69129.0,1,69130.0,0,69131.0,0,69131.0,0,69131.0,1,69131.0,1,69132.0,1,69133.0,0,69134.0,0,69134.0,0,69134.0
816,6660476_1_hdt,5,69134.0,5,69139.0,5,69144.0,0,69149.0,0,69149.0,0,69149.0,5,69149.0,0,69154.0,5,69154.0,0,69159.0,0,69159.0,0,69159.0,5,69159.0,0,69164.0,5,69164.0,0,69169.0,0,69169.0,0,69169.0,5,69169.0,5,69174.0,5,69179.0,0,69184.0,0,69184.0,0,69184.0,5,69184.0,5,69189.0,5,69194.0,0,69199.0,0,69199.0,0,69199.0
817,6726337_2_hdv,1,69199.0,1,69200.0,1,69201.0,0,69202.0,0,69202.0,0,69202.0,1,69202.0,0,69203.0,1,69203.0,0,69204.0,0,69204.0,0,69204.0,1,69204.0,0,69205.0,1,69205.0,0,69206.0,0,69206.0,0,69206.0,1,69206.0,1,69207.0,1,69208.0,0,69209.0,0,69209.0,0,69209.0,1,69209.0,1,69210.0,1,69211.0,0,69212.0,0,69212.0,0,69212.0
818,8297064_1_hdt,4,69212.0,4,69216.0,4,69220.0,0,69224.0,0,69224.0,0,69224.0,4,69224.0,0,69228.0,4,69228.0,0,69232.0,0,69232.0,0,69232.0,4,69232.0,0,69236.0,4,69236.0,0,69240.0,0,69240.0,0,69240.0,4,69240.0,4,69244.0,4,69248.0,0,69252.0,0,69252.0,0,69252.0,4,69252.0,4,69256.0,4,69260.0,0,69264.0,0,69264.0,0,69264.0
819,7186535_6_ld1,1,69264.0,1,69265.0,1,69266.0,0,69267.0,0,69267.0,0,69267.0,1,69267.0,0,69268.0,1,69268.0,0,69269.0,0,69269.0,0,69269.0,1,69269.0,0,69270.0,1,69270.0,0,69271.0,0,69271.0,0,69271.0,1,69271.0,1,69272.0,1,69273.0,0,69274.0,0,69274.0,0,69274.0,1,69274.0,1,69275.0,1,69276.0,0,69277.0,0,69277.0,0,69277.0
820,7361108_27_mdv,3,69277.0,3,69280.0,3,69283.0,0,69286.0,0,69286.0,0,69286.0,3,69286.0,0,69289.0,3,69289.0,0,69292.0,0,69292.0,0,69292.0,3,69292.0,0,69295.0,3,69295.0,0,69298.0,0,69298.0,0,69298.0,3,69298.0,3,69301.0,3,69304.0,0,69307.0,0,69307.0,0,69307.0,3,69307.0,3,69310.0,3,69313.0,0,69316.0,0,69316.0,0,69316.0
821,8395057_14_ld3,20,69316.0,20,69336.0,20,69356.0,0,69376.0,0,69376.0,0,69376.0,20,69376.0,0,69396.0,20,69396.0,0,69416.0,0,69416.0,0,69416.0,20,69416.0,0,69436.0,20,69436.0,0,69456.0,0,69456.0,0,69456.0,20,69456.0,20,69476.0,20,69496.0,0,69516.0,0,69516.0,0,69516.0,20,69516.0,20,69536.0,20,69556.0,0,69576.0,0,69576.0,0,69576.0
822,8395045_7_hdv,2,69576.0,2,69578.0,2,69580.0,0,69582.0,0,69582.0,0,69582.0,2,69582.0,0,69584.0,2,69584.0,0,69586.0,0,69586.0,0,69586.0,2,69586.0,0,69588.0,2,69588.0,0,69590.0,0,69590.0,0,69590.0,2,69590.0,2,69592.0,2,69594.0,0,69596.0,0,69596.0,0,69596.0,2,69596.0,2,69598.0,2,69600.0,0,69602.0,0,69602.0,0,69602.0
823,8417436_9_ld1,1,69602.0,1,69603.0,1,69604.0,0,69605.0,0,69605.0,0,69605.0,1,69605.0,0,69606.0,1,69606.0,0,69607.0,0,69607.0,0,69607.0,1,69607.0,0,69608.0,1,69608.0,0,69609.0,0,69609.0,0,69609.0,1,69609.0,1,69610.0,1,69611.0,0,69612.0,0,69612.0,0,69612.0,1,69612.0,1,69613.0,1,69614.0,0,69615.0,0,69615.0,0,69615.0
824,6428695_3_hdt,2,69615.0,2,69617.0,2,69619.0,0,69621.0,0,69621.0,0,69621.0,2,69621.0,0,69623.0,2,69623.0,0,69625.0,0,69625.0,0,69625.0,2,69625.0,0,69627.0,2,69627.0,0,69629.0,0,69629.0,0,69629.0,2,69629.0,2,69631.0,2,69633.0,0,69635.0,0,69635.0,0,69635.0,2,69635.0,2,69637.0,2,69639.0,0,69641.0,0,69641.0,0,69641.0
825,7372274_4_ld3,1,69641.0,1,69642.0,1,69643.0,0,69644.0,0,69644.0,0,69644.0,1,69644.0,0,69645.0,1,69645.0,0,69646.0,0,69646.0,0,69646.0,1,69646.0,0,69647.0,1,69647.0,0,69648.0,0,69648.0,0,69648.0,1,69648.0,1,69649.0,1,69650.0,0,69651.0,0,69651.0,0,69651.0,1,69651.0,1,69652.0,1,69653.0,0,69654.0,0,69654.0,0,69654.0
826,6447158_58_ld1,1,69654.0,1,69655.0,1,69656.0,0,69657.0,0,69657.0,0,69657.0,1,69657.0,0,69658.0,1,69658.0,0,69659.0,0,69659.0,0,69659.0,1,69659.0,0,69660.0,1,69660.0,0,69661.0,0,69661.0,0,69661.0,1,69661.0,1,69662.0,1,69663.0,0,69664.0,0,69664.0,0,69664.0,1,69664.0,1,69665.0,1,69666.0,0,69667.0,0,69667.0,0,69667.0
827,6726386_4_ld3,1,69667.0,1,69668.0,1,69669.0,0,69670.0,0,69670.0,0,69670.0,1,69670.0,0,69671.0,1,69671.0,0,69672.0,0,69672.0,0,69672.0,1,69672.0,0,69673.0,1,69673.0,0,69674.0,0,69674.0,0,69674.0,1,69674.0,1,69675.0,1,69676.0,0,69677.0,0,69677.0,0,69677.0,1,69677.0,1,69678.0,1,69679.0,0,69680.0,0,69680.0,0,69680.0
828,7193733_23_ld1,1,69680.0,1,69681.0,1,69682.0,0,69683.0,0,69683.0,0,69683.0,1,69683.0,0,69684.0,1,69684.0,0,69685.0,0,69685.0,0,69685.0,1,69685.0,0,69686.0,1,69686.0,0,69687.0,0,69687.0,0,69687.0,1,69687.0,1,69688.0,1,69689.0,0,69690.0,0,69690.0,0,69690.0,1,69690.0,1,69691.0,1,69692.0,0,69693.0,0,69693.0,0,69693.0
829,6040459_1_hdt,1,69693.0,1,69694.0,1,69695.0,0,69696.0,0,69696.0,0,69696.0,1,69696.0,0,69697.0,1,69697.0,0,69698.0,0,69698.0,0,69698.0,1,69698.0,0,69699.0,1,69699.0,0,69700.0,0,69700.0,0,69700.0,1,69700.0,1,69701.0,1,69702.0,0,69703.0,0,69703.0,0,69703.0,1,69703.0,1,69704.0,1,69705.0,0,69706.0,0,69706.0,0,69706.0
830,7369840_10_mdv,1,69706.0,1,69707.0,1,69708.0,0,69709.0,0,69709.0,0,69709.0,1,69709.0,0,69710.0,1,69710.0,0,69711.0,0,69711.0,0,69711.0,1,69711.0,0,69712.0,1,69712.0,0,69713.0,0,69713.0,0,69713.0,1,69713.0,1,69714.0,1,69715.0,0,69716.0,0,69716.0,0,69716.0,1,69716.0,1,69717.0,1,69718.0,0,69719.0,0,69719.0,0,69719.0
831,7194071_9_ld3,2,69719.0,2,69721.0,2,69723.0,0,69725.0,0,69725.0,0,69725.0,2,69725.0,0,69727.0,2,69727.0,0,69729.0,0,69729.0,0,69729.0,2,69729.0,0,69731.0,2,69731.0,0,69733.0,0,69733.0,0,69733.0,2,69733.0,2,69735.0,2,69737.0,0,69739.0,0,69739.0,0,69739.0,2,69739.0,2,69741.0,2,69743.0,0,69745.0,0,69745.0,0,69745.0
832,7192982_8_ld1,1,69745.0,1,69746.0,1,69747.0,0,69748.0,0,69748.0,0,69748.0,1,69748.0,0,69749.0,1,69749.0,0,69750.0,0,69750.0,0,69750.0,1,69750.0,0,69751.0,1,69751.0,0,69752.0,0,69752.0,0,69752.0,1,69752.0,1,69753.0,1,69754.0,0,69755.0,0,69755.0,0,69755.0,1,69755.0,1,69756.0,1,69757.0,0,69758.0,0,69758.0,0,69758.0
833,6306701_2_hdt,2,69758.0,2,69760.0,2,69762.0,0,69764.0,0,69764.0,0,69764.0,2,69764.0,0,69766.0,2,69766.0,0,69768.0,0,69768.0,0,69768.0,2,69768.0,0,69770.0,2,69770.0,0,69772.0,0,69772.0,0,69772.0,2,69772.0,2,69774.0,2,69776.0,0,69778.0,0,69778.0,0,69778.0,2,69778.0,2,69780.0,2,69782.0,0,69784.0,0,69784.0,0,69784.0
834,2573225_1_hdt,1,69784.0,1,69785.0,1,69786.0,0,69787.0,0,69787.0,0,69787.0,1,69787.0,0,69788.0,1,69788.0,0,69789.0,0,69789.0,0,69789.0,1,69789.0,0,69790.0,1,69790.0,0,69791.0,0,69791.0,0,69791.0,1,69791.0,1,69792.0,1,69793.0,0,69794.0,0,69794.0,0,69794.0,1,69794.0,1,69795.0,1,69796.0,0,69797.0,0,69797.0,0,69797.0
835,54065_3_hdt,4,69797.0,4,69801.0,4,69805.0,0,69809.0,0,69809.0,0,69809.0,4,69809.0,0,69813.0,4,69813.0,0,69817.0,0,69817.0,0,69817.0,4,69817.0,0,69821.0,4,69821.0,0,69825.0,0,69825.0,0,69825.0,4,69825.0,4,69829.0,4,69833.0,0,69837.0,0,69837.0,0,69837.0,4,69837.0,4,69841.0,4,69845.0,0,69849.0,0,69849.0,0,69849.0
836,7190780_29_ld3,1,69849.0,1,69850.0,1,69851.0,0,69852.0,0,69852.0,0,69852.0,1,69852.0,0,69853.0,1,69853.0,0,69854.0,0,69854.0,0,69854.0,1,69854.0,0,69855.0,1,69855.0,0,69856.0,0,69856.0,0,69856.0,1,69856.0,1,69857.0,1,69858.0,0,69859.0,0,69859.0,0,69859.0,1,69859.0,1,69860.0,1,69861.0,0,69862.0,0,69862.0,0,69862.0
837,7373504_29_ld3,1,69862.0,1,69863.0,1,69864.0,0,69865.0,0,69865.0,0,69865.0,1,69865.0,0,69866.0,1,69866.0,0,69867.0,0,69867.0,0,69867.0,1,69867.0,0,69868.0,1,69868.0,0,69869.0,0,69869.0,0,69869.0,1,69869.0,1,69870.0,1,69871.0,0,69872.0,0,69872.0,0,69872.0,1,69872.0,1,69873.0,1,69874.0,0,69875.0,0,69875.0,0,69875.0
838,6734873_6_hdt,1,69875.0,1,69876.0,1,69877.0,0,69878.0,0,69878.0,0,69878.0,1,69878.0,0,69879.0,1,69879.0,0,69880.0,0,69880.0,0,69880.0,1,69880.0,0,69881.0,1,69881.0,0,69882.0,0,69882.0,0,69882.0,1,69882.0,1,69883.0,1,69884.0,0,69885.0,0,69885.0,0,69885.0,1,69885.0,1,69886.0,1,69887.0,0,69888.0,0,69888.0,0,69888.0
839,7369899_35_mdv,2,69888.0,2,69890.0,2,69892.0,0,69894.0,0,69894.0,0,69894.0,2,69894.0,0,69896.0,2,69896.0,0,69898.0,0,69898.0,0,69898.0,2,69898.0,0,69900.0,2,69900.0,0,69902.0,0,69902.0,0,69902.0,2,69902.0,2,69904.0,2,69906.0,0,69908.0,0,69908.0,0,69908.0,2,69908.0,2,69910.0,2,69912.0,0,69914.0,0,69914.0,0,69914.0
840,7361790_14_ld3,3,69914.0,3,69917.0,3,69920.0,0,69923.0,0,69923.0,0,69923.0,3,69923.0,0,69926.0,3,69926.0,0,69929.0,0,69929.0,0,69929.0,3,69929.0,0,69932.0,3,69932.0,0,69935.0,0,69935.0,0,69935.0,3,69935.0,3,69938.0,3,69941.0,0,69944.0,0,69944.0,0,69944.0,3,69944.0,3,69947.0,3,69950.0,0,69953.0,0,69953.0,0,69953.0
841,7361802_18_mdv,2,69953.0,2,69955.0,2,69957.0,0,69959.0,0,69959.0,0,69959.0,2,69959.0,0,69961.0,2,69961.0,0,69963.0,0,69963.0,0,69963.0,2,69963.0,0,69965.0,2,69965.0,0,69967.0,0,69967.0,0,69967.0,2,69967.0,2,69969.0,2,69971.0,0,69973.0,0,69973.0,0,69973.0,2,69973.0,2,69975.0,2,69977.0,0,69979.0,0,69979.0,0,69979.0
842,6386564_4_hdt,2,69979.0,2,69981.0,2,69983.0,0,69985.0,0,69985.0,0,69985.0,2,69985.0,0,69987.0,2,69987.0,0,69989.0,0,69989.0,0,69989.0,2,69989.0,0,69991.0,2,69991.0,0,69993.0,0,69993.0,0,69993.0,2,69993.0,2,69995.0,2,69997.0,0,69999.0,0,69999.0,0,69999.0,2,69999.0,2,70001.0,2,70003.0,0,70005.0,0,70005.0,0,70005.0
843,7372143_14_ld3,1,70005.0,1,70006.0,1,70007.0,0,70008.0,0,70008.0,0,70008.0,1,70008.0,0,70009.0,1,70009.0,0,70010.0,0,70010.0,0,70010.0,1,70010.0,0,70011.0,1,70011.0,0,70012.0,0,70012.0,0,70012.0,1,70012.0,1,70013.0,1,70014.0,0,70015.0,0,70015.0,0,70015.0,1,70015.0,1,70016.0,1,70017.0,0,70018.0,0,70018.0,0,70018.0
844,7372657_13_ld1,1,70018.0,1,70019.0,1,70020.0,0,70021.0,0,70021.0,0,70021.0,1,70021.0,0,70022.0,1,70022.0,0,70023.0,0,70023.0,0,70023.0,1,70023.0,0,70024.0,1,70024.0,0,70025.0,0,70025.0,0,70025.0,1,70025.0,1,70026.0,1,70027.0,0,70028.0,0,70028.0,0,70028.0,1,70028.0,1,70029.0,1,70030.0,0,70031.0,0,70031.0,0,70031.0
845,6426590_1_hdt,3,70031.0,3,70034.0,3,70037.0,0,70040.0,0,70040.0,0,70040.0,3,70040.0,0,70043.0,3,70043.0,0,70046.0,0,70046.0,0,70046.0,3,70046.0,0,70049.0,3,70049.0,0,70052.0,0,70052.0,0,70052.0,3,70052.0,3,70055.0,3,70058.0,0,70061.0,0,70061.0,0,70061.0,3,70061.0,3,70064.0,3,70067.0,0,70070.0,0,70070.0,0,70070.0
846,6404436_1_hdt,2,70070.0,2,70072.0,2,70074.0,0,70076.0,0,70076.0,0,70076.0,2,70076.0,0,70078.0,2,70078.0,0,70080.0,0,70080.0,0,70080.0,2,70080.0,0,70082.0,2,70082.0,0,70084.0,0,70084.0,0,70084.0,2,70084.0,2,70086.0,2,70088.0,0,70090.0,0,70090.0,0,70090.0,2,70090.0,2,70092.0,2,70094.0,0,70096.0,0,70096.0,0,70096.0
847,7374250_59_ld3,1,70096.0,1,70097.0,1,70098.0,0,70099.0,0,70099.0,0,70099.0,1,70099.0,0,70100.0,1,70100.0,0,70101.0,0,70101.0,0,70101.0,1,70101.0,0,70102.0,1,70102.0,0,70103.0,0,70103.0,0,70103.0,1,70103.0,1,70104.0,1,70105.0,0,70106.0,0,70106.0,0,70106.0,1,70106.0,1,70107.0,1,70108.0,0,70109.0,0,70109.0,0,70109.0
848,7359649_3_ld1,1,70109.0,1,70110.0,1,70111.0,0,70112.0,0,70112.0,0,70112.0,1,70112.0,0,70113.0,1,70113.0,0,70114.0,0,70114.0,0,70114.0,1,70114.0,0,70115.0,1,70115.0,0,70116.0,0,70116.0,0,70116.0,1,70116.0,1,70117.0,1,70118.0,0,70119.0,0,70119.0,0,70119.0,1,70119.0,1,70120.0,1,70121.0,0,70122.0,0,70122.0,0,70122.0
849,6439045_2_hdt,2,70122.0,2,70124.0,2,70126.0,0,70128.0,0,70128.0,0,70128.0,2,70128.0,0,70130.0,2,70130.0,0,70132.0,0,70132.0,0,70132.0,2,70132.0,0,70134.0,2,70134.0,0,70136.0,0,70136.0,0,70136.0,2,70136.0,2,70138.0,2,70140.0,0,70142.0,0,70142.0,0,70142.0,2,70142.0,2,70144.0,2,70146.0,0,70148.0,0,70148.0,0,70148.0
850,7359649_4_ld3,3,70148.0,3,70151.0,3,70154.0,0,70157.0,0,70157.0,0,70157.0,3,70157.0,0,70160.0,3,70160.0,0,70163.0,0,70163.0,0,70163.0,3,70163.0,0,70166.0,3,70166.0,0,70169.0,0,70169.0,0,70169.0,3,70169.0,3,70172.0,3,70175.0,0,70178.0,0,70178.0,0,70178.0,3,70178.0,3,70181.0,3,70184.0,0,70187.0,0,70187.0,0,70187.0
851,7373730_10_mdv,1,70187.0,1,70188.0,1,70189.0,0,70190.0,0,70190.0,0,70190.0,1,70190.0,0,70191.0,1,70191.0,0,70192.0,0,70192.0,0,70192.0,1,70192.0,0,70193.0,1,70193.0,0,70194.0,0,70194.0,0,70194.0,1,70194.0,1,70195.0,1,70196.0,0,70197.0,0,70197.0,0,70197.0,1,70197.0,1,70198.0,1,70199.0,0,70200.0,0,70200.0,0,70200.0
852,7373730_12_hdv,1,70200.0,1,70201.0,1,70202.0,0,70203.0,0,70203.0,0,70203.0,1,70203.0,0,70204.0,1,70204.0,0,70205.0,0,70205.0,0,70205.0,1,70205.0,0,70206.0,1,70206.0,0,70207.0,0,70207.0,0,70207.0,1,70207.0,1,70208.0,1,70209.0,0,70210.0,0,70210.0,0,70210.0,1,70210.0,1,70211.0,1,70212.0,0,70213.0,0,70213.0,0,70213.0
853,7190708_8_ld1,1,70213.0,1,70214.0,1,70215.0,0,70216.0,0,70216.0,0,70216.0,1,70216.0,0,70217.0,1,70217.0,0,70218.0,0,70218.0,0,70218.0,1,70218.0,0,70219.0,1,70219.0,0,70220.0,0,70220.0,0,70220.0,1,70220.0,1,70221.0,1,70222.0,0,70223.0,0,70223.0,0,70223.0,1,70223.0,1,70224.0,1,70225.0,0,70226.0,0,70226.0,0,70226.0
854,5041744_1_hdt,1,70226.0,1,70227.0,1,70228.0,0,70229.0,0,70229.0,0,70229.0,1,70229.0,0,70230.0,1,70230.0,0,70231.0,0,70231.0,0,70231.0,1,70231.0,0,70232.0,1,70232.0,0,70233.0,0,70233.0,0,70233.0,1,70233.0,1,70234.0,1,70235.0,0,70236.0,0,70236.0,0,70236.0,1,70236.0,1,70237.0,1,70238.0,0,70239.0,0,70239.0,0,70239.0
855,5022786_1_hdt,1,70239.0,1,70240.0,1,70241.0,0,70242.0,0,70242.0,0,70242.0,1,70242.0,0,70243.0,1,70243.0,0,70244.0,0,70244.0,0,70244.0,1,70244.0,0,70245.0,1,70245.0,0,70246.0,0,70246.0,0,70246.0,1,70246.0,1,70247.0,1,70248.0,0,70249.0,0,70249.0,0,70249.0,1,70249.0,1,70250.0,1,70251.0,0,70252.0,0,70252.0,0,70252.0
856,7194072_12_hdv,1,70252.0,1,70253.0,1,70254.0,0,70255.0,0,70255.0,0,70255.0,1,70255.0,0,70256.0,1,70256.0,0,70257.0,0,70257.0,0,70257.0,1,70257.0,0,70258.0,1,70258.0,0,70259.0,0,70259.0,0,70259.0,1,70259.0,1,70260.0,1,70261.0,0,70262.0,0,70262.0,0,70262.0,1,70262.0,1,70263.0,1,70264.0,0,70265.0,0,70265.0,0,70265.0
857,7186408_20_mdv,1,70265.0,1,70266.0,1,70267.0,0,70268.0,0,70268.0,0,70268.0,1,70268.0,0,70269.0,1,70269.0,0,70270.0,0,70270.0,0,70270.0,1,70270.0,0,70271.0,1,70271.0,0,70272.0,0,70272.0,0,70272.0,1,70272.0,1,70273.0,1,70274.0,0,70275.0,0,70275.0,0,70275.0,1,70275.0,1,70276.0,1,70277.0,0,70278.0,0,70278.0,0,70278.0
858,6306214_2_hdt,4,70278.0,4,70282.0,4,70286.0,0,70290.0,0,70290.0,0,70290.0,4,70290.0,0,70294.0,4,70294.0,0,70298.0,0,70298.0,0,70298.0,4,70298.0,0,70302.0,4,70302.0,0,70306.0,0,70306.0,0,70306.0,4,70306.0,4,70310.0,4,70314.0,0,70318.0,0,70318.0,0,70318.0,4,70318.0,4,70322.0,4,70326.0,0,70330.0,0,70330.0,0,70330.0
859,7369581_23_ld1,2,70330.0,2,70332.0,2,70334.0,0,70336.0,0,70336.0,0,70336.0,2,70336.0,0,70338.0,2,70338.0,0,70340.0,0,70340.0,0,70340.0,2,70340.0,0,70342.0,2,70342.0,0,70344.0,0,70344.0,0,70344.0,2,70344.0,2,70346.0,2,70348.0,0,70350.0,0,70350.0,0,70350.0,2,70350.0,2,70352.0,2,70354.0,0,70356.0,0,70356.0,0,70356.0
860,7373504_14_ld3,1,70356.0,1,70357.0,1,70358.0,0,70359.0,0,70359.0,0,70359.0,1,70359.0,0,70360.0,1,70360.0,0,70361.0,0,70361.0,0,70361.0,1,70361.0,0,70362.0,1,70362.0,0,70363.0,0,70363.0,0,70363.0,1,70363.0,1,70364.0,1,70365.0,0,70366.0,0,70366.0,0,70366.0,1,70366.0,1,70367.0,1,70368.0,0,70369.0,0,70369.0,0,70369.0
861,7193875_3_ld1,1,70369.0,1,70370.0,1,70371.0,0,70372.0,0,70372.0,0,70372.0,1,70372.0,0,70373.0,1,70373.0,0,70374.0,0,70374.0,0,70374.0,1,70374.0,0,70375.0,1,70375.0,0,70376.0,0,70376.0,0,70376.0,1,70376.0,1,70377.0,1,70378.0,0,70379.0,0,70379.0,0,70379.0,1,70379.0,1,70380.0,1,70381.0,0,70382.0,0,70382.0,0,70382.0
862,7372139_3_ld1,4,70382.0,4,70386.0,4,70390.0,0,70394.0,0,70394.0,0,70394.0,4,70394.0,0,70398.0,4,70398.0,0,70402.0,0,70402.0,0,70402.0,4,70402.0,0,70406.0,4,70406.0,0,70410.0,0,70410.0,0,70410.0,4,70410.0,4,70414.0,4,70418.0,0,70422.0,0,70422.0,0,70422.0,4,70422.0,4,70426.0,4,70430.0,0,70434.0,0,70434.0,0,70434.0
863,7372259_9_ld3,2,70434.0,2,70436.0,2,70438.0,0,70440.0,0,70440.0,0,70440.0,2,70440.0,0,70442.0,2,70442.0,0,70444.0,0,70444.0,0,70444.0,2,70444.0,0,70446.0,2,70446.0,0,70448.0,0,70448.0,0,70448.0,2,70448.0,2,70450.0,2,70452.0,0,70454.0,0,70454.0,0,70454.0,2,70454.0,2,70456.0,2,70458.0,0,70460.0,0,70460.0,0,70460.0
864,7372143_1_hdt,2,70460.0,2,70462.0,2,70464.0,0,70466.0,0,70466.0,0,70466.0,2,70466.0,0,70468.0,2,70468.0,0,70470.0,0,70470.0,0,70470.0,2,70470.0,0,70472.0,2,70472.0,0,70474.0,0,70474.0,0,70474.0,2,70474.0,2,70476.0,2,70478.0,0,70480.0,0,70480.0,0,70480.0,2,70480.0,2,70482.0,2,70484.0,0,70486.0,0,70486.0,0,70486.0
865,7374250_8_ld1,5,70486.0,5,70491.0,5,70496.0,0,70501.0,0,70501.0,0,70501.0,5,70501.0,0,70506.0,5,70506.0,0,70511.0,0,70511.0,0,70511.0,5,70511.0,0,70516.0,5,70516.0,0,70521.0,0,70521.0,0,70521.0,5,70521.0,5,70526.0,5,70531.0,0,70536.0,0,70536.0,0,70536.0,5,70536.0,5,70541.0,5,70546.0,0,70551.0,0,70551.0,0,70551.0
866,6443909_4_hdt,2,70551.0,2,70553.0,2,70555.0,0,70557.0,0,70557.0,0,70557.0,2,70557.0,0,70559.0,2,70559.0,0,70561.0,0,70561.0,0,70561.0,2,70561.0,0,70563.0,2,70563.0,0,70565.0,0,70565.0,0,70565.0,2,70565.0,2,70567.0,2,70569.0,0,70571.0,0,70571.0,0,70571.0,2,70571.0,2,70573.0,2,70575.0,0,70577.0,0,70577.0,0,70577.0
867,7374093_4_ld3,2,70577.0,2,70579.0,2,70581.0,0,70583.0,0,70583.0,0,70583.0,2,70583.0,0,70585.0,2,70585.0,0,70587.0,0,70587.0,0,70587.0,2,70587.0,0,70589.0,2,70589.0,0,70591.0,0,70591.0,0,70591.0,2,70591.0,2,70593.0,2,70595.0,0,70597.0,0,70597.0,0,70597.0,2,70597.0,2,70599.0,2,70601.0,0,70603.0,0,70603.0,0,70603.0
868,6690643_2_hdv,1,70603.0,1,70604.0,1,70605.0,0,70606.0,0,70606.0,0,70606.0,1,70606.0,0,70607.0,1,70607.0,0,70608.0,0,70608.0,0,70608.0,1,70608.0,0,70609.0,1,70609.0,0,70610.0,0,70610.0,0,70610.0,1,70610.0,1,70611.0,1,70612.0,0,70613.0,0,70613.0,0,70613.0,1,70613.0,1,70614.0,1,70615.0,0,70616.0,0,70616.0,0,70616.0
869,8298408_14_ld1,3,70616.0,3,70619.0,3,70622.0,0,70625.0,0,70625.0,0,70625.0,3,70625.0,0,70628.0,3,70628.0,0,70631.0,0,70631.0,0,70631.0,3,70631.0,0,70634.0,3,70634.0,0,70637.0,0,70637.0,0,70637.0,3,70637.0,3,70640.0,3,70643.0,0,70646.0,0,70646.0,0,70646.0,3,70646.0,3,70649.0,3,70652.0,0,70655.0,0,70655.0,0,70655.0
870,945366_1_hdt,2,70655.0,2,70657.0,2,70659.0,0,70661.0,0,70661.0,0,70661.0,2,70661.0,0,70663.0,2,70663.0,0,70665.0,0,70665.0,0,70665.0,2,70665.0,0,70667.0,2,70667.0,0,70669.0,0,70669.0,0,70669.0,2,70669.0,2,70671.0,2,70673.0,0,70675.0,0,70675.0,0,70675.0,2,70675.0,2,70677.0,2,70679.0,0,70681.0,0,70681.0,0,70681.0
871,7372142_13_ld1,1,70681.0,1,70682.0,1,70683.0,0,70684.0,0,70684.0,0,70684.0,1,70684.0,0,70685.0,1,70685.0,0,70686.0,0,70686.0,0,70686.0,1,70686.0,0,70687.0,1,70687.0,0,70688.0,0,70688.0,0,70688.0,1,70688.0,1,70689.0,1,70690.0,0,70691.0,0,70691.0,0,70691.0,1,70691.0,1,70692.0,1,70693.0,0,70694.0,0,70694.0,0,70694.0
872,7372017_4_ld3,1,70694.0,1,70695.0,1,70696.0,0,70697.0,0,70697.0,0,70697.0,1,70697.0,0,70698.0,1,70698.0,0,70699.0,0,70699.0,0,70699.0,1,70699.0,0,70700.0,1,70700.0,0,70701.0,0,70701.0,0,70701.0,1,70701.0,1,70702.0,1,70703.0,0,70704.0,0,70704.0,0,70704.0,1,70704.0,1,70705.0,1,70706.0,0,70707.0,0,70707.0,0,70707.0
873,6422541_1_hdt,1,70707.0,1,70708.0,1,70709.0,0,70710.0,0,70710.0,0,70710.0,1,70710.0,0,70711.0,1,70711.0,0,70712.0,0,70712.0,0,70712.0,1,70712.0,0,70713.0,1,70713.0,0,70714.0,0,70714.0,0,70714.0,1,70714.0,1,70715.0,1,70716.0,0,70717.0,0,70717.0,0,70717.0,1,70717.0,1,70718.0,1,70719.0,0,70720.0,0,70720.0,0,70720.0
874,5002214_1_hdt,3,70720.0,3,70723.0,3,70726.0,0,70729.0,0,70729.0,0,70729.0,3,70729.0,0,70732.0,3,70732.0,0,70735.0,0,70735.0,0,70735.0,3,70735.0,0,70738.0,3,70738.0,0,70741.0,0,70741.0,0,70741.0,3,70741.0,3,70744.0,3,70747.0,0,70750.0,0,70750.0,0,70750.0,3,70750.0,3,70753.0,3,70756.0,0,70759.0,0,70759.0,0,70759.0
875,8415294_17_ld1,2,70759.0,2,70761.0,2,70763.0,0,70765.0,0,70765.0,0,70765.0,2,70765.0,0,70767.0,2,70767.0,0,70769.0,0,70769.0,0,70769.0,2,70769.0,0,70771.0,2,70771.0,0,70773.0,0,70773.0,0,70773.0,2,70773.0,2,70775.0,2,70777.0,0,70779.0,0,70779.0,0,70779.0,2,70779.0,2,70781.0,2,70783.0,0,70785.0,0,70785.0,0,70785.0
876,7360003_23_ld1,1,70785.0,1,70786.0,1,70787.0,0,70788.0,0,70788.0,0,70788.0,1,70788.0,0,70789.0,1,70789.0,0,70790.0,0,70790.0,0,70790.0,1,70790.0,0,70791.0,1,70791.0,0,70792.0,0,70792.0,0,70792.0,1,70792.0,1,70793.0,1,70794.0,0,70795.0,0,70795.0,0,70795.0,1,70795.0,1,70796.0,1,70797.0,0,70798.0,0,70798.0,0,70798.0
877,7369581_19_ld3,1,70798.0,1,70799.0,1,70800.0,0,70801.0,0,70801.0,0,70801.0,1,70801.0,0,70802.0,1,70802.0,0,70803.0,0,70803.0,0,70803.0,1,70803.0,0,70804.0,1,70804.0,0,70805.0,0,70805.0,0,70805.0,1,70805.0,1,70806.0,1,70807.0,0,70808.0,0,70808.0,0,70808.0,1,70808.0,1,70809.0,1,70810.0,0,70811.0,0,70811.0,0,70811.0
878,7369840_13_ld1,2,70811.0,2,70813.0,2,70815.0,0,70817.0,0,70817.0,0,70817.0,2,70817.0,0,70819.0,2,70819.0,0,70821.0,0,70821.0,0,70821.0,2,70821.0,0,70823.0,2,70823.0,0,70825.0,0,70825.0,0,70825.0,2,70825.0,2,70827.0,2,70829.0,0,70831.0,0,70831.0,0,70831.0,2,70831.0,2,70833.0,2,70835.0,0,70837.0,0,70837.0,0,70837.0
879,6299088_2_hdt,2,70837.0,2,70839.0,2,70841.0,0,70843.0,0,70843.0,0,70843.0,2,70843.0,0,70845.0,2,70845.0,0,70847.0,0,70847.0,0,70847.0,2,70847.0,0,70849.0,2,70849.0,0,70851.0,0,70851.0,0,70851.0,2,70851.0,2,70853.0,2,70855.0,0,70857.0,0,70857.0,0,70857.0,2,70857.0,2,70859.0,2,70861.0,0,70863.0,0,70863.0,0,70863.0
880,7192092_40_mdv,1,70863.0,1,70864.0,1,70865.0,0,70866.0,0,70866.0,0,70866.0,1,70866.0,0,70867.0,1,70867.0,0,70868.0,0,70868.0,0,70868.0,1,70868.0,0,70869.0,1,70869.0,0,70870.0,0,70870.0,0,70870.0,1,70870.0,1,70871.0,1,70872.0,0,70873.0,0,70873.0,0,70873.0,1,70873.0,1,70874.0,1,70875.0,0,70876.0,0,70876.0,0,70876.0
881,8370927_13_ld1,2,70876.0,2,70878.0,2,70880.0,0,70882.0,0,70882.0,0,70882.0,2,70882.0,0,70884.0,2,70884.0,0,70886.0,0,70886.0,0,70886.0,2,70886.0,0,70888.0,2,70888.0,0,70890.0,0,70890.0,0,70890.0,2,70890.0,2,70892.0,2,70894.0,0,70896.0,0,70896.0,0,70896.0,2,70896.0,2,70898.0,2,70900.0,0,70902.0,0,70902.0,0,70902.0
882,7357853_13_ld1,1,70902.0,1,70903.0,1,70904.0,0,70905.0,0,70905.0,0,70905.0,1,70905.0,0,70906.0,1,70906.0,0,70907.0,0,70907.0,0,70907.0,1,70907.0,0,70908.0,1,70908.0,0,70909.0,0,70909.0,0,70909.0,1,70909.0,1,70910.0,1,70911.0,0,70912.0,0,70912.0,0,70912.0,1,70912.0,1,70913.0,1,70914.0,0,70915.0,0,70915.0,0,70915.0
883,6289448_1_hdt,2,70915.0,2,70917.0,2,70919.0,0,70921.0,0,70921.0,0,70921.0,2,70921.0,0,70923.0,2,70923.0,0,70925.0,0,70925.0,0,70925.0,2,70925.0,0,70927.0,2,70927.0,0,70929.0,0,70929.0,0,70929.0,2,70929.0,2,70931.0,2,70933.0,0,70935.0,0,70935.0,0,70935.0,2,70935.0,2,70937.0,2,70939.0,0,70941.0,0,70941.0,0,70941.0
884,7191866_8_ld1,4,70941.0,4,70945.0,4,70949.0,0,70953.0,0,70953.0,0,70953.0,4,70953.0,0,70957.0,4,70957.0,0,70961.0,0,70961.0,0,70961.0,4,70961.0,0,70965.0,4,70965.0,0,70969.0,0,70969.0,0,70969.0,4,70969.0,4,70973.0,4,70977.0,0,70981.0,0,70981.0,0,70981.0,4,70981.0,4,70985.0,4,70989.0,0,70993.0,0,70993.0,0,70993.0
885,6303666_3_hdt,3,70993.0,3,70996.0,3,70999.0,0,71002.0,0,71002.0,0,71002.0,3,71002.0,0,71005.0,3,71005.0,0,71008.0,0,71008.0,0,71008.0,3,71008.0,0,71011.0,3,71011.0,0,71014.0,0,71014.0,0,71014.0,3,71014.0,3,71017.0,3,71020.0,0,71023.0,0,71023.0,0,71023.0,3,71023.0,3,71026.0,3,71029.0,0,71032.0,0,71032.0,0,71032.0
886,8371058_14_ld3,2,71032.0,2,71034.0,2,71036.0,0,71038.0,0,71038.0,0,71038.0,2,71038.0,0,71040.0,2,71040.0,0,71042.0,0,71042.0,0,71042.0,2,71042.0,0,71044.0,2,71044.0,0,71046.0,0,71046.0,0,71046.0,2,71046.0,2,71048.0,2,71050.0,0,71052.0,0,71052.0,0,71052.0,2,71052.0,2,71054.0,2,71056.0,0,71058.0,0,71058.0,0,71058.0
887,7194072_21_hdt,4,71058.0,4,71062.0,4,71066.0,0,71070.0,0,71070.0,0,71070.0,4,71070.0,0,71074.0,4,71074.0,0,71078.0,0,71078.0,0,71078.0,4,71078.0,0,71082.0,4,71082.0,0,71086.0,0,71086.0,0,71086.0,4,71086.0,4,71090.0,4,71094.0,0,71098.0,0,71098.0,0,71098.0,4,71098.0,4,71102.0,4,71106.0,0,71110.0,0,71110.0,0,71110.0
888,7358657_9_ld3,2,71110.0,2,71112.0,2,71114.0,0,71116.0,0,71116.0,0,71116.0,2,71116.0,0,71118.0,2,71118.0,0,71120.0,0,71120.0,0,71120.0,2,71120.0,0,71122.0,2,71122.0,0,71124.0,0,71124.0,0,71124.0,2,71124.0,2,71126.0,2,71128.0,0,71130.0,0,71130.0,0,71130.0,2,71130.0,2,71132.0,2,71134.0,0,71136.0,0,71136.0,0,71136.0
889,7192871_23_ld1,2,71136.0,2,71138.0,2,71140.0,0,71142.0,0,71142.0,0,71142.0,2,71142.0,0,71144.0,2,71144.0,0,71146.0,0,71146.0,0,71146.0,2,71146.0,0,71148.0,2,71148.0,0,71150.0,0,71150.0,0,71150.0,2,71150.0,2,71152.0,2,71154.0,0,71156.0,0,71156.0,0,71156.0,2,71156.0,2,71158.0,2,71160.0,0,71162.0,0,71162.0,0,71162.0
890,8370792_14_ld1,1,71162.0,1,71163.0,1,71164.0,0,71165.0,0,71165.0,0,71165.0,1,71165.0,0,71166.0,1,71166.0,0,71167.0,0,71167.0,0,71167.0,1,71167.0,0,71168.0,1,71168.0,0,71169.0,0,71169.0,0,71169.0,1,71169.0,1,71170.0,1,71171.0,0,71172.0,0,71172.0,0,71172.0,1,71172.0,1,71173.0,1,71174.0,0,71175.0,0,71175.0,0,71175.0
891,5032696_6_hdt,1,71175.0,1,71176.0,1,71177.0,0,71178.0,0,71178.0,0,71178.0,1,71178.0,0,71179.0,1,71179.0,0,71180.0,0,71180.0,0,71180.0,1,71180.0,0,71181.0,1,71181.0,0,71182.0,0,71182.0,0,71182.0,1,71182.0,1,71183.0,1,71184.0,0,71185.0,0,71185.0,0,71185.0,1,71185.0,1,71186.0,1,71187.0,0,71188.0,0,71188.0,0,71188.0
892,7188598_14_ld3,1,71188.0,1,71189.0,1,71190.0,0,71191.0,0,71191.0,0,71191.0,1,71191.0,0,71192.0,1,71192.0,0,71193.0,0,71193.0,0,71193.0,1,71193.0,0,71194.0,1,71194.0,0,71195.0,0,71195.0,0,71195.0,1,71195.0,1,71196.0,1,71197.0,0,71198.0,0,71198.0,0,71198.0,1,71198.0,1,71199.0,1,71200.0,0,71201.0,0,71201.0,0,71201.0
893,8307156_5_ld1,8,71201.0,8,71209.0,8,71217.0,0,71225.0,0,71225.0,0,71225.0,8,71225.0,0,71233.0,8,71233.0,0,71241.0,0,71241.0,0,71241.0,8,71241.0,0,71249.0,8,71249.0,0,71257.0,0,71257.0,0,71257.0,8,71257.0,8,71265.0,8,71273.0,0,71281.0,0,71281.0,0,71281.0,8,71281.0,8,71289.0,8,71297.0,0,71305.0,0,71305.0,0,71305.0
894,7043505_1_hdt,8,71305.0,8,71313.0,8,71321.0,0,71329.0,0,71329.0,0,71329.0,8,71329.0,0,71337.0,8,71337.0,0,71345.0,0,71345.0,0,71345.0,8,71345.0,0,71353.0,8,71353.0,0,71361.0,0,71361.0,0,71361.0,8,71361.0,8,71369.0,8,71377.0,0,71385.0,0,71385.0,0,71385.0,8,71385.0,8,71393.0,8,71401.0,0,71409.0,0,71409.0,0,71409.0
895,3696677_1_hdt,4,71409.0,4,71413.0,4,71417.0,0,71421.0,0,71421.0,0,71421.0,4,71421.0,0,71425.0,4,71425.0,0,71429.0,0,71429.0,0,71429.0,4,71429.0,0,71433.0,4,71433.0,0,71437.0,0,71437.0,0,71437.0,4,71437.0,4,71441.0,4,71445.0,0,71449.0,0,71449.0,0,71449.0,4,71449.0,4,71453.0,4,71457.0,0,71461.0,0,71461.0,0,71461.0
896,8413537_23_ld1,4,71461.0,4,71465.0,4,71469.0,0,71473.0,0,71473.0,0,71473.0,4,71473.0,0,71477.0,4,71477.0,0,71481.0,0,71481.0,0,71481.0,4,71481.0,0,71485.0,4,71485.0,0,71489.0,0,71489.0,0,71489.0,4,71489.0,4,71493.0,4,71497.0,0,71501.0,0,71501.0,0,71501.0,4,71501.0,4,71505.0,4,71509.0,0,71513.0,0,71513.0,0,71513.0
897,8413537_34_ld3,4,71513.0,4,71517.0,4,71521.0,0,71525.0,0,71525.0,0,71525.0,4,71525.0,0,71529.0,4,71529.0,0,71533.0,0,71533.0,0,71533.0,4,71533.0,0,71537.0,4,71537.0,0,71541.0,0,71541.0,0,71541.0,4,71541.0,4,71545.0,4,71549.0,0,71553.0,0,71553.0,0,71553.0,4,71553.0,4,71557.0,4,71561.0,0,71565.0,0,71565.0,0,71565.0
898,7043694_6_hdt,4,71565.0,4,71569.0,4,71573.0,0,71577.0,0,71577.0,0,71577.0,4,71577.0,0,71581.0,4,71581.0,0,71585.0,0,71585.0,0,71585.0,4,71585.0,0,71589.0,4,71589.0,0,71593.0,0,71593.0,0,71593.0,4,71593.0,4,71597.0,4,71601.0,0,71605.0,0,71605.0,0,71605.0,4,71605.0,4,71609.0,4,71613.0,0,71617.0,0,71617.0,0,71617.0
899,8351010_23_ld1,4,71617.0,4,71621.0,4,71625.0,0,71629.0,0,71629.0,0,71629.0,4,71629.0,0,71633.0,4,71633.0,0,71637.0,0,71637.0,0,71637.0,4,71637.0,0,71641.0,4,71641.0,0,71645.0,0,71645.0,0,71645.0,4,71645.0,4,71649.0,4,71653.0,0,71657.0,0,71657.0,0,71657.0,4,71657.0,4,71661.0,4,71665.0,0,71669.0,0,71669.0,0,71669.0
900,7043527_2_mdv,1,71669.0,1,71670.0,1,71671.0,0,71672.0,0,71672.0,0,71672.0,1,71672.0,0,71673.0,1,71673.0,0,71674.0,0,71674.0,0,71674.0,1,71674.0,0,71675.0,1,71675.0,0,71676.0,0,71676.0,0,71676.0,1,71676.0,1,71677.0,1,71678.0,0,71679.0,0,71679.0,0,71679.0,1,71679.0,1,71680.0,1,71681.0,0,71682.0,0,71682.0,0,71682.0
901,7362014_19_ld3,1,71682.0,1,71683.0,1,71684.0,0,71685.0,0,71685.0,0,71685.0,1,71685.0,0,71686.0,1,71686.0,0,71687.0,0,71687.0,0,71687.0,1,71687.0,0,71688.0,1,71688.0,0,71689.0,0,71689.0,0,71689.0,1,71689.0,1,71690.0,1,71691.0,0,71692.0,0,71692.0,0,71692.0,1,71692.0,1,71693.0,1,71694.0,0,71695.0,0,71695.0,0,71695.0
902,7361951_19_ld3,1,71695.0,1,71696.0,1,71697.0,0,71698.0,0,71698.0,0,71698.0,1,71698.0,0,71699.0,1,71699.0,0,71700.0,0,71700.0,0,71700.0,1,71700.0,0,71701.0,1,71701.0,0,71702.0,0,71702.0,0,71702.0,1,71702.0,1,71703.0,1,71704.0,0,71705.0,0,71705.0,0,71705.0,1,71705.0,1,71706.0,1,71707.0,0,71708.0,0,71708.0,0,71708.0
903,7366753_14_ld3,1,71708.0,1,71709.0,1,71710.0,0,71711.0,0,71711.0,0,71711.0,1,71711.0,0,71712.0,1,71712.0,0,71713.0,0,71713.0,0,71713.0,1,71713.0,0,71714.0,1,71714.0,0,71715.0,0,71715.0,0,71715.0,1,71715.0,1,71716.0,1,71717.0,0,71718.0,0,71718.0,0,71718.0,1,71718.0,1,71719.0,1,71720.0,0,71721.0,0,71721.0,0,71721.0
904,8394432_13_ld1,4,71721.0,4,71725.0,4,71729.0,0,71733.0,0,71733.0,0,71733.0,4,71733.0,0,71737.0,4,71737.0,0,71741.0,0,71741.0,0,71741.0,4,71741.0,0,71745.0,4,71745.0,0,71749.0,0,71749.0,0,71749.0,4,71749.0,4,71753.0,4,71757.0,0,71761.0,0,71761.0,0,71761.0,4,71761.0,4,71765.0,4,71769.0,0,71773.0,0,71773.0,0,71773.0
905,7373561_8_ld1,2,71773.0,2,71775.0,2,71777.0,0,71779.0,0,71779.0,0,71779.0,2,71779.0,0,71781.0,2,71781.0,0,71783.0,0,71783.0,0,71783.0,2,71783.0,0,71785.0,2,71785.0,0,71787.0,0,71787.0,0,71787.0,2,71787.0,2,71789.0,2,71791.0,0,71793.0,0,71793.0,0,71793.0,2,71793.0,2,71795.0,2,71797.0,0,71799.0,0,71799.0,0,71799.0
906,7369829_4_ld3,1,71799.0,1,71800.0,1,71801.0,0,71802.0,0,71802.0,0,71802.0,1,71802.0,0,71803.0,1,71803.0,0,71804.0,0,71804.0,0,71804.0,1,71804.0,0,71805.0,1,71805.0,0,71806.0,0,71806.0,0,71806.0,1,71806.0,1,71807.0,1,71808.0,0,71809.0,0,71809.0,0,71809.0,1,71809.0,1,71810.0,1,71811.0,0,71812.0,0,71812.0,0,71812.0
907,7328375_13_hdt,1,71812.0,1,71813.0,1,71814.0,0,71815.0,0,71815.0,0,71815.0,1,71815.0,0,71816.0,1,71816.0,0,71817.0,0,71817.0,0,71817.0,1,71817.0,0,71818.0,1,71818.0,0,71819.0,0,71819.0,0,71819.0,1,71819.0,1,71820.0,1,71821.0,0,71822.0,0,71822.0,0,71822.0,1,71822.0,1,71823.0,1,71824.0,0,71825.0,0,71825.0,0,71825.0
908,7362972_4_ld3,1,71825.0,1,71826.0,1,71827.0,0,71828.0,0,71828.0,0,71828.0,1,71828.0,0,71829.0,1,71829.0,0,71830.0,0,71830.0,0,71830.0,1,71830.0,0,71831.0,1,71831.0,0,71832.0,0,71832.0,0,71832.0,1,71832.0,1,71833.0,1,71834.0,0,71835.0,0,71835.0,0,71835.0,1,71835.0,1,71836.0,1,71837.0,0,71838.0,0,71838.0,0,71838.0
909,7364691_15_mdv,1,71838.0,1,71839.0,1,71840.0,0,71841.0,0,71841.0,0,71841.0,1,71841.0,0,71842.0,1,71842.0,0,71843.0,0,71843.0,0,71843.0,1,71843.0,0,71844.0,1,71844.0,0,71845.0,0,71845.0,0,71845.0,1,71845.0,1,71846.0,1,71847.0,0,71848.0,0,71848.0,0,71848.0,1,71848.0,1,71849.0,1,71850.0,0,71851.0,0,71851.0,0,71851.0
910,7365531_8_ld1,1,71851.0,1,71852.0,1,71853.0,0,71854.0,0,71854.0,0,71854.0,1,71854.0,0,71855.0,1,71855.0,0,71856.0,0,71856.0,0,71856.0,1,71856.0,0,71857.0,1,71857.0,0,71858.0,0,71858.0,0,71858.0,1,71858.0,1,71859.0,1,71860.0,0,71861.0,0,71861.0,0,71861.0,1,71861.0,1,71862.0,1,71863.0,0,71864.0,0,71864.0,0,71864.0
911,7361803_2_ld1,4,71864.0,4,71868.0,4,71872.0,0,71876.0,0,71876.0,0,71876.0,4,71876.0,0,71880.0,4,71880.0,0,71884.0,0,71884.0,0,71884.0,4,71884.0,0,71888.0,4,71888.0,0,71892.0,0,71892.0,0,71892.0,4,71892.0,4,71896.0,4,71900.0,0,71904.0,0,71904.0,0,71904.0,4,71904.0,4,71908.0,4,71912.0,0,71916.0,0,71916.0,0,71916.0
912,7361730_19_ld3,6,71916.0,6,71922.0,6,71928.0,0,71934.0,0,71934.0,0,71934.0,6,71934.0,0,71940.0,6,71940.0,0,71946.0,0,71946.0,0,71946.0,6,71946.0,0,71952.0,6,71952.0,0,71958.0,0,71958.0,0,71958.0,6,71958.0,6,71964.0,6,71970.0,0,71976.0,0,71976.0,0,71976.0,6,71976.0,6,71982.0,6,71988.0,0,71994.0,0,71994.0,0,71994.0
913,7367226_14_ld3,4,71994.0,4,71998.0,4,72002.0,0,72006.0,0,72006.0,0,72006.0,4,72006.0,0,72010.0,4,72010.0,0,72014.0,0,72014.0,0,72014.0,4,72014.0,0,72018.0,4,72018.0,0,72022.0,0,72022.0,0,72022.0,4,72022.0,4,72026.0,4,72030.0,0,72034.0,0,72034.0,0,72034.0,4,72034.0,4,72038.0,4,72042.0,0,72046.0,0,72046.0,0,72046.0
914,7371483_1_hdt,1,72046.0,1,72047.0,1,72048.0,0,72049.0,0,72049.0,0,72049.0,1,72049.0,0,72050.0,1,72050.0,0,72051.0,0,72051.0,0,72051.0,1,72051.0,0,72052.0,1,72052.0,0,72053.0,0,72053.0,0,72053.0,1,72053.0,1,72054.0,1,72055.0,0,72056.0,0,72056.0,0,72056.0,1,72056.0,1,72057.0,1,72058.0,0,72059.0,0,72059.0,0,72059.0
915,7360480_15_mdv,1,72059.0,1,72060.0,1,72061.0,0,72062.0,0,72062.0,0,72062.0,1,72062.0,0,72063.0,1,72063.0,0,72064.0,0,72064.0,0,72064.0,1,72064.0,0,72065.0,1,72065.0,0,72066.0,0,72066.0,0,72066.0,1,72066.0,1,72067.0,1,72068.0,0,72069.0,0,72069.0,0,72069.0,1,72069.0,1,72070.0,1,72071.0,0,72072.0,0,72072.0,0,72072.0
916,7367415_19_ld3,5,72072.0,5,72077.0,5,72082.0,0,72087.0,0,72087.0,0,72087.0,5,72087.0,0,72092.0,5,72092.0,0,72097.0,0,72097.0,0,72097.0,5,72097.0,0,72102.0,5,72102.0,0,72107.0,0,72107.0,0,72107.0,5,72107.0,5,72112.0,5,72117.0,0,72122.0,0,72122.0,0,72122.0,5,72122.0,5,72127.0,5,72132.0,0,72137.0,0,72137.0,0,72137.0
917,8395898_15_mdv,1,72137.0,1,72138.0,1,72139.0,0,72140.0,0,72140.0,0,72140.0,1,72140.0,0,72141.0,1,72141.0,0,72142.0,0,72142.0,0,72142.0,1,72142.0,0,72143.0,1,72143.0,0,72144.0,0,72144.0,0,72144.0,1,72144.0,1,72145.0,1,72146.0,0,72147.0,0,72147.0,0,72147.0,1,72147.0,1,72148.0,1,72149.0,0,72150.0,0,72150.0,0,72150.0
918,7369899_43_ld1,3,72150.0,3,72153.0,3,72156.0,0,72159.0,0,72159.0,0,72159.0,3,72159.0,0,72162.0,3,72162.0,0,72165.0,0,72165.0,0,72165.0,3,72165.0,0,72168.0,3,72168.0,0,72171.0,0,72171.0,0,72171.0,3,72171.0,3,72174.0,3,72177.0,0,72180.0,0,72180.0,0,72180.0,3,72180.0,3,72183.0,3,72186.0,0,72189.0,0,72189.0,0,72189.0
919,7369899_34_ld3,1,72189.0,1,72190.0,1,72191.0,0,72192.0,0,72192.0,0,72192.0,1,72192.0,0,72193.0,1,72193.0,0,72194.0,0,72194.0,0,72194.0,1,72194.0,0,72195.0,1,72195.0,0,72196.0,0,72196.0,0,72196.0,1,72196.0,1,72197.0,1,72198.0,0,72199.0,0,72199.0,0,72199.0,1,72199.0,1,72200.0,1,72201.0,0,72202.0,0,72202.0,0,72202.0
920,6314379_1_hdt,1,72202.0,1,72203.0,1,72204.0,0,72205.0,0,72205.0,0,72205.0,1,72205.0,0,72206.0,1,72206.0,0,72207.0,0,72207.0,0,72207.0,1,72207.0,0,72208.0,1,72208.0,0,72209.0,0,72209.0,0,72209.0,1,72209.0,1,72210.0,1,72211.0,0,72212.0,0,72212.0,0,72212.0,1,72212.0,1,72213.0,1,72214.0,0,72215.0,0,72215.0,0,72215.0
921,6315384_2_hdt,1,72215.0,1,72216.0,1,72217.0,0,72218.0,0,72218.0,0,72218.0,1,72218.0,0,72219.0,1,72219.0,0,72220.0,0,72220.0,0,72220.0,1,72220.0,0,72221.0,1,72221.0,0,72222.0,0,72222.0,0,72222.0,1,72222.0,1,72223.0,1,72224.0,0,72225.0,0,72225.0,0,72225.0,1,72225.0,1,72226.0,1,72227.0,0,72228.0,0,72228.0,0,72228.0
922,5000281_3_hdt,1,72228.0,1,72229.0,1,72230.0,0,72231.0,0,72231.0,0,72231.0,1,72231.0,0,72232.0,1,72232.0,0,72233.0,0,72233.0,0,72233.0,1,72233.0,0,72234.0,1,72234.0,0,72235.0,0,72235.0,0,72235.0,1,72235.0,1,72236.0,1,72237.0,0,72238.0,0,72238.0,0,72238.0,1,72238.0,1,72239.0,1,72240.0,0,72241.0,0,72241.0,0,72241.0
923,4962359_3_hdt,1,72241.0,1,72242.0,1,72243.0,0,72244.0,0,72244.0,0,72244.0,1,72244.0,0,72245.0,1,72245.0,0,72246.0,0,72246.0,0,72246.0,1,72246.0,0,72247.0,1,72247.0,0,72248.0,0,72248.0,0,72248.0,1,72248.0,1,72249.0,1,72250.0,0,72251.0,0,72251.0,0,72251.0,1,72251.0,1,72252.0,1,72253.0,0,72254.0,0,72254.0,0,72254.0
924,6443946_1_hdt,2,72254.0,2,72256.0,2,72258.0,0,72260.0,0,72260.0,0,72260.0,2,72260.0,0,72262.0,2,72262.0,0,72264.0,0,72264.0,0,72264.0,2,72264.0,0,72266.0,2,72266.0,0,72268.0,0,72268.0,0,72268.0,2,72268.0,2,72270.0,2,72272.0,0,72274.0,0,72274.0,0,72274.0,2,72274.0,2,72276.0,2,72278.0,0,72280.0,0,72280.0,0,72280.0
925,7374297_5_mdv,1,72280.0,1,72281.0,1,72282.0,0,72283.0,0,72283.0,0,72283.0,1,72283.0,0,72284.0,1,72284.0,0,72285.0,0,72285.0,0,72285.0,1,72285.0,0,72286.0,1,72286.0,0,72287.0,0,72287.0,0,72287.0,1,72287.0,1,72288.0,1,72289.0,0,72290.0,0,72290.0,0,72290.0,1,72290.0,1,72291.0,1,72292.0,0,72293.0,0,72293.0,0,72293.0
926,7374297_8_ld1,1,72293.0,1,72294.0,1,72295.0,0,72296.0,0,72296.0,0,72296.0,1,72296.0,0,72297.0,1,72297.0,0,72298.0,0,72298.0,0,72298.0,1,72298.0,0,72299.0,1,72299.0,0,72300.0,0,72300.0,0,72300.0,1,72300.0,1,72301.0,1,72302.0,0,72303.0,0,72303.0,0,72303.0,1,72303.0,1,72304.0,1,72305.0,0,72306.0,0,72306.0,0,72306.0
927,7374158_9_ld3,1,72306.0,1,72307.0,1,72308.0,0,72309.0,0,72309.0,0,72309.0,1,72309.0,0,72310.0,1,72310.0,0,72311.0,0,72311.0,0,72311.0,1,72311.0,0,72312.0,1,72312.0,0,72313.0,0,72313.0,0,72313.0,1,72313.0,1,72314.0,1,72315.0,0,72316.0,0,72316.0,0,72316.0,1,72316.0,1,72317.0,1,72318.0,0,72319.0,0,72319.0,0,72319.0
928,7196059_23_ld1,1,72319.0,1,72320.0,1,72321.0,0,72322.0,0,72322.0,0,72322.0,1,72322.0,0,72323.0,1,72323.0,0,72324.0,0,72324.0,0,72324.0,1,72324.0,0,72325.0,1,72325.0,0,72326.0,0,72326.0,0,72326.0,1,72326.0,1,72327.0,1,72328.0,0,72329.0,0,72329.0,0,72329.0,1,72329.0,1,72330.0,1,72331.0,0,72332.0,0,72332.0,0,72332.0
929,4964496_4_hdt,1,72332.0,1,72333.0,1,72334.0,0,72335.0,0,72335.0,0,72335.0,1,72335.0,0,72336.0,1,72336.0,0,72337.0,0,72337.0,0,72337.0,1,72337.0,0,72338.0,1,72338.0,0,72339.0,0,72339.0,0,72339.0,1,72339.0,1,72340.0,1,72341.0,0,72342.0,0,72342.0,0,72342.0,1,72342.0,1,72343.0,1,72344.0,0,72345.0,0,72345.0,0,72345.0
930,8304175_6_ld1,1,72345.0,1,72346.0,1,72347.0,0,72348.0,0,72348.0,0,72348.0,1,72348.0,0,72349.0,1,72349.0,0,72350.0,0,72350.0,0,72350.0,1,72350.0,0,72351.0,1,72351.0,0,72352.0,0,72352.0,0,72352.0,1,72352.0,1,72353.0,1,72354.0,0,72355.0,0,72355.0,0,72355.0,1,72355.0,1,72356.0,1,72357.0,0,72358.0,0,72358.0,0,72358.0
931,6663644_13_hdt,2,72358.0,2,72360.0,2,72362.0,0,72364.0,0,72364.0,0,72364.0,2,72364.0,0,72366.0,2,72366.0,0,72368.0,0,72368.0,0,72368.0,2,72368.0,0,72370.0,2,72370.0,0,72372.0,0,72372.0,0,72372.0,2,72372.0,2,72374.0,2,72376.0,0,72378.0,0,72378.0,0,72378.0,2,72378.0,2,72380.0,2,72382.0,0,72384.0,0,72384.0,0,72384.0
932,7367024_4_hdt,2,72384.0,2,72386.0,2,72388.0,0,72390.0,0,72390.0,0,72390.0,2,72390.0,0,72392.0,2,72392.0,0,72394.0,0,72394.0,0,72394.0,2,72394.0,0,72396.0,2,72396.0,0,72398.0,0,72398.0,0,72398.0,2,72398.0,2,72400.0,2,72402.0,0,72404.0,0,72404.0,0,72404.0,2,72404.0,2,72406.0,2,72408.0,0,72410.0,0,72410.0,0,72410.0
933,5045317_1_hdt,1,72410.0,1,72411.0,1,72412.0,0,72413.0,0,72413.0,0,72413.0,1,72413.0,0,72414.0,1,72414.0,0,72415.0,0,72415.0,0,72415.0,1,72415.0,0,72416.0,1,72416.0,0,72417.0,0,72417.0,0,72417.0,1,72417.0,1,72418.0,1,72419.0,0,72420.0,0,72420.0,0,72420.0,1,72420.0,1,72421.0,1,72422.0,0,72423.0,0,72423.0,0,72423.0
934,7186534_34_ld1,4,72423.0,4,72427.0,4,72431.0,0,72435.0,0,72435.0,0,72435.0,4,72435.0,0,72439.0,4,72439.0,0,72443.0,0,72443.0,0,72443.0,4,72443.0,0,72447.0,4,72447.0,0,72451.0,0,72451.0,0,72451.0,4,72451.0,4,72455.0,4,72459.0,0,72463.0,0,72463.0,0,72463.0,4,72463.0,4,72467.0,4,72471.0,0,72475.0,0,72475.0,0,72475.0
935,7194072_25_mdv,1,72475.0,1,72476.0,1,72477.0,0,72478.0,0,72478.0,0,72478.0,1,72478.0,0,72479.0,1,72479.0,0,72480.0,0,72480.0,0,72480.0,1,72480.0,0,72481.0,1,72481.0,0,72482.0,0,72482.0,0,72482.0,1,72482.0,1,72483.0,1,72484.0,0,72485.0,0,72485.0,0,72485.0,1,72485.0,1,72486.0,1,72487.0,0,72488.0,0,72488.0,0,72488.0
936,6309358_5_hdt,1,72488.0,1,72489.0,1,72490.0,0,72491.0,0,72491.0,0,72491.0,1,72491.0,0,72492.0,1,72492.0,0,72493.0,0,72493.0,0,72493.0,1,72493.0,0,72494.0,1,72494.0,0,72495.0,0,72495.0,0,72495.0,1,72495.0,1,72496.0,1,72497.0,0,72498.0,0,72498.0,0,72498.0,1,72498.0,1,72499.0,1,72500.0,0,72501.0,0,72501.0,0,72501.0
937,7359703_12_hdv,1,72501.0,1,72502.0,1,72503.0,0,72504.0,0,72504.0,0,72504.0,1,72504.0,0,72505.0,1,72505.0,0,72506.0,0,72506.0,0,72506.0,1,72506.0,0,72507.0,1,72507.0,0,72508.0,0,72508.0,0,72508.0,1,72508.0,1,72509.0,1,72510.0,0,72511.0,0,72511.0,0,72511.0,1,72511.0,1,72512.0,1,72513.0,0,72514.0,0,72514.0,0,72514.0
938,8395889_9_ld3,2,72514.0,2,72516.0,2,72518.0,0,72520.0,0,72520.0,0,72520.0,2,72520.0,0,72522.0,2,72522.0,0,72524.0,0,72524.0,0,72524.0,2,72524.0,0,72526.0,2,72526.0,0,72528.0,0,72528.0,0,72528.0,2,72528.0,2,72530.0,2,72532.0,0,72534.0,0,72534.0,0,72534.0,2,72534.0,2,72536.0,2,72538.0,0,72540.0,0,72540.0,0,72540.0
939,7370808_6_hdt,2,72540.0,2,72542.0,2,72544.0,0,72546.0,0,72546.0,0,72546.0,2,72546.0,0,72548.0,2,72548.0,0,72550.0,0,72550.0,0,72550.0,2,72550.0,0,72552.0,2,72552.0,0,72554.0,0,72554.0,0,72554.0,2,72554.0,2,72556.0,2,72558.0,0,72560.0,0,72560.0,0,72560.0,2,72560.0,2,72562.0,2,72564.0,0,72566.0,0,72566.0,0,72566.0
940,7192160_14_ld1,1,72566.0,1,72567.0,1,72568.0,0,72569.0,0,72569.0,0,72569.0,1,72569.0,0,72570.0,1,72570.0,0,72571.0,0,72571.0,0,72571.0,1,72571.0,0,72572.0,1,72572.0,0,72573.0,0,72573.0,0,72573.0,1,72573.0,1,72574.0,1,72575.0,0,72576.0,0,72576.0,0,72576.0,1,72576.0,1,72577.0,1,72578.0,0,72579.0,0,72579.0,0,72579.0
941,7194071_19_ld3,1,72579.0,1,72580.0,1,72581.0,0,72582.0,0,72582.0,0,72582.0,1,72582.0,0,72583.0,1,72583.0,0,72584.0,0,72584.0,0,72584.0,1,72584.0,0,72585.0,1,72585.0,0,72586.0,0,72586.0,0,72586.0,1,72586.0,1,72587.0,1,72588.0,0,72589.0,0,72589.0,0,72589.0,1,72589.0,1,72590.0,1,72591.0,0,72592.0,0,72592.0,0,72592.0
942,7358798_28_ld1,1,72592.0,1,72593.0,1,72594.0,0,72595.0,0,72595.0,0,72595.0,1,72595.0,0,72596.0,1,72596.0,0,72597.0,0,72597.0,0,72597.0,1,72597.0,0,72598.0,1,72598.0,0,72599.0,0,72599.0,0,72599.0,1,72599.0,1,72600.0,1,72601.0,0,72602.0,0,72602.0,0,72602.0,1,72602.0,1,72603.0,1,72604.0,0,72605.0,0,72605.0,0,72605.0
943,7372274_22_hdv,1,72605.0,1,72606.0,1,72607.0,0,72608.0,0,72608.0,0,72608.0,1,72608.0,0,72609.0,1,72609.0,0,72610.0,0,72610.0,0,72610.0,1,72610.0,0,72611.0,1,72611.0,0,72612.0,0,72612.0,0,72612.0,1,72612.0,1,72613.0,1,72614.0,0,72615.0,0,72615.0,0,72615.0,1,72615.0,1,72616.0,1,72617.0,0,72618.0,0,72618.0,0,72618.0
944,7195630_19_ld3,1,72618.0,1,72619.0,1,72620.0,0,72621.0,0,72621.0,0,72621.0,1,72621.0,0,72622.0,1,72622.0,0,72623.0,0,72623.0,0,72623.0,1,72623.0,0,72624.0,1,72624.0,0,72625.0,0,72625.0,0,72625.0,1,72625.0,1,72626.0,1,72627.0,0,72628.0,0,72628.0,0,72628.0,1,72628.0,1,72629.0,1,72630.0,0,72631.0,0,72631.0,0,72631.0
945,7192981_47_ld1,1,72631.0,1,72632.0,1,72633.0,0,72634.0,0,72634.0,0,72634.0,1,72634.0,0,72635.0,1,72635.0,0,72636.0,0,72636.0,0,72636.0,1,72636.0,0,72637.0,1,72637.0,0,72638.0,0,72638.0,0,72638.0,1,72638.0,1,72639.0,1,72640.0,0,72641.0,0,72641.0,0,72641.0,1,72641.0,1,72642.0,1,72643.0,0,72644.0,0,72644.0,0,72644.0
946,5018419_4_hdt,1,72644.0,1,72645.0,1,72646.0,0,72647.0,0,72647.0,0,72647.0,1,72647.0,0,72648.0,1,72648.0,0,72649.0,0,72649.0,0,72649.0,1,72649.0,0,72650.0,1,72650.0,0,72651.0,0,72651.0,0,72651.0,1,72651.0,1,72652.0,1,72653.0,0,72654.0,0,72654.0,0,72654.0,1,72654.0,1,72655.0,1,72656.0,0,72657.0,0,72657.0,0,72657.0
947,7191279_13_ld1,2,72657.0,2,72659.0,2,72661.0,0,72663.0,0,72663.0,0,72663.0,2,72663.0,0,72665.0,2,72665.0,0,72667.0,0,72667.0,0,72667.0,2,72667.0,0,72669.0,2,72669.0,0,72671.0,0,72671.0,0,72671.0,2,72671.0,2,72673.0,2,72675.0,0,72677.0,0,72677.0,0,72677.0,2,72677.0,2,72679.0,2,72681.0,0,72683.0,0,72683.0,0,72683.0
948,7192144_9_ld3,1,72683.0,1,72684.0,1,72685.0,0,72686.0,0,72686.0,0,72686.0,1,72686.0,0,72687.0,1,72687.0,0,72688.0,0,72688.0,0,72688.0,1,72688.0,0,72689.0,1,72689.0,0,72690.0,0,72690.0,0,72690.0,1,72690.0,1,72691.0,1,72692.0,0,72693.0,0,72693.0,0,72693.0,1,72693.0,1,72694.0,1,72695.0,0,72696.0,0,72696.0,0,72696.0
949,6294507_12_ld1,1,72696.0,1,72697.0,1,72698.0,0,72699.0,0,72699.0,0,72699.0,1,72699.0,0,72700.0,1,72700.0,0,72701.0,0,72701.0,0,72701.0,1,72701.0,0,72702.0,1,72702.0,0,72703.0,0,72703.0,0,72703.0,1,72703.0,1,72704.0,1,72705.0,0,72706.0,0,72706.0,0,72706.0,1,72706.0,1,72707.0,1,72708.0,0,72709.0,0,72709.0,0,72709.0
950,8371057_8_ld1,1,72709.0,1,72710.0,1,72711.0,0,72712.0,0,72712.0,0,72712.0,1,72712.0,0,72713.0,1,72713.0,0,72714.0,0,72714.0,0,72714.0,1,72714.0,0,72715.0,1,72715.0,0,72716.0,0,72716.0,0,72716.0,1,72716.0,1,72717.0,1,72718.0,0,72719.0,0,72719.0,0,72719.0,1,72719.0,1,72720.0,1,72721.0,0,72722.0,0,72722.0,0,72722.0
951,6301531_1_hdt,1,72722.0,1,72723.0,1,72724.0,0,72725.0,0,72725.0,0,72725.0,1,72725.0,0,72726.0,1,72726.0,0,72727.0,0,72727.0,0,72727.0,1,72727.0,0,72728.0,1,72728.0,0,72729.0,0,72729.0,0,72729.0,1,72729.0,1,72730.0,1,72731.0,0,72732.0,0,72732.0,0,72732.0,1,72732.0,1,72733.0,1,72734.0,0,72735.0,0,72735.0,0,72735.0
952,7366211_1_hdt,4,72735.0,4,72739.0,4,72743.0,0,72747.0,0,72747.0,0,72747.0,4,72747.0,0,72751.0,4,72751.0,0,72755.0,0,72755.0,0,72755.0,4,72755.0,0,72759.0,4,72759.0,0,72763.0,0,72763.0,0,72763.0,4,72763.0,4,72767.0,4,72771.0,0,72775.0,0,72775.0,0,72775.0,4,72775.0,4,72779.0,4,72783.0,0,72787.0,0,72787.0,0,72787.0
953,6381338_3_hdt,1,72787.0,1,72788.0,1,72789.0,0,72790.0,0,72790.0,0,72790.0,1,72790.0,0,72791.0,1,72791.0,0,72792.0,0,72792.0,0,72792.0,1,72792.0,0,72793.0,1,72793.0,0,72794.0,0,72794.0,0,72794.0,1,72794.0,1,72795.0,1,72796.0,0,72797.0,0,72797.0,0,72797.0,1,72797.0,1,72798.0,1,72799.0,0,72800.0,0,72800.0,0,72800.0
954,7366752_11_hdt,3,72800.0,3,72803.0,3,72806.0,0,72809.0,0,72809.0,0,72809.0,3,72809.0,0,72812.0,3,72812.0,0,72815.0,0,72815.0,0,72815.0,3,72815.0,0,72818.0,3,72818.0,0,72821.0,0,72821.0,0,72821.0,3,72821.0,3,72824.0,3,72827.0,0,72830.0,0,72830.0,0,72830.0,3,72830.0,3,72833.0,3,72836.0,0,72839.0,0,72839.0,0,72839.0
955,7366620_26_hdt,3,72839.0,3,72842.0,3,72845.0,0,72848.0,0,72848.0,0,72848.0,3,72848.0,0,72851.0,3,72851.0,0,72854.0,0,72854.0,0,72854.0,3,72854.0,0,72857.0,3,72857.0,0,72860.0,0,72860.0,0,72860.0,3,72860.0,3,72863.0,3,72866.0,0,72869.0,0,72869.0,0,72869.0,3,72869.0,3,72872.0,3,72875.0,0,72878.0,0,72878.0,0,72878.0
956,7367470_1_hdt,4,72878.0,4,72882.0,4,72886.0,0,72890.0,0,72890.0,0,72890.0,4,72890.0,0,72894.0,4,72894.0,0,72898.0,0,72898.0,0,72898.0,4,72898.0,0,72902.0,4,72902.0,0,72906.0,0,72906.0,0,72906.0,4,72906.0,4,72910.0,4,72914.0,0,72918.0,0,72918.0,0,72918.0,4,72918.0,4,72922.0,4,72926.0,0,72930.0,0,72930.0,0,72930.0
957,6436169_3_hdt,1,72930.0,1,72931.0,1,72932.0,0,72933.0,0,72933.0,0,72933.0,1,72933.0,0,72934.0,1,72934.0,0,72935.0,0,72935.0,0,72935.0,1,72935.0,0,72936.0,1,72936.0,0,72937.0,0,72937.0,0,72937.0,1,72937.0,1,72938.0,1,72939.0,0,72940.0,0,72940.0,0,72940.0,1,72940.0,1,72941.0,1,72942.0,0,72943.0,0,72943.0,0,72943.0
958,8370470_31_hdt,1,72943.0,1,72944.0,1,72945.0,0,72946.0,0,72946.0,0,72946.0,1,72946.0,0,72947.0,1,72947.0,0,72948.0,0,72948.0,0,72948.0,1,72948.0,0,72949.0,1,72949.0,0,72950.0,0,72950.0,0,72950.0,1,72950.0,1,72951.0,1,72952.0,0,72953.0,0,72953.0,0,72953.0,1,72953.0,1,72954.0,1,72955.0,0,72956.0,0,72956.0,0,72956.0
959,7363266_12_hdv,1,72956.0,1,72957.0,1,72958.0,0,72959.0,0,72959.0,0,72959.0,1,72959.0,0,72960.0,1,72960.0,0,72961.0,0,72961.0,0,72961.0,1,72961.0,0,72962.0,1,72962.0,0,72963.0,0,72963.0,0,72963.0,1,72963.0,1,72964.0,1,72965.0,0,72966.0,0,72966.0,0,72966.0,1,72966.0,1,72967.0,1,72968.0,0,72969.0,0,72969.0,0,72969.0
960,7365629_26_hdt,1,72969.0,1,72970.0,1,72971.0,0,72972.0,0,72972.0,0,72972.0,1,72972.0,0,72973.0,1,72973.0,0,72974.0,0,72974.0,0,72974.0,1,72974.0,0,72975.0,1,72975.0,0,72976.0,0,72976.0,0,72976.0,1,72976.0,1,72977.0,1,72978.0,0,72979.0,0,72979.0,0,72979.0,1,72979.0,1,72980.0,1,72981.0,0,72982.0,0,72982.0,0,72982.0
961,7371483_4_ld3,1,72982.0,1,72983.0,1,72984.0,0,72985.0,0,72985.0,0,72985.0,1,72985.0,0,72986.0,1,72986.0,0,72987.0,0,72987.0,0,72987.0,1,72987.0,0,72988.0,1,72988.0,0,72989.0,0,72989.0,0,72989.0,1,72989.0,1,72990.0,1,72991.0,0,72992.0,0,72992.0,0,72992.0,1,72992.0,1,72993.0,1,72994.0,0,72995.0,0,72995.0,0,72995.0
962,7365629_32_hdv,1,72995.0,1,72996.0,1,72997.0,0,72998.0,0,72998.0,0,72998.0,1,72998.0,0,72999.0,1,72999.0,0,73000.0,0,73000.0,0,73000.0,1,73000.0,0,73001.0,1,73001.0,0,73002.0,0,73002.0,0,73002.0,1,73002.0,1,73003.0,1,73004.0,0,73005.0,0,73005.0,0,73005.0,1,73005.0,1,73006.0,1,73007.0,0,73008.0,0,73008.0,0,73008.0
963,7362690_4_ld3,2,73008.0,2,73010.0,2,73012.0,0,73014.0,0,73014.0,0,73014.0,2,73014.0,0,73016.0,2,73016.0,0,73018.0,0,73018.0,0,73018.0,2,73018.0,0,73020.0,2,73020.0,0,73022.0,0,73022.0,0,73022.0,2,73022.0,2,73024.0,2,73026.0,0,73028.0,0,73028.0,0,73028.0,2,73028.0,2,73030.0,2,73032.0,0,73034.0,0,73034.0,0,73034.0
964,7363676_10_mdv,3,73034.0,3,73037.0,3,73040.0,0,73043.0,0,73043.0,0,73043.0,3,73043.0,0,73046.0,3,73046.0,0,73049.0,0,73049.0,0,73049.0,3,73049.0,0,73052.0,3,73052.0,0,73055.0,0,73055.0,0,73055.0,3,73055.0,3,73058.0,3,73061.0,0,73064.0,0,73064.0,0,73064.0,3,73064.0,3,73067.0,3,73070.0,0,73073.0,0,73073.0,0,73073.0
965,6376337_5_hdt,2,73073.0,2,73075.0,2,73077.0,0,73079.0,0,73079.0,0,73079.0,2,73079.0,0,73081.0,2,73081.0,0,73083.0,0,73083.0,0,73083.0,2,73083.0,0,73085.0,2,73085.0,0,73087.0,0,73087.0,0,73087.0,2,73087.0,2,73089.0,2,73091.0,0,73093.0,0,73093.0,0,73093.0,2,73093.0,2,73095.0,2,73097.0,0,73099.0,0,73099.0,0,73099.0
966,8394327_19_ld3,4,73099.0,4,73103.0,4,73107.0,0,73111.0,0,73111.0,0,73111.0,4,73111.0,0,73115.0,4,73115.0,0,73119.0,0,73119.0,0,73119.0,4,73119.0,0,73123.0,4,73123.0,0,73127.0,0,73127.0,0,73127.0,4,73127.0,4,73131.0,4,73135.0,0,73139.0,0,73139.0,0,73139.0,4,73139.0,4,73143.0,4,73147.0,0,73151.0,0,73151.0,0,73151.0
967,7367225_2_hdv,1,73151.0,1,73152.0,1,73153.0,0,73154.0,0,73154.0,0,73154.0,1,73154.0,0,73155.0,1,73155.0,0,73156.0,0,73156.0,0,73156.0,1,73156.0,0,73157.0,1,73157.0,0,73158.0,0,73158.0,0,73158.0,1,73158.0,1,73159.0,1,73160.0,0,73161.0,0,73161.0,0,73161.0,1,73161.0,1,73162.0,1,73163.0,0,73164.0,0,73164.0,0,73164.0
968,8395898_14_ld3,4,73164.0,4,73168.0,4,73172.0,0,73176.0,0,73176.0,0,73176.0,4,73176.0,0,73180.0,4,73180.0,0,73184.0,0,73184.0,0,73184.0,4,73184.0,0,73188.0,4,73188.0,0,73192.0,0,73192.0,0,73192.0,4,73192.0,4,73196.0,4,73200.0,0,73204.0,0,73204.0,0,73204.0,4,73204.0,4,73208.0,4,73212.0,0,73216.0,0,73216.0,0,73216.0
969,6355888_5_hdt,2,73216.0,2,73218.0,2,73220.0,0,73222.0,0,73222.0,0,73222.0,2,73222.0,0,73224.0,2,73224.0,0,73226.0,0,73226.0,0,73226.0,2,73226.0,0,73228.0,2,73228.0,0,73230.0,0,73230.0,0,73230.0,2,73230.0,2,73232.0,2,73234.0,0,73236.0,0,73236.0,0,73236.0,2,73236.0,2,73238.0,2,73240.0,0,73242.0,0,73242.0,0,73242.0
970,7366753_5_mdv,1,73242.0,1,73243.0,1,73244.0,0,73245.0,0,73245.0,0,73245.0,1,73245.0,0,73246.0,1,73246.0,0,73247.0,0,73247.0,0,73247.0,1,73247.0,0,73248.0,1,73248.0,0,73249.0,0,73249.0,0,73249.0,1,73249.0,1,73250.0,1,73251.0,0,73252.0,0,73252.0,0,73252.0,1,73252.0,1,73253.0,1,73254.0,0,73255.0,0,73255.0,0,73255.0
971,7366389_20_mdv,2,73255.0,2,73257.0,2,73259.0,0,73261.0,0,73261.0,0,73261.0,2,73261.0,0,73263.0,2,73263.0,0,73265.0,0,73265.0,0,73265.0,2,73265.0,0,73267.0,2,73267.0,0,73269.0,0,73269.0,0,73269.0,2,73269.0,2,73271.0,2,73273.0,0,73275.0,0,73275.0,0,73275.0,2,73275.0,2,73277.0,2,73279.0,0,73281.0,0,73281.0,0,73281.0
972,6414287_3_hdt,1,73281.0,1,73282.0,1,73283.0,0,73284.0,0,73284.0,0,73284.0,1,73284.0,0,73285.0,1,73285.0,0,73286.0,0,73286.0,0,73286.0,1,73286.0,0,73287.0,1,73287.0,0,73288.0,0,73288.0,0,73288.0,1,73288.0,1,73289.0,1,73290.0,0,73291.0,0,73291.0,0,73291.0,1,73291.0,1,73292.0,1,73293.0,0,73294.0,0,73294.0,0,73294.0
973,7371557_22_hdv,3,73294.0,3,73297.0,3,73300.0,0,73303.0,0,73303.0,0,73303.0,3,73303.0,0,73306.0,3,73306.0,0,73309.0,0,73309.0,0,73309.0,3,73309.0,0,73312.0,3,73312.0,0,73315.0,0,73315.0,0,73315.0,3,73315.0,3,73318.0,3,73321.0,0,73324.0,0,73324.0,0,73324.0,3,73324.0,3,73327.0,3,73330.0,0,73333.0,0,73333.0,0,73333.0
974,7361790_12_hdv,1,73333.0,1,73334.0,1,73335.0,0,73336.0,0,73336.0,0,73336.0,1,73336.0,0,73337.0,1,73337.0,0,73338.0,0,73338.0,0,73338.0,1,73338.0,0,73339.0,1,73339.0,0,73340.0,0,73340.0,0,73340.0,1,73340.0,1,73341.0,1,73342.0,0,73343.0,0,73343.0,0,73343.0,1,73343.0,1,73344.0,1,73345.0,0,73346.0,0,73346.0,0,73346.0
975,7369982_1_hdt,1,73346.0,1,73347.0,1,73348.0,0,73349.0,0,73349.0,0,73349.0,1,73349.0,0,73350.0,1,73350.0,0,73351.0,0,73351.0,0,73351.0,1,73351.0,0,73352.0,1,73352.0,0,73353.0,0,73353.0,0,73353.0,1,73353.0,1,73354.0,1,73355.0,0,73356.0,0,73356.0,0,73356.0,1,73356.0,1,73357.0,1,73358.0,0,73359.0,0,73359.0,0,73359.0
976,7369176_4_ld3,2,73359.0,2,73361.0,2,73363.0,0,73365.0,0,73365.0,0,73365.0,2,73365.0,0,73367.0,2,73367.0,0,73369.0,0,73369.0,0,73369.0,2,73369.0,0,73371.0,2,73371.0,0,73373.0,0,73373.0,0,73373.0,2,73373.0,2,73375.0,2,73377.0,0,73379.0,0,73379.0,0,73379.0,2,73379.0,2,73381.0,2,73383.0,0,73385.0,0,73385.0,0,73385.0
977,7363266_14_ld3,1,73385.0,1,73386.0,1,73387.0,0,73388.0,0,73388.0,0,73388.0,1,73388.0,0,73389.0,1,73389.0,0,73390.0,0,73390.0,0,73390.0,1,73390.0,0,73391.0,1,73391.0,0,73392.0,0,73392.0,0,73392.0,1,73392.0,1,73393.0,1,73394.0,0,73395.0,0,73395.0,0,73395.0,1,73395.0,1,73396.0,1,73397.0,0,73398.0,0,73398.0,0,73398.0
978,7361805_9_mdv,1,73398.0,1,73399.0,1,73400.0,0,73401.0,0,73401.0,0,73401.0,1,73401.0,0,73402.0,1,73402.0,0,73403.0,0,73403.0,0,73403.0,1,73403.0,0,73404.0,1,73404.0,0,73405.0,0,73405.0,0,73405.0,1,73405.0,1,73406.0,1,73407.0,0,73408.0,0,73408.0,0,73408.0,1,73408.0,1,73409.0,1,73410.0,0,73411.0,0,73411.0,0,73411.0
979,7365038_6_hdt,1,73411.0,1,73412.0,1,73413.0,0,73414.0,0,73414.0,0,73414.0,1,73414.0,0,73415.0,1,73415.0,0,73416.0,0,73416.0,0,73416.0,1,73416.0,0,73417.0,1,73417.0,0,73418.0,0,73418.0,0,73418.0,1,73418.0,1,73419.0,1,73420.0,0,73421.0,0,73421.0,0,73421.0,1,73421.0,1,73422.0,1,73423.0,0,73424.0,0,73424.0,0,73424.0
980,6354229_6_hdt,1,73424.0,1,73425.0,1,73426.0,0,73427.0,0,73427.0,0,73427.0,1,73427.0,0,73428.0,1,73428.0,0,73429.0,0,73429.0,0,73429.0,1,73429.0,0,73430.0,1,73430.0,0,73431.0,0,73431.0,0,73431.0,1,73431.0,1,73432.0,1,73433.0,0,73434.0,0,73434.0,0,73434.0,1,73434.0,1,73435.0,1,73436.0,0,73437.0,0,73437.0,0,73437.0
981,6288656_2_hdt,1,73437.0,1,73438.0,1,73439.0,0,73440.0,0,73440.0,0,73440.0,1,73440.0,0,73441.0,1,73441.0,0,73442.0,0,73442.0,0,73442.0,1,73442.0,0,73443.0,1,73443.0,0,73444.0,0,73444.0,0,73444.0,1,73444.0,1,73445.0,1,73446.0,0,73447.0,0,73447.0,0,73447.0,1,73447.0,1,73448.0,1,73449.0,0,73450.0,0,73450.0,0,73450.0
982,7374249_11_hdt,1,73450.0,1,73451.0,1,73452.0,0,73453.0,0,73453.0,0,73453.0,1,73453.0,0,73454.0,1,73454.0,0,73455.0,0,73455.0,0,73455.0,1,73455.0,0,73456.0,1,73456.0,0,73457.0,0,73457.0,0,73457.0,1,73457.0,1,73458.0,1,73459.0,0,73460.0,0,73460.0,0,73460.0,1,73460.0,1,73461.0,1,73462.0,0,73463.0,0,73463.0,0,73463.0
983,6366746_3_hdt,1,73463.0,1,73464.0,1,73465.0,0,73466.0,0,73466.0,0,73466.0,1,73466.0,0,73467.0,1,73467.0,0,73468.0,0,73468.0,0,73468.0,1,73468.0,0,73469.0,1,73469.0,0,73470.0,0,73470.0,0,73470.0,1,73470.0,1,73471.0,1,73472.0,0,73473.0,0,73473.0,0,73473.0,1,73473.0,1,73474.0,1,73475.0,0,73476.0,0,73476.0,0,73476.0
984,5022997_3_hdt,1,73476.0,1,73477.0,1,73478.0,0,73479.0,0,73479.0,0,73479.0,1,73479.0,0,73480.0,1,73480.0,0,73481.0,0,73481.0,0,73481.0,1,73481.0,0,73482.0,1,73482.0,0,73483.0,0,73483.0,0,73483.0,1,73483.0,1,73484.0,1,73485.0,0,73486.0,0,73486.0,0,73486.0,1,73486.0,1,73487.0,1,73488.0,0,73489.0,0,73489.0,0,73489.0
985,7192092_35_hdt,1,73489.0,1,73490.0,1,73491.0,0,73492.0,0,73492.0,0,73492.0,1,73492.0,0,73493.0,1,73493.0,0,73494.0,0,73494.0,0,73494.0,1,73494.0,0,73495.0,1,73495.0,0,73496.0,0,73496.0,0,73496.0,1,73496.0,1,73497.0,1,73498.0,0,73499.0,0,73499.0,0,73499.0,1,73499.0,1,73500.0,1,73501.0,0,73502.0,0,73502.0,0,73502.0
986,7357607_7_hdt,4,73502.0,4,73506.0,4,73510.0,0,73514.0,0,73514.0,0,73514.0,4,73514.0,0,73518.0,4,73518.0,0,73522.0,0,73522.0,0,73522.0,4,73522.0,0,73526.0,4,73526.0,0,73530.0,0,73530.0,0,73530.0,4,73530.0,4,73534.0,4,73538.0,0,73542.0,0,73542.0,0,73542.0,4,73542.0,4,73546.0,4,73550.0,0,73554.0,0,73554.0,0,73554.0
987,3632365_1_hdt,2,73554.0,2,73556.0,2,73558.0,0,73560.0,0,73560.0,0,73560.0,2,73560.0,0,73562.0,2,73562.0,0,73564.0,0,73564.0,0,73564.0,2,73564.0,0,73566.0,2,73566.0,0,73568.0,0,73568.0,0,73568.0,2,73568.0,2,73570.0,2,73572.0,0,73574.0,0,73574.0,0,73574.0,2,73574.0,2,73576.0,2,73578.0,0,73580.0,0,73580.0,0,73580.0
988,7369899_46_hdt,4,73580.0,4,73584.0,4,73588.0,0,73592.0,0,73592.0,0,73592.0,4,73592.0,0,73596.0,4,73596.0,0,73600.0,0,73600.0,0,73600.0,4,73600.0,0,73604.0,4,73604.0,0,73608.0,0,73608.0,0,73608.0,4,73608.0,4,73612.0,4,73616.0,0,73620.0,0,73620.0,0,73620.0,4,73620.0,4,73624.0,4,73628.0,0,73632.0,0,73632.0,0,73632.0
989,6291495_3_hdt,1,73632.0,1,73633.0,1,73634.0,0,73635.0,0,73635.0,0,73635.0,1,73635.0,0,73636.0,1,73636.0,0,73637.0,0,73637.0,0,73637.0,1,73637.0,0,73638.0,1,73638.0,0,73639.0,0,73639.0,0,73639.0,1,73639.0,1,73640.0,1,73641.0,0,73642.0,0,73642.0,0,73642.0,1,73642.0,1,73643.0,1,73644.0,0,73645.0,0,73645.0,0,73645.0
990,6429115_1_hdt,1,73645.0,1,73646.0,1,73647.0,0,73648.0,0,73648.0,0,73648.0,1,73648.0,0,73649.0,1,73649.0,0,73650.0,0,73650.0,0,73650.0,1,73650.0,0,73651.0,1,73651.0,0,73652.0,0,73652.0,0,73652.0,1,73652.0,1,73653.0,1,73654.0,0,73655.0,0,73655.0,0,73655.0,1,73655.0,1,73656.0,1,73657.0,0,73658.0,0,73658.0,0,73658.0
991,7361344_17_hdv,1,73658.0,1,73659.0,1,73660.0,0,73661.0,0,73661.0,0,73661.0,1,73661.0,0,73662.0,1,73662.0,0,73663.0,0,73663.0,0,73663.0,1,73663.0,0,73664.0,1,73664.0,0,73665.0,0,73665.0,0,73665.0,1,73665.0,1,73666.0,1,73667.0,0,73668.0,0,73668.0,0,73668.0,1,73668.0,1,73669.0,1,73670.0,0,73671.0,0,73671.0,0,73671.0
992,7371483_6_hdt,7,73671.0,7,73678.0,7,73685.0,0,73692.0,0,73692.0,0,73692.0,7,73692.0,0,73699.0,7,73699.0,0,73706.0,0,73706.0,0,73706.0,7,73706.0,0,73713.0,7,73713.0,0,73720.0,0,73720.0,0,73720.0,7,73720.0,7,73727.0,7,73734.0,0,73741.0,0,73741.0,0,73741.0,7,73741.0,7,73748.0,7,73755.0,0,73762.0,0,73762.0,0,73762.0
993,8371057_4_ld3,1,73762.0,1,73763.0,1,73764.0,0,73765.0,0,73765.0,0,73765.0,1,73765.0,0,73766.0,1,73766.0,0,73767.0,0,73767.0,0,73767.0,1,73767.0,0,73768.0,1,73768.0,0,73769.0,0,73769.0,0,73769.0,1,73769.0,1,73770.0,1,73771.0,0,73772.0,0,73772.0,0,73772.0,1,73772.0,1,73773.0,1,73774.0,0,73775.0,0,73775.0,0,73775.0
994,7192144_23_ld1,2,73775.0,2,73777.0,2,73779.0,0,73781.0,0,73781.0,0,73781.0,2,73781.0,0,73783.0,2,73783.0,0,73785.0,0,73785.0,0,73785.0,2,73785.0,0,73787.0,2,73787.0,0,73789.0,0,73789.0,0,73789.0,2,73789.0,2,73791.0,2,73793.0,0,73795.0,0,73795.0,0,73795.0,2,73795.0,2,73797.0,2,73799.0,0,73801.0,0,73801.0,0,73801.0
995,7365023_6_hdt,8,73801.0,8,73809.0,8,73817.0,0,73825.0,0,73825.0,0,73825.0,8,73825.0,0,73833.0,8,73833.0,0,73841.0,0,73841.0,0,73841.0,8,73841.0,0,73849.0,8,73849.0,0,73857.0,0,73857.0,0,73857.0,8,73857.0,8,73865.0,8,73873.0,0,73881.0,0,73881.0,0,73881.0,8,73881.0,8,73889.0,8,73897.0,0,73905.0,0,73905.0,0,73905.0
996,8394328_13_hdv,6,73905.0,6,73911.0,6,73917.0,0,73923.0,0,73923.0,0,73923.0,6,73923.0,0,73929.0,6,73929.0,0,73935.0,0,73935.0,0,73935.0,6,73935.0,0,73941.0,6,73941.0,0,73947.0,0,73947.0,0,73947.0,6,73947.0,6,73953.0,6,73959.0,0,73965.0,0,73965.0,0,73965.0,6,73965.0,6,73971.0,6,73977.0,0,73983.0,0,73983.0,0,73983.0
997,8394354_11_hdt,24,73983.0,24,74007.0,24,74031.0,0,74055.0,0,74055.0,0,74055.0,24,74055.0,0,74079.0,24,74079.0,0,74103.0,0,74103.0,0,74103.0,24,74103.0,0,74127.0,24,74127.0,0,74151.0,0,74151.0,0,74151.0,24,74151.0,24,74175.0,24,74199.0,0,74223.0,0,74223.0,0,74223.0,24,74223.0,24,74247.0,24,74271.0,0,74295.0,0,74295.0,0,74295.0
998,8394328_17_hdv,6,74295.0,6,74301.0,6,74307.0,0,74313.0,0,74313.0,0,74313.0,6,74313.0,0,74319.0,6,74319.0,0,74325.0,0,74325.0,0,74325.0,6,74325.0,0,74331.0,6,74331.0,0,74337.0,0,74337.0,0,74337.0,6,74337.0,6,74343.0,6,74349.0,0,74355.0,0,74355.0,0,74355.0,6,74355.0,6,74361.0,6,74367.0,0,74373.0,0,74373.0,0,74373.0
999,6296682_3_hdt,1,74373.0,1,74374.0,1,74375.0,0,74376.0,0,74376.0,0,74376.0,1,74376.0,0,74377.0,1,74377.0,0,74378.0,0,74378.0,0,74378.0,1,74378.0,0,74379.0,1,74379.0,0,74380.0,0,74380.0,0,74380.0,1,74380.0,1,74381.0,1,74382.0,0,74383.0,0,74383.0,0,74383.0,1,74383.0,1,74384.0,1,74385.0,0,74386.0,0,74386.0,0,74386.0
1000,7371557_6_hdt,2,74386.0,2,74388.0,2,74390.0,0,74392.0,0,74392.0,0,74392.0,2,74392.0,0,74394.0,2,74394.0,0,74396.0,0,74396.0,0,74396.0,2,74396.0,0,74398.0,2,74398.0,0,74400.0,0,74400.0,0,74400.0,2,74400.0,2,74402.0,2,74404.0,0,74406.0,0,74406.0,0,74406.0,2,74406.0,2,74408.0,2,74410.0,0,74412.0,0,74412.0,0,74412.0
1001,7373504_26_hdt,1,74412.0,1,74413.0,1,74414.0,0,74415.0,0,74415.0,0,74415.0,1,74415.0,0,74416.0,1,74416.0,0,74417.0,0,74417.0,0,74417.0,1,74417.0,0,74418.0,1,74418.0,0,74419.0,0,74419.0,0,74419.0,1,74419.0,1,74420.0,1,74421.0,0,74422.0,0,74422.0,0,74422.0,1,74422.0,1,74423.0,1,74424.0,0,74425.0,0,74425.0,0,74425.0
1002,7145095_1_hdt,7,74425.0,7,74432.0,7,74439.0,0,74446.0,0,74446.0,0,74446.0,7,74446.0,0,74453.0,7,74453.0,0,74460.0,0,74460.0,0,74460.0,7,74460.0,0,74467.0,7,74467.0,0,74474.0,0,74474.0,0,74474.0,7,74474.0,7,74481.0,7,74488.0,0,74495.0,0,74495.0,0,74495.0,7,74495.0,7,74502.0,7,74509.0,0,74516.0,0,74516.0,0,74516.0
1003,7365547_1_hdt,3,74516.0,3,74519.0,3,74522.0,0,74525.0,0,74525.0,0,74525.0,3,74525.0,0,74528.0,3,74528.0,0,74531.0,0,74531.0,0,74531.0,3,74531.0,0,74534.0,3,74534.0,0,74537.0,0,74537.0,0,74537.0,3,74537.0,3,74540.0,3,74543.0,0,74546.0,0,74546.0,0,74546.0,3,74546.0,3,74549.0,3,74552.0,0,74555.0,0,74555.0,0,74555.0
1004,7366501_21_hdt,6,74555.0,6,74561.0,6,74567.0,0,74573.0,0,74573.0,0,74573.0,6,74573.0,0,74579.0,6,74579.0,0,74585.0,0,74585.0,0,74585.0,6,74585.0,0,74591.0,6,74591.0,0,74597.0,0,74597.0,0,74597.0,6,74597.0,6,74603.0,6,74609.0,0,74615.0,0,74615.0,0,74615.0,6,74615.0,6,74621.0,6,74627.0,0,74633.0,0,74633.0,0,74633.0
1005,8395620_11_ld3,7,74633.0,7,74640.0,7,74647.0,0,74654.0,0,74654.0,0,74654.0,7,74654.0,0,74661.0,7,74661.0,0,74668.0,0,74668.0,0,74668.0,7,74668.0,0,74675.0,7,74675.0,0,74682.0,0,74682.0,0,74682.0,7,74682.0,7,74689.0,7,74696.0,0,74703.0,0,74703.0,0,74703.0,7,74703.0,7,74710.0,7,74717.0,0,74724.0,0,74724.0,0,74724.0
1006,7367065_15_mdv,4,74724.0,4,74728.0,4,74732.0,0,74736.0,0,74736.0,0,74736.0,4,74736.0,0,74740.0,4,74740.0,0,74744.0,0,74744.0,0,74744.0,4,74744.0,0,74748.0,4,74748.0,0,74752.0,0,74752.0,0,74752.0,4,74752.0,4,74756.0,4,74760.0,0,74764.0,0,74764.0,0,74764.0,4,74764.0,4,74768.0,4,74772.0,0,74776.0,0,74776.0,0,74776.0
1007,7361887_12_hdv,2,74776.0,2,74778.0,2,74780.0,0,74782.0,0,74782.0,0,74782.0,2,74782.0,0,74784.0,2,74784.0,0,74786.0,0,74786.0,0,74786.0,2,74786.0,0,74788.0,2,74788.0,0,74790.0,0,74790.0,0,74790.0,2,74790.0,2,74792.0,2,74794.0,0,74796.0,0,74796.0,0,74796.0,2,74796.0,2,74798.0,2,74800.0,0,74802.0,0,74802.0,0,74802.0
1008,6378007_1_hdt,1,74802.0,1,74803.0,1,74804.0,0,74805.0,0,74805.0,0,74805.0,1,74805.0,0,74806.0,1,74806.0,0,74807.0,0,74807.0,0,74807.0,1,74807.0,0,74808.0,1,74808.0,0,74809.0,0,74809.0,0,74809.0,1,74809.0,1,74810.0,1,74811.0,0,74812.0,0,74812.0,0,74812.0,1,74812.0,1,74813.0,1,74814.0,0,74815.0,0,74815.0,0,74815.0
1009,7374212_20_mdv,1,74815.0,1,74816.0,1,74817.0,0,74818.0,0,74818.0,0,74818.0,1,74818.0,0,74819.0,1,74819.0,0,74820.0,0,74820.0,0,74820.0,1,74820.0,0,74821.0,1,74821.0,0,74822.0,0,74822.0,0,74822.0,1,74822.0,1,74823.0,1,74824.0,0,74825.0,0,74825.0,0,74825.0,1,74825.0,1,74826.0,1,74827.0,0,74828.0,0,74828.0,0,74828.0
1010,7360029_26_hdt,1,74828.0,1,74829.0,1,74830.0,0,74831.0,0,74831.0,0,74831.0,1,74831.0,0,74832.0,1,74832.0,0,74833.0,0,74833.0,0,74833.0,1,74833.0,0,74834.0,1,74834.0,0,74835.0,0,74835.0,0,74835.0,1,74835.0,1,74836.0,1,74837.0,0,74838.0,0,74838.0,0,74838.0,1,74838.0,1,74839.0,1,74840.0,0,74841.0,0,74841.0,0,74841.0
1011,7359966_39_ld3,1,74841.0,1,74842.0,1,74843.0,0,74844.0,0,74844.0,0,74844.0,1,74844.0,0,74845.0,1,74845.0,0,74846.0,0,74846.0,0,74846.0,1,74846.0,0,74847.0,1,74847.0,0,74848.0,0,74848.0,0,74848.0,1,74848.0,1,74849.0,1,74850.0,0,74851.0,0,74851.0,0,74851.0,1,74851.0,1,74852.0,1,74853.0,0,74854.0,0,74854.0,0,74854.0
1012,6292395_4_hdt,1,74854.0,1,74855.0,1,74856.0,0,74857.0,0,74857.0,0,74857.0,1,74857.0,0,74858.0,1,74858.0,0,74859.0,0,74859.0,0,74859.0,1,74859.0,0,74860.0,1,74860.0,0,74861.0,0,74861.0,0,74861.0,1,74861.0,1,74862.0,1,74863.0,0,74864.0,0,74864.0,0,74864.0,1,74864.0,1,74865.0,1,74866.0,0,74867.0,0,74867.0,0,74867.0
1013,6376903_4_hdt,5,74867.0,5,74872.0,5,74877.0,0,74882.0,0,74882.0,0,74882.0,5,74882.0,0,74887.0,5,74887.0,0,74892.0,0,74892.0,0,74892.0,5,74892.0,0,74897.0,5,74897.0,0,74902.0,0,74902.0,0,74902.0,5,74902.0,5,74907.0,5,74912.0,0,74917.0,0,74917.0,0,74917.0,5,74917.0,5,74922.0,5,74927.0,0,74932.0,0,74932.0,0,74932.0
1014,6376936_7_hdt,5,74932.0,5,74937.0,5,74942.0,0,74947.0,0,74947.0,0,74947.0,5,74947.0,0,74952.0,5,74952.0,0,74957.0,0,74957.0,0,74957.0,5,74957.0,0,74962.0,5,74962.0,0,74967.0,0,74967.0,0,74967.0,5,74967.0,5,74972.0,5,74977.0,0,74982.0,0,74982.0,0,74982.0,5,74982.0,5,74987.0,5,74992.0,0,74997.0,0,74997.0,0,74997.0
1015,7365038_16_hdt,2,74997.0,2,74999.0,2,75001.0,0,75003.0,0,75003.0,0,75003.0,2,75003.0,0,75005.0,2,75005.0,0,75007.0,0,75007.0,0,75007.0,2,75007.0,0,75009.0,2,75009.0,0,75011.0,0,75011.0,0,75011.0,2,75011.0,2,75013.0,2,75015.0,0,75017.0,0,75017.0,0,75017.0,2,75017.0,2,75019.0,2,75021.0,0,75023.0,0,75023.0,0,75023.0
1016,7365597_1_hdt,2,75023.0,2,75025.0,2,75027.0,0,75029.0,0,75029.0,0,75029.0,2,75029.0,0,75031.0,2,75031.0,0,75033.0,0,75033.0,0,75033.0,2,75033.0,0,75035.0,2,75035.0,0,75037.0,0,75037.0,0,75037.0,2,75037.0,2,75039.0,2,75041.0,0,75043.0,0,75043.0,0,75043.0,2,75043.0,2,75045.0,2,75047.0,0,75049.0,0,75049.0,0,75049.0
1017,7366429_21_hdt,2,75049.0,2,75051.0,2,75053.0,0,75055.0,0,75055.0,0,75055.0,2,75055.0,0,75057.0,2,75057.0,0,75059.0,0,75059.0,0,75059.0,2,75059.0,0,75061.0,2,75061.0,0,75063.0,0,75063.0,0,75063.0,2,75063.0,2,75065.0,2,75067.0,0,75069.0,0,75069.0,0,75069.0,2,75069.0,2,75071.0,2,75073.0,0,75075.0,0,75075.0,0,75075.0
1018,7360480_4_hdt,2,75075.0,2,75077.0,2,75079.0,0,75081.0,0,75081.0,0,75081.0,2,75081.0,0,75083.0,2,75083.0,0,75085.0,0,75085.0,0,75085.0,2,75085.0,0,75087.0,2,75087.0,0,75089.0,0,75089.0,0,75089.0,2,75089.0,2,75091.0,2,75093.0,0,75095.0,0,75095.0,0,75095.0,2,75095.0,2,75097.0,2,75099.0,0,75101.0,0,75101.0,0,75101.0
1019,6365521_3_hdt,2,75101.0,2,75103.0,2,75105.0,0,75107.0,0,75107.0,0,75107.0,2,75107.0,0,75109.0,2,75109.0,0,75111.0,0,75111.0,0,75111.0,2,75111.0,0,75113.0,2,75113.0,0,75115.0,0,75115.0,0,75115.0,2,75115.0,2,75117.0,2,75119.0,0,75121.0,0,75121.0,0,75121.0,2,75121.0,2,75123.0,2,75125.0,0,75127.0,0,75127.0,0,75127.0
1020,6378673_6_hdt,1,75127.0,1,75128.0,1,75129.0,0,75130.0,0,75130.0,0,75130.0,1,75130.0,0,75131.0,1,75131.0,0,75132.0,0,75132.0,0,75132.0,1,75132.0,0,75133.0,1,75133.0,0,75134.0,0,75134.0,0,75134.0,1,75134.0,1,75135.0,1,75136.0,0,75137.0,0,75137.0,0,75137.0,1,75137.0,1,75138.0,1,75139.0,0,75140.0,0,75140.0,0,75140.0
1021,6371066_1_hdt,1,75140.0,1,75141.0,1,75142.0,0,75143.0,0,75143.0,0,75143.0,1,75143.0,0,75144.0,1,75144.0,0,75145.0,0,75145.0,0,75145.0,1,75145.0,0,75146.0,1,75146.0,0,75147.0,0,75147.0,0,75147.0,1,75147.0,1,75148.0,1,75149.0,0,75150.0,0,75150.0,0,75150.0,1,75150.0,1,75151.0,1,75152.0,0,75153.0,0,75153.0,0,75153.0
1022,6376583_3_hdt,1,75153.0,1,75154.0,1,75155.0,0,75156.0,0,75156.0,0,75156.0,1,75156.0,0,75157.0,1,75157.0,0,75158.0,0,75158.0,0,75158.0,1,75158.0,0,75159.0,1,75159.0,0,75160.0,0,75160.0,0,75160.0,1,75160.0,1,75161.0,1,75162.0,0,75163.0,0,75163.0,0,75163.0,1,75163.0,1,75164.0,1,75165.0,0,75166.0,0,75166.0,0,75166.0
1023,7361790_31_hdt,10,75166.0,10,75176.0,10,75186.0,0,75196.0,0,75196.0,0,75196.0,10,75196.0,0,75206.0,10,75206.0,0,75216.0,0,75216.0,0,75216.0,10,75216.0,0,75226.0,10,75226.0,0,75236.0,0,75236.0,0,75236.0,10,75236.0,10,75246.0,10,75256.0,0,75266.0,0,75266.0,0,75266.0,10,75266.0,10,75276.0,10,75286.0,0,75296.0,0,75296.0,0,75296.0
1024,7366389_16_hdt,2,75296.0,2,75298.0,2,75300.0,0,75302.0,0,75302.0,0,75302.0,2,75302.0,0,75304.0,2,75304.0,0,75306.0,0,75306.0,0,75306.0,2,75306.0,0,75308.0,2,75308.0,0,75310.0,0,75310.0,0,75310.0,2,75310.0,2,75312.0,2,75314.0,0,75316.0,0,75316.0,0,75316.0,2,75316.0,2,75318.0,2,75320.0,0,75322.0,0,75322.0,0,75322.0
1025,7367024_13_hdt,2,75322.0,2,75324.0,2,75326.0,0,75328.0,0,75328.0,0,75328.0,2,75328.0,0,75330.0,2,75330.0,0,75332.0,0,75332.0,0,75332.0,2,75332.0,0,75334.0,2,75334.0,0,75336.0,0,75336.0,0,75336.0,2,75336.0,2,75338.0,2,75340.0,0,75342.0,0,75342.0,0,75342.0,2,75342.0,2,75344.0,2,75346.0,0,75348.0,0,75348.0,0,75348.0
1026,7364918_21_hdt,2,75348.0,2,75350.0,2,75352.0,0,75354.0,0,75354.0,0,75354.0,2,75354.0,0,75356.0,2,75356.0,0,75358.0,0,75358.0,0,75358.0,2,75358.0,0,75360.0,2,75360.0,0,75362.0,0,75362.0,0,75362.0,2,75362.0,2,75364.0,2,75366.0,0,75368.0,0,75368.0,0,75368.0,2,75368.0,2,75370.0,2,75372.0,0,75374.0,0,75374.0,0,75374.0
1027,6407889_6_hdt,1,75374.0,1,75375.0,1,75376.0,0,75377.0,0,75377.0,0,75377.0,1,75377.0,0,75378.0,1,75378.0,0,75379.0,0,75379.0,0,75379.0,1,75379.0,0,75380.0,1,75380.0,0,75381.0,0,75381.0,0,75381.0,1,75381.0,1,75382.0,1,75383.0,0,75384.0,0,75384.0,0,75384.0,1,75384.0,1,75385.0,1,75386.0,0,75387.0,0,75387.0,0,75387.0
1028,7367225_1_hdt,2,75387.0,2,75389.0,2,75391.0,0,75393.0,0,75393.0,0,75393.0,2,75393.0,0,75395.0,2,75395.0,0,75397.0,0,75397.0,0,75397.0,2,75397.0,0,75399.0,2,75399.0,0,75401.0,0,75401.0,0,75401.0,2,75401.0,2,75403.0,2,75405.0,0,75407.0,0,75407.0,0,75407.0,2,75407.0,2,75409.0,2,75411.0,0,75413.0,0,75413.0,0,75413.0
1029,7364692_19_hdt,6,75413.0,6,75419.0,6,75425.0,0,75431.0,0,75431.0,0,75431.0,6,75431.0,0,75437.0,6,75437.0,0,75443.0,0,75443.0,0,75443.0,6,75443.0,0,75449.0,6,75449.0,0,75455.0,0,75455.0,0,75455.0,6,75455.0,6,75461.0,6,75467.0,0,75473.0,0,75473.0,0,75473.0,6,75473.0,6,75479.0,6,75485.0,0,75491.0,0,75491.0,0,75491.0
1030,7361891_36_hdt,2,75491.0,2,75493.0,2,75495.0,0,75497.0,0,75497.0,0,75497.0,2,75497.0,0,75499.0,2,75499.0,0,75501.0,0,75501.0,0,75501.0,2,75501.0,0,75503.0,2,75503.0,0,75505.0,0,75505.0,0,75505.0,2,75505.0,2,75507.0,2,75509.0,0,75511.0,0,75511.0,0,75511.0,2,75511.0,2,75513.0,2,75515.0,0,75517.0,0,75517.0,0,75517.0
1031,7366389_21_hdt,12,75517.0,12,75529.0,12,75541.0,0,75553.0,0,75553.0,0,75553.0,12,75553.0,0,75565.0,12,75565.0,0,75577.0,0,75577.0,0,75577.0,12,75577.0,0,75589.0,12,75589.0,0,75601.0,0,75601.0,0,75601.0,12,75601.0,12,75613.0,12,75625.0,0,75637.0,0,75637.0,0,75637.0,12,75637.0,12,75649.0,12,75661.0,0,75673.0,0,75673.0,0,75673.0
1032,7370497_1_hdt,2,75673.0,2,75675.0,2,75677.0,0,75679.0,0,75679.0,0,75679.0,2,75679.0,0,75681.0,2,75681.0,0,75683.0,0,75683.0,0,75683.0,2,75683.0,0,75685.0,2,75685.0,0,75687.0,0,75687.0,0,75687.0,2,75687.0,2,75689.0,2,75691.0,0,75693.0,0,75693.0,0,75693.0,2,75693.0,2,75695.0,2,75697.0,0,75699.0,0,75699.0,0,75699.0
1033,6354502_3_hdt,1,75699.0,1,75700.0,1,75701.0,0,75702.0,0,75702.0,0,75702.0,1,75702.0,0,75703.0,1,75703.0,0,75704.0,0,75704.0,0,75704.0,1,75704.0,0,75705.0,1,75705.0,0,75706.0,0,75706.0,0,75706.0,1,75706.0,1,75707.0,1,75708.0,0,75709.0,0,75709.0,0,75709.0,1,75709.0,1,75710.0,1,75711.0,0,75712.0,0,75712.0,0,75712.0
1034,6367737_1_hdt,1,75712.0,1,75713.0,1,75714.0,0,75715.0,0,75715.0,0,75715.0,1,75715.0,0,75716.0,1,75716.0,0,75717.0,0,75717.0,0,75717.0,1,75717.0,0,75718.0,1,75718.0,0,75719.0,0,75719.0,0,75719.0,1,75719.0,1,75720.0,1,75721.0,0,75722.0,0,75722.0,0,75722.0,1,75722.0,1,75723.0,1,75724.0,0,75725.0,0,75725.0,0,75725.0
1035,6355271_1_hdt,1,75725.0,1,75726.0,1,75727.0,0,75728.0,0,75728.0,0,75728.0,1,75728.0,0,75729.0,1,75729.0,0,75730.0,0,75730.0,0,75730.0,1,75730.0,0,75731.0,1,75731.0,0,75732.0,0,75732.0,0,75732.0,1,75732.0,1,75733.0,1,75734.0,0,75735.0,0,75735.0,0,75735.0,1,75735.0,1,75736.0,1,75737.0,0,75738.0,0,75738.0,0,75738.0
1036,6356426_3_hdt,1,75738.0,1,75739.0,1,75740.0,0,75741.0,0,75741.0,0,75741.0,1,75741.0,0,75742.0,1,75742.0,0,75743.0,0,75743.0,0,75743.0,1,75743.0,0,75744.0,1,75744.0,0,75745.0,0,75745.0,0,75745.0,1,75745.0,1,75746.0,1,75747.0,0,75748.0,0,75748.0,0,75748.0,1,75748.0,1,75749.0,1,75750.0,0,75751.0,0,75751.0,0,75751.0
1037,7365038_1_hdt,8,75751.0,8,75759.0,8,75767.0,0,75775.0,0,75775.0,0,75775.0,8,75775.0,0,75783.0,8,75783.0,0,75791.0,0,75791.0,0,75791.0,8,75791.0,0,75799.0,8,75799.0,0,75807.0,0,75807.0,0,75807.0,8,75807.0,8,75815.0,8,75823.0,0,75831.0,0,75831.0,0,75831.0,8,75831.0,8,75839.0,8,75847.0,0,75855.0,0,75855.0,0,75855.0
1038,7362668_21_hdt,8,75855.0,8,75863.0,8,75871.0,0,75879.0,0,75879.0,0,75879.0,8,75879.0,0,75887.0,8,75887.0,0,75895.0,0,75895.0,0,75895.0,8,75895.0,0,75903.0,8,75903.0,0,75911.0,0,75911.0,0,75911.0,8,75911.0,8,75919.0,8,75927.0,0,75935.0,0,75935.0,0,75935.0,8,75935.0,8,75943.0,8,75951.0,0,75959.0,0,75959.0,0,75959.0
1039,7370497_11_hdt,2,75959.0,2,75961.0,2,75963.0,0,75965.0,0,75965.0,0,75965.0,2,75965.0,0,75967.0,2,75967.0,0,75969.0,0,75969.0,0,75969.0,2,75969.0,0,75971.0,2,75971.0,0,75973.0,0,75973.0,0,75973.0,2,75973.0,2,75975.0,2,75977.0,0,75979.0,0,75979.0,0,75979.0,2,75979.0,2,75981.0,2,75983.0,0,75985.0,0,75985.0,0,75985.0
1040,7366717_1_hdt,2,75985.0,2,75987.0,2,75989.0,0,75991.0,0,75991.0,0,75991.0,2,75991.0,0,75993.0,2,75993.0,0,75995.0,0,75995.0,0,75995.0,2,75995.0,0,75997.0,2,75997.0,0,75999.0,0,75999.0,0,75999.0,2,75999.0,2,76001.0,2,76003.0,0,76005.0,0,76005.0,0,76005.0,2,76005.0,2,76007.0,2,76009.0,0,76011.0,0,76011.0,0,76011.0
1041,7369625_6_hdt,2,76011.0,2,76013.0,2,76015.0,0,76017.0,0,76017.0,0,76017.0,2,76017.0,0,76019.0,2,76019.0,0,76021.0,0,76021.0,0,76021.0,2,76021.0,0,76023.0,2,76023.0,0,76025.0,0,76025.0,0,76025.0,2,76025.0,2,76027.0,2,76029.0,0,76031.0,0,76031.0,0,76031.0,2,76031.0,2,76033.0,2,76035.0,0,76037.0,0,76037.0,0,76037.0
1042,6398655_1_hdt,1,76037.0,1,76038.0,1,76039.0,0,76040.0,0,76040.0,0,76040.0,1,76040.0,0,76041.0,1,76041.0,0,76042.0,0,76042.0,0,76042.0,1,76042.0,0,76043.0,1,76043.0,0,76044.0,0,76044.0,0,76044.0,1,76044.0,1,76045.0,1,76046.0,0,76047.0,0,76047.0,0,76047.0,1,76047.0,1,76048.0,1,76049.0,0,76050.0,0,76050.0,0,76050.0
1043,6413916_1_hdt,1,76050.0,1,76051.0,1,76052.0,0,76053.0,0,76053.0,0,76053.0,1,76053.0,0,76054.0,1,76054.0,0,76055.0,0,76055.0,0,76055.0,1,76055.0,0,76056.0,1,76056.0,0,76057.0,0,76057.0,0,76057.0,1,76057.0,1,76058.0,1,76059.0,0,76060.0,0,76060.0,0,76060.0,1,76060.0,1,76061.0,1,76062.0,0,76063.0,0,76063.0,0,76063.0
1044,6329724_3_hdt,1,76063.0,1,76064.0,1,76065.0,0,76066.0,0,76066.0,0,76066.0,1,76066.0,0,76067.0,1,76067.0,0,76068.0,0,76068.0,0,76068.0,1,76068.0,0,76069.0,1,76069.0,0,76070.0,0,76070.0,0,76070.0,1,76070.0,1,76071.0,1,76072.0,0,76073.0,0,76073.0,0,76073.0,1,76073.0,1,76074.0,1,76075.0,0,76076.0,0,76076.0,0,76076.0
1045,7192967_25_hdt,2,76076.0,2,76078.0,2,76080.0,0,76082.0,0,76082.0,0,76082.0,2,76082.0,0,76084.0,2,76084.0,0,76086.0,0,76086.0,0,76086.0,2,76086.0,0,76088.0,2,76088.0,0,76090.0,0,76090.0,0,76090.0,2,76090.0,2,76092.0,2,76094.0,0,76096.0,0,76096.0,0,76096.0,2,76096.0,2,76098.0,2,76100.0,0,76102.0,0,76102.0,0,76102.0
1046,7359966_41_hdt,1,76102.0,1,76103.0,1,76104.0,0,76105.0,0,76105.0,0,76105.0,1,76105.0,0,76106.0,1,76106.0,0,76107.0,0,76107.0,0,76107.0,1,76107.0,0,76108.0,1,76108.0,0,76109.0,0,76109.0,0,76109.0,1,76109.0,1,76110.0,1,76111.0,0,76112.0,0,76112.0,0,76112.0,1,76112.0,1,76113.0,1,76114.0,0,76115.0,0,76115.0,0,76115.0
1047,6312757_4_hdt,2,76115.0,2,76117.0,2,76119.0,0,76121.0,0,76121.0,0,76121.0,2,76121.0,0,76123.0,2,76123.0,0,76125.0,0,76125.0,0,76125.0,2,76125.0,0,76127.0,2,76127.0,0,76129.0,0,76129.0,0,76129.0,2,76129.0,2,76131.0,2,76133.0,0,76135.0,0,76135.0,0,76135.0,2,76135.0,2,76137.0,2,76139.0,0,76141.0,0,76141.0,0,76141.0
1048,7360029_31_hdt,1,76141.0,1,76142.0,1,76143.0,0,76144.0,0,76144.0,0,76144.0,1,76144.0,0,76145.0,1,76145.0,0,76146.0,0,76146.0,0,76146.0,1,76146.0,0,76147.0,1,76147.0,0,76148.0,0,76148.0,0,76148.0,1,76148.0,1,76149.0,1,76150.0,0,76151.0,0,76151.0,0,76151.0,1,76151.0,1,76152.0,1,76153.0,0,76154.0,0,76154.0,0,76154.0
1049,6440067_1_hdt,1,76154.0,1,76155.0,1,76156.0,0,76157.0,0,76157.0,0,76157.0,1,76157.0,0,76158.0,1,76158.0,0,76159.0,0,76159.0,0,76159.0,1,76159.0,0,76160.0,1,76160.0,0,76161.0,0,76161.0,0,76161.0,1,76161.0,1,76162.0,1,76163.0,0,76164.0,0,76164.0,0,76164.0,1,76164.0,1,76165.0,1,76166.0,0,76167.0,0,76167.0,0,76167.0
1050,6443072_3_hdt,2,76167.0,2,76169.0,2,76171.0,0,76173.0,0,76173.0,0,76173.0,2,76173.0,0,76175.0,2,76175.0,0,76177.0,0,76177.0,0,76177.0,2,76177.0,0,76179.0,2,76179.0,0,76181.0,0,76181.0,0,76181.0,2,76181.0,2,76183.0,2,76185.0,0,76187.0,0,76187.0,0,76187.0,2,76187.0,2,76189.0,2,76191.0,0,76193.0,0,76193.0,0,76193.0
1051,6444410_5_hdt,1,76193.0,1,76194.0,1,76195.0,0,76196.0,0,76196.0,0,76196.0,1,76196.0,0,76197.0,1,76197.0,0,76198.0,0,76198.0,0,76198.0,1,76198.0,0,76199.0,1,76199.0,0,76200.0,0,76200.0,0,76200.0,1,76200.0,1,76201.0,1,76202.0,0,76203.0,0,76203.0,0,76203.0,1,76203.0,1,76204.0,1,76205.0,0,76206.0,0,76206.0,0,76206.0
1052,7374158_11_hdt,4,76206.0,4,76210.0,4,76214.0,0,76218.0,0,76218.0,0,76218.0,4,76218.0,0,76222.0,4,76222.0,0,76226.0,0,76226.0,0,76226.0,4,76226.0,0,76230.0,4,76230.0,0,76234.0,0,76234.0,0,76234.0,4,76234.0,4,76238.0,4,76242.0,0,76246.0,0,76246.0,0,76246.0,4,76246.0,4,76250.0,4,76254.0,0,76258.0,0,76258.0,0,76258.0
1053,7374158_26_hdt,2,76258.0,2,76260.0,2,76262.0,0,76264.0,0,76264.0,0,76264.0,2,76264.0,0,76266.0,2,76266.0,0,76268.0,0,76268.0,0,76268.0,2,76268.0,0,76270.0,2,76270.0,0,76272.0,0,76272.0,0,76272.0,2,76272.0,2,76274.0,2,76276.0,0,76278.0,0,76278.0,0,76278.0,2,76278.0,2,76280.0,2,76282.0,0,76284.0,0,76284.0,0,76284.0
1054,7374158_1_hdt,8,76284.0,8,76292.0,8,76300.0,0,76308.0,0,76308.0,0,76308.0,8,76308.0,0,76316.0,8,76316.0,0,76324.0,0,76324.0,0,76324.0,8,76324.0,0,76332.0,8,76332.0,0,76340.0,0,76340.0,0,76340.0,8,76340.0,8,76348.0,8,76356.0,0,76364.0,0,76364.0,0,76364.0,8,76364.0,8,76372.0,8,76380.0,0,76388.0,0,76388.0,0,76388.0
1055,6443950_1_hdt,1,76388.0,1,76389.0,1,76390.0,0,76391.0,0,76391.0,0,76391.0,1,76391.0,0,76392.0,1,76392.0,0,76393.0,0,76393.0,0,76393.0,1,76393.0,0,76394.0,1,76394.0,0,76395.0,0,76395.0,0,76395.0,1,76395.0,1,76396.0,1,76397.0,0,76398.0,0,76398.0,0,76398.0,1,76398.0,1,76399.0,1,76400.0,0,76401.0,0,76401.0,0,76401.0
1056,7374297_16_hdt,2,76401.0,2,76403.0,2,76405.0,0,76407.0,0,76407.0,0,76407.0,2,76407.0,0,76409.0,2,76409.0,0,76411.0,0,76411.0,0,76411.0,2,76411.0,0,76413.0,2,76413.0,0,76415.0,0,76415.0,0,76415.0,2,76415.0,2,76417.0,2,76419.0,0,76421.0,0,76421.0,0,76421.0,2,76421.0,2,76423.0,2,76425.0,0,76427.0,0,76427.0,0,76427.0
1057,6444413_3_hdt,1,76427.0,1,76428.0,1,76429.0,0,76430.0,0,76430.0,0,76430.0,1,76430.0,0,76431.0,1,76431.0,0,76432.0,0,76432.0,0,76432.0,1,76432.0,0,76433.0,1,76433.0,0,76434.0,0,76434.0,0,76434.0,1,76434.0,1,76435.0,1,76436.0,0,76437.0,0,76437.0,0,76437.0,1,76437.0,1,76438.0,1,76439.0,0,76440.0,0,76440.0,0,76440.0
1058,6307967_4_hdt,2,76440.0,2,76442.0,2,76444.0,0,76446.0,0,76446.0,0,76446.0,2,76446.0,0,76448.0,2,76448.0,0,76450.0,0,76450.0,0,76450.0,2,76450.0,0,76452.0,2,76452.0,0,76454.0,0,76454.0,0,76454.0,2,76454.0,2,76456.0,2,76458.0,0,76460.0,0,76460.0,0,76460.0,2,76460.0,2,76462.0,2,76464.0,0,76466.0,0,76466.0,0,76466.0
1059,6306509_1_hdt,1,76466.0,1,76467.0,1,76468.0,0,76469.0,0,76469.0,0,76469.0,1,76469.0,0,76470.0,1,76470.0,0,76471.0,0,76471.0,0,76471.0,1,76471.0,0,76472.0,1,76472.0,0,76473.0,0,76473.0,0,76473.0,1,76473.0,1,76474.0,1,76475.0,0,76476.0,0,76476.0,0,76476.0,1,76476.0,1,76477.0,1,76478.0,0,76479.0,0,76479.0,0,76479.0
1060,7372142_11_hdt,10,76479.0,10,76489.0,10,76499.0,0,76509.0,0,76509.0,0,76509.0,10,76509.0,0,76519.0,10,76519.0,0,76529.0,0,76529.0,0,76529.0,10,76529.0,0,76539.0,10,76539.0,0,76549.0,0,76549.0,0,76549.0,10,76549.0,10,76559.0,10,76569.0,0,76579.0,0,76579.0,0,76579.0,10,76579.0,10,76589.0,10,76599.0,0,76609.0,0,76609.0,0,76609.0
1061,6431984_1_hdt,2,76609.0,2,76611.0,2,76613.0,0,76615.0,0,76615.0,0,76615.0,2,76615.0,0,76617.0,2,76617.0,0,76619.0,0,76619.0,0,76619.0,2,76619.0,0,76621.0,2,76621.0,0,76623.0,0,76623.0,0,76623.0,2,76623.0,2,76625.0,2,76627.0,0,76629.0,0,76629.0,0,76629.0,2,76629.0,2,76631.0,2,76633.0,0,76635.0,0,76635.0,0,76635.0
1062,7374250_6_hdt,2,76635.0,2,76637.0,2,76639.0,0,76641.0,0,76641.0,0,76641.0,2,76641.0,0,76643.0,2,76643.0,0,76645.0,0,76645.0,0,76645.0,2,76645.0,0,76647.0,2,76647.0,0,76649.0,0,76649.0,0,76649.0,2,76649.0,2,76651.0,2,76653.0,0,76655.0,0,76655.0,0,76655.0,2,76655.0,2,76657.0,2,76659.0,0,76661.0,0,76661.0,0,76661.0
1063,6385696_1_hdt,1,76661.0,1,76662.0,1,76663.0,0,76664.0,0,76664.0,0,76664.0,1,76664.0,0,76665.0,1,76665.0,0,76666.0,0,76666.0,0,76666.0,1,76666.0,0,76667.0,1,76667.0,0,76668.0,0,76668.0,0,76668.0,1,76668.0,1,76669.0,1,76670.0,0,76671.0,0,76671.0,0,76671.0,1,76671.0,1,76672.0,1,76673.0,0,76674.0,0,76674.0,0,76674.0
1064,8371046_1_hdt,1,76674.0,1,76675.0,1,76676.0,0,76677.0,0,76677.0,0,76677.0,1,76677.0,0,76678.0,1,76678.0,0,76679.0,0,76679.0,0,76679.0,1,76679.0,0,76680.0,1,76680.0,0,76681.0,0,76681.0,0,76681.0,1,76681.0,1,76682.0,1,76683.0,0,76684.0,0,76684.0,0,76684.0,1,76684.0,1,76685.0,1,76686.0,0,76687.0,0,76687.0,0,76687.0
1065,5023890_1_hdt,1,76687.0,1,76688.0,1,76689.0,0,76690.0,0,76690.0,0,76690.0,1,76690.0,0,76691.0,1,76691.0,0,76692.0,0,76692.0,0,76692.0,1,76692.0,0,76693.0,1,76693.0,0,76694.0,0,76694.0,0,76694.0,1,76694.0,1,76695.0,1,76696.0,0,76697.0,0,76697.0,0,76697.0,1,76697.0,1,76698.0,1,76699.0,0,76700.0,0,76700.0,0,76700.0
1066,6301577_1_hdt,3,76700.0,3,76703.0,3,76706.0,0,76709.0,0,76709.0,0,76709.0,3,76709.0,0,76712.0,3,76712.0,0,76715.0,0,76715.0,0,76715.0,3,76715.0,0,76718.0,3,76718.0,0,76721.0,0,76721.0,0,76721.0,3,76721.0,3,76724.0,3,76727.0,0,76730.0,0,76730.0,0,76730.0,3,76730.0,3,76733.0,3,76736.0,0,76739.0,0,76739.0,0,76739.0
1067,7192587_19_hdt,1,76739.0,1,76740.0,1,76741.0,0,76742.0,0,76742.0,0,76742.0,1,76742.0,0,76743.0,1,76743.0,0,76744.0,0,76744.0,0,76744.0,1,76744.0,0,76745.0,1,76745.0,0,76746.0,0,76746.0,0,76746.0,1,76746.0,1,76747.0,1,76748.0,0,76749.0,0,76749.0,0,76749.0,1,76749.0,1,76750.0,1,76751.0,0,76752.0,0,76752.0,0,76752.0
1068,8371136_6_hdt,5,76752.0,5,76757.0,5,76762.0,0,76767.0,0,76767.0,0,76767.0,5,76767.0,0,76772.0,5,76772.0,0,76777.0,0,76777.0,0,76777.0,5,76777.0,0,76782.0,5,76782.0,0,76787.0,0,76787.0,0,76787.0,5,76787.0,5,76792.0,5,76797.0,0,76802.0,0,76802.0,0,76802.0,5,76802.0,5,76807.0,5,76812.0,0,76817.0,0,76817.0,0,76817.0
1069,7358569_6_hdt,2,76817.0,2,76819.0,2,76821.0,0,76823.0,0,76823.0,0,76823.0,2,76823.0,0,76825.0,2,76825.0,0,76827.0,0,76827.0,0,76827.0,2,76827.0,0,76829.0,2,76829.0,0,76831.0,0,76831.0,0,76831.0,2,76831.0,2,76833.0,2,76835.0,0,76837.0,0,76837.0,0,76837.0,2,76837.0,2,76839.0,2,76841.0,0,76843.0,0,76843.0,0,76843.0
1070,7373762_1_hdt,1,76843.0,1,76844.0,1,76845.0,0,76846.0,0,76846.0,0,76846.0,1,76846.0,0,76847.0,1,76847.0,0,76848.0,0,76848.0,0,76848.0,1,76848.0,0,76849.0,1,76849.0,0,76850.0,0,76850.0,0,76850.0,1,76850.0,1,76851.0,1,76852.0,0,76853.0,0,76853.0,0,76853.0,1,76853.0,1,76854.0,1,76855.0,0,76856.0,0,76856.0,0,76856.0
1071,6444658_2_hdt,1,76856.0,1,76857.0,1,76858.0,0,76859.0,0,76859.0,0,76859.0,1,76859.0,0,76860.0,1,76860.0,0,76861.0,0,76861.0,0,76861.0,1,76861.0,0,76862.0,1,76862.0,0,76863.0,0,76863.0,0,76863.0,1,76863.0,1,76864.0,1,76865.0,0,76866.0,0,76866.0,0,76866.0,1,76866.0,1,76867.0,1,76868.0,0,76869.0,0,76869.0,0,76869.0
1072,6443703_4_hdt,5,76869.0,5,76874.0,5,76879.0,0,76884.0,0,76884.0,0,76884.0,5,76884.0,0,76889.0,5,76889.0,0,76894.0,0,76894.0,0,76894.0,5,76894.0,0,76899.0,5,76899.0,0,76904.0,0,76904.0,0,76904.0,5,76904.0,5,76909.0,5,76914.0,0,76919.0,0,76919.0,0,76919.0,5,76919.0,5,76924.0,5,76929.0,0,76934.0,0,76934.0,0,76934.0
1073,7358704_6_hdt,10,76934.0,10,76944.0,10,76954.0,0,76964.0,0,76964.0,0,76964.0,10,76964.0,0,76974.0,10,76974.0,0,76984.0,0,76984.0,0,76984.0,10,76984.0,0,76994.0,10,76994.0,0,77004.0,0,77004.0,0,77004.0,10,77004.0,10,77014.0,10,77024.0,0,77034.0,0,77034.0,0,77034.0,10,77034.0,10,77044.0,10,77054.0,0,77064.0,0,77064.0,0,77064.0
1074,5029267_2_hdt,1,77064.0,1,77065.0,1,77066.0,0,77067.0,0,77067.0,0,77067.0,1,77067.0,0,77068.0,1,77068.0,0,77069.0,0,77069.0,0,77069.0,1,77069.0,0,77070.0,1,77070.0,0,77071.0,0,77071.0,0,77071.0,1,77071.0,1,77072.0,1,77073.0,0,77074.0,0,77074.0,0,77074.0,1,77074.0,1,77075.0,1,77076.0,0,77077.0,0,77077.0,0,77077.0
1075,6300903_1_hdt,2,77077.0,2,77079.0,2,77081.0,0,77083.0,0,77083.0,0,77083.0,2,77083.0,0,77085.0,2,77085.0,0,77087.0,0,77087.0,0,77087.0,2,77087.0,0,77089.0,2,77089.0,0,77091.0,0,77091.0,0,77091.0,2,77091.0,2,77093.0,2,77095.0,0,77097.0,0,77097.0,0,77097.0,2,77097.0,2,77099.0,2,77101.0,0,77103.0,0,77103.0,0,77103.0
1076,5017458_2_hdt,1,77103.0,1,77104.0,1,77105.0,0,77106.0,0,77106.0,0,77106.0,1,77106.0,0,77107.0,1,77107.0,0,77108.0,0,77108.0,0,77108.0,1,77108.0,0,77109.0,1,77109.0,0,77110.0,0,77110.0,0,77110.0,1,77110.0,1,77111.0,1,77112.0,0,77113.0,0,77113.0,0,77113.0,1,77113.0,1,77114.0,1,77115.0,0,77116.0,0,77116.0,0,77116.0
1077,5029143_2_hdt,1,77116.0,1,77117.0,1,77118.0,0,77119.0,0,77119.0,0,77119.0,1,77119.0,0,77120.0,1,77120.0,0,77121.0,0,77121.0,0,77121.0,1,77121.0,0,77122.0,1,77122.0,0,77123.0,0,77123.0,0,77123.0,1,77123.0,1,77124.0,1,77125.0,0,77126.0,0,77126.0,0,77126.0,1,77126.0,1,77127.0,1,77128.0,0,77129.0,0,77129.0,0,77129.0
1078,4965076_1_hdt,1,77129.0,1,77130.0,1,77131.0,0,77132.0,0,77132.0,0,77132.0,1,77132.0,0,77133.0,1,77133.0,0,77134.0,0,77134.0,0,77134.0,1,77134.0,0,77135.0,1,77135.0,0,77136.0,0,77136.0,0,77136.0,1,77136.0,1,77137.0,1,77138.0,0,77139.0,0,77139.0,0,77139.0,1,77139.0,1,77140.0,1,77141.0,0,77142.0,0,77142.0,0,77142.0
1079,5029139_3_hdt,1,77142.0,1,77143.0,1,77144.0,0,77145.0,0,77145.0,0,77145.0,1,77145.0,0,77146.0,1,77146.0,0,77147.0,0,77147.0,0,77147.0,1,77147.0,0,77148.0,1,77148.0,0,77149.0,0,77149.0,0,77149.0,1,77149.0,1,77150.0,1,77151.0,0,77152.0,0,77152.0,0,77152.0,1,77152.0,1,77153.0,1,77154.0,0,77155.0,0,77155.0,0,77155.0
1080,7195121_11_hdt,1,77155.0,1,77156.0,1,77157.0,0,77158.0,0,77158.0,0,77158.0,1,77158.0,0,77159.0,1,77159.0,0,77160.0,0,77160.0,0,77160.0,1,77160.0,0,77161.0,1,77161.0,0,77162.0,0,77162.0,0,77162.0,1,77162.0,1,77163.0,1,77164.0,0,77165.0,0,77165.0,0,77165.0,1,77165.0,1,77166.0,1,77167.0,0,77168.0,0,77168.0,0,77168.0
1081,7374093_6_hdt,2,77168.0,2,77170.0,2,77172.0,0,77174.0,0,77174.0,0,77174.0,2,77174.0,0,77176.0,2,77176.0,0,77178.0,0,77178.0,0,77178.0,2,77178.0,0,77180.0,2,77180.0,0,77182.0,0,77182.0,0,77182.0,2,77182.0,2,77184.0,2,77186.0,0,77188.0,0,77188.0,0,77188.0,2,77188.0,2,77190.0,2,77192.0,0,77194.0,0,77194.0,0,77194.0
